player_id,market_value_eur,log_market_value,age,age_squared,prime_age_flag,height,minutes_played,minutes_per_game_proxy,days_missed,injury_risk_score,is_injury_prone,is_left_footed,position_group,position_clean,age_scaled,age_squared_scaled,height_scaled,minutes_played_scaled,minutes_per_game_proxy_scaled,days_missed_scaled,injury_risk_score_scaled
293257,1500000.0,14.220976332738882,27,729,1,0.0,2970.0,78.16,87.0,0.0536,1,0,GK,Goalkeeper,0.19374046686533647,0.08906862622597374,-4.000584387578824,-0.010845776115990044,-0.010810194501119882,1.098611704989169,1.0976040536618477
614506,25000.0,10.12667110305036,22,484,1,189.0,900.0,23.68,0.0,0.0,0,0,GK,Goalkeeper,-0.7343879476989733,-0.742252973283055,0.2278938727194213,-0.9976408628621855,-0.9977208723530113,-0.3887432632188414,-0.3887145651254728
955873,100000.0,11.51293546492023,19,361,0,185.0,1530.0,40.26,0.0,0.0,0,0,GK,Goalkeeper,-1.291264996437559,-1.159610347730445,0.13840226932686586,-0.6973119234176912,-0.6973725052681295,-0.3887432632188414,-0.3887145651254728
819383,75000.0,11.225256725762893,18,324,0,188.0,2520.0,66.32,0.0,0.0,0,0,GK,Goalkeeper,-1.476890679350421,-1.285156875003237,0.20552097187128243,-0.22536644714777165,-0.2252929849887557,-0.3887432632188414,-0.3887145651254728
369523,50000.0,10.819798284210286,25,625,1,189.0,2283.0,60.08,0.0,0.0,0,0,GK,Goalkeeper,-0.17751089896038744,-0.26381890989214457,0.2278938727194213,-0.33834733389117666,-0.33833121240791497,-0.3887432632188414,-0.3887145651254728
567148,50000.0,10.819798284210286,22,484,1,191.0,4546.0,119.63,0.0,0.0,0,0,GK,Goalkeeper,-0.7343879476989733,-0.742252973283055,0.27263967441569903,0.7404532850975385,0.7404230252220435,-0.3887432632188414,-0.3887145651254728
609881,250000.0,12.429220196836383,21,441,1,188.0,4035.0,106.18,176.0,0.1085,1,0,GK,Goalkeeper,-0.9200136306118352,-0.8881583968703538,0.20552097187128243,0.4968531453258931,0.49677492285222097,2.6201587414318466,2.619971444919756
316306,200000.0,12.206077645517674,24,576,1,188.0,6448.0,169.68,0.0,0.0,0,0,GK,Goalkeeper,-0.3631365818732494,-0.4300832297939503,0.20552097187128243,1.6471606546585353,1.6470838076465513,-0.3887432632188414,-0.3887145651254728
719677,50000.0,10.819798284210286,20,400,0,191.0,1351.0,35.55,0.0,0.0,0,1,GK,Goalkeeper,-1.1056393135246971,-1.0272775216861505,0.27263967441569903,-0.782643479228111,-0.7826946288489374,-0.3887432632188414,-0.3887145651254728
594993,100000.0,11.51293546492023,26,676,1,189.0,1650.0,43.42,0.0,0.0,0,1,GK,Goalkeeper,0.008114783952474518,-0.09076829121883655,0.2278938727194213,-0.6401064111425494,-0.640128787536632,-0.3887432632188414,-0.3887145651254728
1142175,25000.0,10.12667110305036,18,324,0,184.0,1530.0,40.26,0.0,0.0,0,0,GK,Goalkeeper,-1.476890679350421,-1.285156875003237,0.116029368478727,-0.6973119234176912,-0.6973725052681295,-0.3887432632188414,-0.3887145651254728
830573,25000.0,10.12667110305036,19,361,0,193.0,315.0,8.29,0.0,0.0,0,0,GK,Goalkeeper,-1.291264996437559,-1.159610347730445,0.31738547611197676,-1.2765177352035015,-1.2765122697858418,-0.3887432632188414,-0.3887145651254728
395075,75000.0,11.225256725762893,25,625,1,188.0,2390.0,62.89,0.0,0.0,0,0,GK,Goalkeeper,-0.17751089896038744,-0.26381890989214457,0.20552097187128243,-0.2873390854458419,-0.28742777986819734,-0.3887432632188414,-0.3887145651254728
992911,100000.0,11.51293546492023,22,484,1,188.0,1162.0,30.58,0.0,0.0,0,0,GK,Goalkeeper,-0.7343879476989733,-0.742252973283055,0.20552097187128243,-0.8727421610614593,-0.8727266785722101,-0.3887432632188414,-0.3887145651254728
547889,50000.0,10.819798284210286,23,529,1,189.0,1395.0,36.71,0.0,0.0,0,0,GK,Goalkeeper,-0.5487622647861113,-0.5895612509242537,0.2278938727194213,-0.7616681247272257,-0.7616811122133244,-0.3887432632188414,-0.3887145651254728
1048462,25000.0,10.12667110305036,21,441,1,195.0,2250.0,59.21,0.0,0.0,0,0,GK,Goalkeeper,-0.9200136306118352,-0.8881583968703538,0.3621312778082545,-0.3540788497668406,-0.35409134988462465,-0.3887432632188414,-0.3887145651254728
848875,1000000.0,13.815511557963774,20,400,0,190.0,3150.0,82.89,0.0,0.0,0,0,GK,Goalkeeper,-1.1056393135246971,-1.0272775216861505,0.25026677356756016,0.0749624922967226,0.07487423109064684,-0.3887432632188414,-0.3887145651254728
388067,325000.0,12.691583538230217,25,625,1,192.0,2158.0,56.79,117.0,0.0721,1,0,GK,Goalkeeper,-0.17751089896038744,-0.26381890989214457,0.2950125752638379,-0.3979364091777826,-0.3979298932106448,1.6114927285091727,1.6106058157432923
276885,125000.0,11.736077016252437,27,729,1,197.0,180.0,4.74,0.0,0.0,0,0,GK,Goalkeeper,0.19374046686533647,0.08906862622597374,0.4068770795045322,-1.340873936513036,-1.3408208767310368,-0.3887432632188414,-0.3887145651254728
1055833,100000.0,11.51293546492023,21,441,1,186.0,41.0,1.08,0.0,0.0,0,0,GK,Goalkeeper,-0.9200136306118352,-0.8881583968703538,0.16077517017500473,-1.407136988231742,-1.4071221447365052,-0.3887432632188414,-0.3887145651254728
731466,500000.0,13.122365377402328,21,441,1,189.0,5190.0,136.58,0.0,0.0,0,0,GK,Goalkeeper,-0.9200136306118352,-0.8881583968703538,0.2278938727194213,1.0474562009741326,1.0474739795096641,-0.3887432632188414,-0.3887145651254728
503880,100000.0,11.51293546492023,24,576,1,188.0,1110.0,29.21,0.0,0.0,0,1,GK,Goalkeeper,-0.3631365818732494,-0.4300832297939503,0.20552097187128243,-0.8975312163806873,-0.8975443663228909,-0.3887432632188414,-0.3887145651254728
587903,25000.0,10.12667110305036,26,676,1,187.0,4278.0,112.58,0.0,0.0,0,0,GK,Goalkeeper,0.008114783952474518,-0.09076829121883655,0.18314807102314357,0.6126943076830552,0.612711566359051,-0.3887432632188414,-0.3887145651254728
869953,50000.0,10.819798284210286,22,484,1,187.0,857.0,22.55,0.0,0.0,0,0,GK,Goalkeeper,-0.7343879476989733,-0.742252973283055,0.18314807102314357,-1.018139504760778,-1.0181909359721861,-0.3887432632188414,-0.3887145651254728
989970,25000.0,10.12667110305036,19,361,0,0.0,180.0,4.74,0.0,0.0,0,0,GK,Goalkeeper,-1.291264996437559,-1.159610347730445,-4.000584387578824,-1.340873936513036,-1.3408208767310368,-0.3887432632188414,-0.3887145651254728
477344,100000.0,11.51293546492023,23,529,1,192.0,2293.0,60.34,0.0,0.0,0,0,GK,Goalkeeper,-0.5487622647861113,-0.5895612509242537,0.2950125752638379,-0.33358020786824816,-0.3336212862654499,-0.3887432632188414,-0.3887145651254728
967624,75000.0,11.225256725762893,20,400,0,188.0,1526.0,40.16,0.0,0.0,0,0,GK,Goalkeeper,-1.1056393135246971,-1.0272775216861505,0.20552097187128243,-0.6992187738268626,-0.6991840153229237,-0.3887432632188414,-0.3887145651254728
165794,250000.0,12.429220196836383,29,841,0,185.0,2146.0,56.47,75.0,0.0462,1,0,GK,Goalkeeper,0.5649918326910603,0.4691013574301011,0.13840226932686586,-0.4036569604052968,-0.4037267253859863,0.8934592955811678,0.8924033488292697
417913,2500000.0,14.731801689838349,27,729,1,191.0,3264.0,85.89,0.0,0.0,0,0,GK,Goalkeeper,0.19374046686533647,0.08906862622597374,0.27263967441569903,0.12930772895810727,0.12921953273447345,-0.3887432632188414,-0.3887145651254728
265454,250000.0,12.429220196836383,28,784,0,194.0,3768.0,99.16,0.0,0.0,0,0,GK,Goalkeeper,0.37936614977819844,0.2756918424422863,0.3397583769601156,0.3695708805137027,0.3696069170056665,-0.3887432632188414,-0.3887145651254728
170279,175000.0,12.07254696717504,31,961,0,187.0,2160.0,56.84,0.0,0.0,0,0,GK,Goalkeeper,0.9362431985167843,0.8762792837202377,0.18314807102314357,-0.3969829839731969,-0.3970241381832476,-0.3887432632188414,-0.3887145651254728
141704,150000.0,11.918397239722838,38,1444,0,190.0,360.0,9.47,24.0,0.0148,0,0,GK,Goalkeeper,2.235622978906818,2.5151704370380368,0.25026677356756016,-1.2550656681003234,-1.2551364511392702,0.02156155559716153,0.02168684453968288
156384,50000.0,10.819798284210286,36,1296,0,182.0,300.0,7.89,0.0,0.0,0,0,GK,Goalkeeper,1.864371613081094,2.0129843279468687,0.07128356678244926,-1.2836684242378942,-1.2837583100050187,-0.3887432632188414,-0.3887145651254728
64344,75000.0,11.225256725762893,33,1089,0,186.0,2820.0,74.21,0.0,0.0,0,0,GK,Goalkeeper,1.3074945643425082,1.3106024050963831,0.16077517017500473,-0.08235266645991725,-0.08236484166549166,-0.3887432632188414,-0.3887145651254728
555706,75000.0,11.225256725762893,25,625,1,194.0,675.0,17.76,0.0,0.0,0,0,GK,Goalkeeper,-0.17751089896038744,-0.26381890989214457,0.3397583769601156,-1.1049011983780763,-1.1049622675968291,-0.3887432632188414,-0.3887145651254728
98547,200000.0,12.206077645517674,34,1156,0,192.0,540.0,14.21,0.0,0.0,0,0,GK,Goalkeeper,1.4931202472553702,1.5379434139417094,0.2950125752638379,-1.1692573996876108,-1.1692708745420242,-0.3887432632188414,-0.3887145651254728
171170,125000.0,11.736077016252437,31,961,0,185.0,2285.0,60.13,0.0,0.0,0,0,GK,Goalkeeper,0.9362431985167843,0.8762792837202377,0.13840226932686586,-0.3373939086865909,-0.33742545738051777,-0.3887432632188414,-0.3887145651254728
405673,50000.0,10.819798284210286,23,529,1,182.0,180.0,4.74,15.0,0.0092,0,1,GK,Goalkeeper,-0.5487622647861113,-0.5895612509242537,0.07128356678244926,-1.340873936513036,-1.3408208767310368,-0.13230275145883957,-0.1336001753336193
401161,175000.0,12.07254696717504,23,529,1,190.0,3420.0,90.0,0.0,0.0,0,0,GK,Goalkeeper,-0.5487622647861113,-0.5895612509242537,0.25026677356756016,0.20367489491579158,0.2036725959865159,-0.3887432632188414,-0.3887145651254728
44062,200000.0,12.206077645517674,37,1369,0,190.0,2520.0,66.32,123.0,0.0758,1,1,GK,Goalkeeper,2.049997295993956,2.260684233106702,0.25026677356756016,-0.22536644714777165,-0.2252929849887557,1.7140689332131733,1.7132061681595814
637549,50000.0,10.819798284210286,20,400,0,194.0,419.0,11.03,0.0,0.0,0,0,GK,Goalkeeper,-1.1056393135246971,-1.0272775216861505,0.3397583769601156,-1.2269396245650455,-1.2268768942844803,-0.3887432632188414,-0.3887145651254728
342202,75000.0,11.225256725762893,26,676,1,186.0,540.0,14.21,0.0,0.0,0,0,GK,Goalkeeper,0.008114783952474518,-0.09076829121883655,0.16077517017500473,-1.1692573996876108,-1.1692708745420242,-0.3887432632188414,-0.3887145651254728
857484,50000.0,10.819798284210286,20,400,0,190.0,1485.0,39.08,0.0,0.0,0,0,GK,Goalkeeper,-1.1056393135246971,-1.0272775216861505,0.25026677356756016,-0.7187639905208694,-0.7187483239147013,-0.3887432632188414,-0.3887145651254728
570245,250000.0,12.429220196836383,28,784,0,190.0,2838.0,74.68,0.0,0.0,0,0,GK,Goalkeeper,0.37936614977819844,0.2756918424422863,0.25026677356756016,-0.07377183961864599,-0.07385074440795858,-0.3887432632188414,-0.3887145651254728
343055,150000.0,11.918397239722838,25,625,1,187.0,720.0,18.95,0.0,0.0,0,1,GK,Goalkeeper,-0.17751089896038744,-0.26381890989214457,0.18314807102314357,-1.0834491312748982,-1.083405297944778,-0.3887432632188414,-0.3887145651254728
429927,50000.0,10.819798284210286,24,576,1,186.0,161.0,4.24,0.0,0.0,0,0,GK,Goalkeeper,-0.3631365818732494,-0.4300832297939503,0.16077517017500473,-1.3499314759566001,-1.349878427005008,-0.3887432632188414,-0.3887145651254728
1065144,50000.0,10.819798284210286,19,361,0,0.0,1976.0,52.0,0.0,0.0,0,0,GK,Goalkeeper,-1.291264996437559,-1.159610347730445,-4.000584387578824,-0.48469810279508097,-0.484701224835288,-0.3887432632188414,-0.3887145651254728
961054,400000.0,12.899222326086994,18,324,0,195.0,1890.0,49.74,0.0,0.0,0,0,GK,Goalkeeper,-1.476890679350421,-1.285156875003237,0.3621312778082545,-0.5256953865922659,-0.5256413520736374,-0.3887432632188414,-0.3887145651254728
1073654,400000.0,12.899222326086994,18,324,0,0.0,2160.0,56.84,0.0,0.0,0,1,GK,Goalkeeper,-1.476890679350421,-1.285156875003237,-4.000584387578824,-0.3969829839731969,-0.3970241381832476,-0.3887432632188414,-0.3887145651254728
529425,600000.0,13.304686600863562,24,576,1,195.0,3000.0,78.95,0.0,0.0,0,0,GK,Goalkeeper,-0.3631365818732494,-0.4300832297939503,0.3621312778082545,0.0034556019527953977,0.0035007349317545747,-0.3887432632188414,-0.3887145651254728
547960,200000.0,12.206077645517674,21,441,1,183.0,1350.0,35.53,0.0,0.0,0,0,GK,Goalkeeper,-0.9200136306118352,-0.8881583968703538,0.09365646763058813,-0.7831201918304038,-0.7830569308598961,-0.3887432632188414,-0.3887145651254728
666975,150000.0,11.918397239722838,22,484,1,185.0,2010.0,52.89,0.0,0.0,0,0,GK,Goalkeeper,-0.7343879476989733,-0.742252973283055,0.13840226932686586,-0.46848987431712413,-0.46857878534761943,-0.3887432632188414,-0.3887145651254728
140783,100000.0,11.51293546492023,32,1024,0,183.0,3090.0,81.32,0.0,0.0,0,0,GK,Goalkeeper,1.1218688814296462,1.0900476950225593,0.09365646763058813,0.04635973615915172,0.04643352323037743,-0.3887432632188414,-0.3887145651254728
1061159,100000.0,11.51293546492023,18,324,0,0.0,315.0,8.29,0.0,0.0,0,0,GK,Goalkeeper,-1.476890679350421,-1.285156875003237,-4.000584387578824,-1.2765177352035015,-1.2765122697858418,-0.3887432632188414,-0.3887145651254728
624342,150000.0,11.918397239722838,21,441,1,190.0,1335.0,35.13,0.0,0.0,0,0,GK,Goalkeeper,-0.9200136306118352,-0.8881583968703538,0.25026677356756016,-0.7902708808647966,-0.790302971079073,-0.3887432632188414,-0.3887145651254728
289553,400000.0,12.899222326086994,28,784,0,182.0,4860.0,127.89,0.0,0.0,0,0,GK,Goalkeeper,0.37936614977819844,0.2756918424422863,0.07128356678244926,0.8901410422174927,0.8900537557480462,-0.3887432632188414,-0.3887145651254728
289640,150000.0,11.918397239722838,26,676,1,186.0,2520.0,66.32,0.0,0.0,0,1,GK,Goalkeeper,0.008114783952474518,-0.09076829121883655,0.16077517017500473,-0.22536644714777165,-0.2252929849887557,-0.3887432632188414,-0.3887145651254728
688246,100000.0,11.51293546492023,23,529,1,194.0,532.0,14.0,0.0,0.0,0,1,GK,Goalkeeper,-0.5487622647861113,-0.5895612509242537,0.3397583769601156,-1.1730711005059535,-1.173075045657092,-0.3887432632188414,-0.3887145651254728
400849,150000.0,11.918397239722838,25,625,1,190.0,2564.0,67.47,0.0,0.0,0,0,GK,Goalkeeper,-0.17751089896038744,-0.26381890989214457,0.25026677356756016,-0.20439109264688635,-0.20446061935862203,-0.3887432632188414,-0.3887145651254728
654919,500000.0,13.122365377402328,20,400,0,194.0,3204.0,84.32,0.0,0.0,0,0,GK,Goalkeeper,-1.1056393135246971,-1.0272775216861505,0.3397583769601156,0.10070497282053639,0.10077882487420406,-0.3887432632188414,-0.3887145651254728
655019,200000.0,12.206077645517674,20,400,0,189.0,1537.0,40.45,122.0,0.0752,1,0,GK,Goalkeeper,-1.1056393135246971,-1.0272775216861505,0.2278938727194213,-0.6939749352016412,-0.6939306361640204,1.69697289909584,1.6965682731731562
618463,250000.0,12.429220196836383,23,529,1,194.0,3676.0,96.74,0.0,0.0,0,0,GK,Goalkeeper,-0.5487622647861113,-0.5895612509242537,0.3397583769601156,0.3257133211027607,0.3257683736796463,-0.3887432632188414,-0.3887145651254728
934299,50000.0,10.819798284210286,21,441,1,190.0,1212.0,31.89,0.0,0.0,0,0,GK,Goalkeeper,-0.9200136306118352,-0.8881583968703538,0.25026677356756016,-0.8489065309468169,-0.8489958968544058,-0.3887432632188414,-0.3887145651254728
817177,100000.0,11.51293546492023,24,576,1,187.0,3180.0,83.68,0.0,0.0,0,0,GK,Goalkeeper,-0.3631365818732494,-0.4300832297939503,0.18314807102314357,0.08926387036550804,0.0891851605235213,-0.3887432632188414,-0.3887145651254728
289583,250000.0,12.429220196836383,26,676,1,187.0,2156.0,56.74,0.0,0.0,0,0,GK,Goalkeeper,0.008114783952474518,-0.09076829121883655,0.18314807102314357,-0.39888983438236836,-0.39883564823804185,-0.3887432632188414,-0.3887145651254728
129585,250000.0,12.429220196836383,30,900,0,198.0,1006.0,26.47,0.0,0.0,0,0,GK,Goalkeeper,0.7506175156039223,0.6692971711894182,0.4292499803526711,-0.9471093270191435,-0.9471797418242526,-0.3887432632188414,-0.3887145651254728
360338,600000.0,13.304686600863562,26,676,1,187.0,2751.0,72.39,4.0,0.0025,0,0,GK,Goalkeeper,0.008114783952474518,-0.09076829121883655,0.18314807102314357,-0.11524583601812376,-0.11533432466274635,-0.32035912674950756,-0.3193900026820343
981712,100000.0,11.51293546492023,17,289,0,194.0,1350.0,35.53,0.0,0.0,0,0,GK,Goalkeeper,-1.662516362263283,-1.4039171035045268,0.3397583769601156,-0.7831201918304038,-0.7830569308598961,-0.3887432632188414,-0.3887145651254728
988275,100000.0,11.51293546492023,18,324,0,186.0,2430.0,63.95,0.0,0.0,0,0,GK,Goalkeeper,-1.476890679350421,-1.285156875003237,0.16077517017500473,-0.26827058135412796,-0.26822577328737857,-0.3887432632188414,-0.3887145651254728
1113486,50000.0,10.819798284210286,19,361,0,199.0,128.0,3.37,0.0,0.0,0,0,GK,Goalkeeper,-1.291264996437559,-1.159610347730445,0.4516228812008099,-1.365662991832264,-1.3656385644817175,-0.3887432632188414,-0.3887145651254728
338657,300000.0,12.611541086966115,29,841,0,0.0,5130.0,135.0,0.0,0.0,0,1,GK,Goalkeeper,0.5649918326910603,0.4691013574301011,-4.000584387578824,1.0188534448365616,1.0188521206439152,-0.3887432632188414,-0.3887145651254728
338665,400000.0,12.899222326086994,25,625,1,190.0,3720.0,97.89,0.0,0.0,0,0,GK,Goalkeeper,-0.17751089896038744,-0.26381890989214457,0.25026677356756016,0.34668867560364597,0.34660073930977997,-0.3887432632188414,-0.3887145651254728
516948,100000.0,11.51293546492023,26,676,1,185.0,2312.0,60.84,0.0,0.0,0,0,GK,Goalkeeper,0.008114783952474518,-0.09076829121883655,0.13840226932686586,-0.324522668424684,-0.3245637359914788,-0.3887432632188414,-0.3887145651254728
1170226,50000.0,10.819798284210286,18,324,0,0.0,270.0,7.11,0.0,0.0,0,1,GK,Goalkeeper,-1.476890679350421,-1.285156875003237,-4.000584387578824,-1.2979698023066797,-1.2978880884324138,-0.3887432632188414,-0.3887145651254728
159382,150000.0,11.918397239722838,31,961,0,195.0,1620.0,42.63,0.0,0.0,0,0,GK,Goalkeeper,0.9362431985167843,0.8762792837202377,0.3621312778082545,-0.6544077892113349,-0.6544397169695064,-0.3887432632188414,-0.3887145651254728
570784,50000.0,10.819798284210286,21,441,1,0.0,90.0,2.37,0.0,0.0,0,0,GK,Goalkeeper,-0.9200136306118352,-0.8881583968703538,-4.000584387578824,-1.3837780707193923,-1.3837536650296596,-0.3887432632188414,-0.3887145651254728
601556,700000.0,13.45883704259595,25,625,1,192.0,2763.0,72.71,0.0,0.0,0,1,GK,Goalkeeper,-0.17751089896038744,-0.26381890989214457,0.2950125752638379,-0.10952528479060958,-0.10953749248740496,-0.3887432632188414,-0.3887145651254728
59633,100000.0,11.51293546492023,35,1225,0,189.0,3334.0,87.74,0.0,0.0,0,0,GK,Goalkeeper,1.6787459301682321,1.7720707215585378,0.2278938727194213,0.16267761111860662,0.16273246874816644,-0.3887432632188414,-0.3887145651254728
463737,100000.0,11.51293546492023,23,529,1,186.0,1425.0,37.5,0.0,0.0,0,0,GK,Goalkeeper,-0.5487622647861113,-0.5895612509242537,0.16077517017500473,-0.7473667466584403,-0.74737018278045,-0.3887432632188414,-0.3887145651254728
515386,700000.0,13.45883704259595,23,529,1,198.0,5436.0,143.05,0.0,0.0,0,1,GK,Goalkeeper,-0.5487622647861113,-0.5895612509242537,0.4292499803526711,1.1647275011381732,1.1646786800548503,-0.3887432632188414,-0.3887145651254728
511168,200000.0,12.206077645517674,25,625,1,189.0,1170.0,30.79,50.0,0.0308,1,0,GK,Goalkeeper,-0.17751089896038744,-0.26381890989214457,0.2278938727194213,-0.8689284602431165,-0.8689225074571422,0.46605844264783136,0.465364044177689
797461,50000.0,10.819798284210286,21,441,1,189.0,490.0,12.89,0.0,0.0,0,0,GK,Goalkeeper,-0.9200136306118352,-0.8881583968703538,0.2278938727194213,-1.193093029802253,-1.1931828072653077,-0.3887432632188414,-0.3887145651254728
897425,400000.0,12.899222326086994,18,324,0,193.0,3630.0,95.53,6.0,0.0037,0,0,GK,Goalkeeper,-1.476890679350421,-1.285156875003237,0.31738547611197676,0.30378454139728966,0.30384910201663634,-0.28616705851484064,-0.28611421270918386
61694,250000.0,12.429220196836383,34,1156,0,188.0,4828.0,127.05,0.0,0.0,0,0,GK,Goalkeeper,1.4931202472553702,1.5379434139417094,0.20552097187128243,0.8748862389441215,0.8748370712877747,-0.3887432632188414,-0.3887145651254728
590554,50000.0,10.819798284210286,22,484,1,188.0,90.0,2.37,0.0,0.0,0,0,GK,Goalkeeper,-0.7343879476989733,-0.742252973283055,0.20552097187128243,-1.3837780707193923,-1.3837536650296596,-0.3887432632188414,-0.3887145651254728
201623,250000.0,12.429220196836383,30,900,0,196.0,135.0,3.55,0.0,0.0,0,0,GK,Goalkeeper,0.7506175156039223,0.6692971711894182,0.38450417865639336,-1.3623260036162141,-1.362377846383088,-0.3887432632188414,-0.3887145651254728
258970,150000.0,11.918397239722838,28,784,0,191.0,90.0,2.37,0.0,0.0,0,0,GK,Goalkeeper,0.37936614977819844,0.2756918424422863,0.27263967441569903,-1.3837780707193923,-1.3837536650296596,-0.3887432632188414,-0.3887145651254728
315235,300000.0,12.611541086966115,26,676,1,197.0,1020.0,26.84,0.0,0.0,0,0,GK,Goalkeeper,0.008114783952474518,-0.09076829121883655,0.4068770795045322,-0.9404353505870436,-0.9404771546215138,-0.3887432632188414,-0.3887145651254728
1149172,25000.0,10.12667110305036,20,400,0,188.0,10.0,0.26,0.0,0.0,0,1,GK,Goalkeeper,-1.1056393135246971,-1.0272775216861505,0.20552097187128243,-1.42191507890282,-1.4219765271858178,-0.3887432632188414,-0.3887145651254728
830333,75000.0,11.225256725762893,21,441,1,0.0,750.0,19.74,0.0,0.0,0,0,GK,Goalkeeper,-0.9200136306118352,-0.8881583968703538,-4.000584387578824,-1.0691477532061127,-1.0690943685119036,-0.3887432632188414,-0.3887145651254728
387984,150000.0,11.918397239722838,24,576,1,188.0,2010.0,52.89,0.0,0.0,0,0,GK,Goalkeeper,-0.3631365818732494,-0.4300832297939503,0.20552097187128243,-0.46848987431712413,-0.46857878534761943,-0.3887432632188414,-0.3887145651254728
768823,200000.0,12.206077645517674,26,676,1,185.0,1941.0,51.08,0.0,0.0,0,0,GK,Goalkeeper,0.008114783952474518,-0.09076829121883655,0.13840226932686586,-0.5013830438753306,-0.5013671173393949,-0.3887432632188414,-0.3887145651254728
568844,50000.0,10.819798284210286,37,1369,0,191.0,6150.0,161.84,0.0,0.0,0,1,GK,Goalkeeper,2.049997295993956,2.260684233106702,0.27263967441569903,1.5051002991752667,1.5050614193506842,-0.3887432632188414,-0.3887145651254728
801161,250000.0,12.429220196836383,26,676,1,186.0,1890.0,49.74,0.0,0.0,0,0,GK,Goalkeeper,0.008114783952474518,-0.09076829121883655,0.16077517017500473,-0.5256953865922659,-0.5256413520736374,-0.3887432632188414,-0.3887145651254728
428948,275000.0,12.524530013005734,28,784,0,189.0,1800.0,47.37,0.0,0.0,0,1,GK,Goalkeeper,0.37936614977819844,0.2756918424422863,0.2278938727194213,-0.5685995207986222,-0.5685741403722604,-0.3887432632188414,-0.3887145651254728
937891,125000.0,11.736077016252437,19,361,0,0.0,6634.0,174.58,0.0,0.0,0,0,GK,Goalkeeper,-1.291264996437559,-1.159610347730445,-4.000584387578824,1.7358291986850052,1.7358478003314681,-0.3887432632188414,-0.3887145651254728
650988,175000.0,12.07254696717504,20,400,0,186.0,4977.0,130.97,0.0,0.0,0,1,GK,Goalkeeper,-1.1056393135246971,-1.0272775216861505,0.16077517017500473,0.945916416685756,0.9458482654357081,-0.3887432632188414,-0.3887145651254728
934150,50000.0,10.819798284210286,19,361,0,0.0,1710.0,45.0,0.0,0.0,0,0,GK,Goalkeeper,-1.291264996437559,-1.159610347730445,-4.000584387578824,-0.6115036550049786,-0.6115069286708834,-0.3887432632188414,-0.3887145651254728
704407,10000.0,9.210440366976517,20,400,0,182.0,698.0,18.37,90.0,0.0555,1,0,GK,Goalkeeper,-1.1056393135246971,-1.0272775216861505,0.07128356678244926,-1.0939368085253407,-1.0939120562625844,1.1498998073411695,1.1502907211188609
1062279,75000.0,11.225256725762893,18,324,0,196.0,3034.0,79.84,0.0,0.0,0,0,GK,Goalkeeper,-1.476890679350421,-1.285156875003237,0.38450417865639336,0.01966383043075223,0.01962317441942315,-0.3887432632188414,-0.3887145651254728
901980,25000.0,10.12667110305036,19,361,0,186.0,1129.0,29.71,0.0,0.0,0,0,GK,Goalkeeper,-1.291264996437559,-1.159610347730445,0.16077517017500473,-0.8884736769371232,-0.8884868160489198,-0.3887432632188414,-0.3887145651254728
937999,175000.0,12.07254696717504,19,361,0,192.0,5520.0,145.26,0.0,0.0,0,0,GK,Goalkeeper,-1.291264996437559,-1.159610347730445,0.2950125752638379,1.2047713597307723,1.204713052265802,-0.3887432632188414,-0.3887145651254728
816753,75000.0,11.225256725762893,20,400,0,0.0,3685.0,96.97,0.0,0.0,0,0,GK,Goalkeeper,-1.1056393135246971,-1.0272775216861505,-4.000584387578824,0.3300037345233963,0.3299348468056731,-0.3887432632188414,-0.3887145651254728
1106054,50000.0,10.819798284210286,19,361,0,187.0,2187.0,57.55,0.0,0.0,0,0,GK,Goalkeeper,-1.291264996437559,-1.159610347730445,0.18314807102314357,-0.38411174371129003,-0.38416241679420876,-0.3887432632188414,-0.3887145651254728
895560,150000.0,11.918397239722838,19,361,0,0.0,6725.0,176.97,0.0,0.0,0,0,GK,Goalkeeper,-1.291264996437559,-1.159610347730445,-4.000584387578824,1.7792100454936544,1.7791428906410498,-0.3887432632188414,-0.3887145651254728
933912,175000.0,12.07254696717504,20,400,0,185.0,5880.0,154.74,0.0,0.0,0,0,GK,Goalkeeper,-1.1056393135246971,-1.0272775216861505,0.13840226932686586,1.3763878965561978,1.3764442054602946,-0.3887432632188414,-0.3887145651254728
901979,10000.0,9.210440366976517,18,324,0,0.0,613.0,16.13,0.0,0.0,0,0,GK,Goalkeeper,-1.476890679350421,-1.285156875003237,-4.000584387578824,-1.1344573797202329,-1.134489881489975,-0.3887432632188414,-0.3887145651254728
888021,150000.0,11.918397239722838,19,361,0,183.0,6375.0,167.76,0.0,0.0,0,0,GK,Goalkeeper,-1.291264996437559,-1.159610347730445,0.09365646763058813,1.6123606346911574,1.6123028145945018,-0.3887432632188414,-0.3887145651254728
425215,50000.0,10.819798284210286,27,729,1,182.0,3117.0,82.03,0.0,0.0,0,0,GK,Goalkeeper,0.19374046686533647,0.08906862622597374,0.07128356678244926,0.059230976421058616,0.05929524461941654,-0.3887432632188414,-0.3887145651254728
1051090,75000.0,11.225256725762893,19,361,0,187.0,2568.0,67.58,0.0,0.0,0,0,GK,Goalkeeper,-1.291264996437559,-1.159610347730445,0.18314807102314357,-0.20248424223771494,-0.2024679582983484,-0.3887432632188414,-0.3887145651254728
96851,50000.0,10.819798284210286,33,1089,0,199.0,4462.0,117.42,0.0,0.0,0,0,GK,Goalkeeper,1.3074945643425082,1.3106024050963831,0.4516228812008099,0.7004094265049392,0.7003886530110913,-0.3887432632188414,-0.3887145651254728
1050912,50000.0,10.819798284210286,18,324,0,0.0,1904.0,50.11,0.0,0.0,0,0,GK,Goalkeeper,-1.476890679350421,-1.285156875003237,-4.000584387578824,-0.519021410160166,-0.5189387648708987,-0.3887432632188414,-0.3887145651254728
816744,10000.0,9.210440366976517,21,441,1,0.0,1684.0,44.32,0.0,0.0,0,0,GK,Goalkeeper,-0.9200136306118352,-0.8881583968703538,-4.000584387578824,-0.6238981826645926,-0.6238251970434842,-0.3887432632188414,-0.3887145651254728
1054181,10000.0,9.210440366976517,20,400,0,189.0,90.0,2.37,0.0,0.0,0,1,GK,Goalkeeper,-1.1056393135246971,-1.0272775216861505,0.2278938727194213,-1.3837780707193923,-1.3837536650296596,-0.3887432632188414,-0.3887145651254728
1054195,50000.0,10.819798284210286,20,400,0,192.0,2320.0,61.05,0.0,0.0,0,0,GK,Goalkeeper,-1.1056393135246971,-1.0272775216861505,0.2950125752638379,-0.32070896760634127,-0.32075956487641105,-0.3887432632188414,-0.3887145651254728
1178683,150000.0,11.918397239722838,19,361,0,0.0,3600.0,94.74,0.0,0.0,0,0,GK,Goalkeeper,-1.291264996437559,-1.159610347730445,-4.000584387578824,0.2894831633285042,0.2895381725837619,-0.3887432632188414,-0.3887145651254728
897685,175000.0,12.07254696717504,19,361,0,199.0,4792.0,126.11,0.0,0.0,0,0,GK,Goalkeeper,-1.291264996437559,-1.159610347730445,0.4516228812008099,0.857724585261579,0.857808876772709,-0.3887432632188414,-0.3887145651254728
935830,100000.0,11.51293546492023,20,400,0,185.0,1343.0,35.34,0.0,0.0,0,0,GK,Goalkeeper,-1.1056393135246971,-1.0272775216861505,0.13840226932686586,-0.7864571800464538,-0.7864987999640051,-0.3887432632188414,-0.3887145651254728
935517,75000.0,11.225256725762893,19,361,0,0.0,3780.0,99.47,86.0,0.053,1,0,GK,Goalkeeper,-1.291264996437559,-1.159610347730445,-4.000584387578824,0.3752914317412169,0.3752225981755286,1.0815156708718356,1.0809661586754225
935741,50000.0,10.819798284210286,19,361,0,194.0,785.0,20.66,0.0,0.0,0,0,GK,Goalkeeper,-1.291264996437559,-1.159610347730445,0.3397583769601156,-1.052462812125863,-1.0524284760077969,-0.3887432632188414,-0.3887145651254728
934149,10000.0,9.210440366976517,18,324,0,0.0,1380.0,36.32,0.0,0.0,0,0,GK,Goalkeeper,-1.476890679350421,-1.285156875003237,-4.000584387578824,-0.7688188137616184,-0.7687460014270218,-0.3887432632188414,-0.3887145651254728
404597,50000.0,10.819798284210286,26,676,1,184.0,2392.0,62.95,0.0,0.0,0,0,GK,Goalkeeper,0.008114783952474518,-0.09076829121883655,0.116029368478727,-0.2863856602412562,-0.28634087383532075,-0.3887432632188414,-0.3887145651254728
818543,25000.0,10.12667110305036,20,400,0,190.0,1616.0,42.53,0.0,0.0,0,0,GK,Goalkeeper,-1.1056393135246971,-1.0272775216861505,0.25026677356756016,-0.6563146396205063,-0.6562512270243007,-0.3887432632188414,-0.3887145651254728
936733,100000.0,11.51293546492023,19,361,0,0.0,3645.0,95.92,29.0,0.0179,0,0,GK,Goalkeeper,-1.291264996437559,-1.159610347730445,-4.000584387578824,0.31093523043168236,0.3109139912303338,0.1070417261838288,0.10764930196954653
818449,50000.0,10.819798284210286,21,441,1,191.0,720.0,18.95,0.0,0.0,0,0,GK,Goalkeeper,-0.9200136306118352,-0.8881583968703538,0.27263967441569903,-1.0834491312748982,-1.083405297944778,-0.3887432632188414,-0.3887145651254728
818536,50000.0,10.819798284210286,20,400,0,188.0,2565.0,67.5,0.0,0.0,0,0,GK,Goalkeeper,-1.1056393135246971,-1.0272775216861505,0.20552097187128243,-0.2039143800445935,-0.20391716634218376,-0.3887432632188414,-0.3887145651254728
936915,25000.0,10.12667110305036,19,361,0,185.0,1800.0,47.37,3.0,0.0018,0,0,GK,Goalkeeper,-1.291264996437559,-1.159610347730445,0.13840226932686586,-0.5685995207986222,-0.5685741403722604,-0.337455160866841,-0.33880088016619714
937354,150000.0,11.918397239722838,19,361,0,0.0,4770.0,125.53,0.0,0.0,0,0,GK,Goalkeeper,-1.291264996437559,-1.159610347730445,-4.000584387578824,0.8472369080111364,0.8473021184549026,-0.3887432632188414,-0.3887145651254728
949275,125000.0,11.736077016252437,19,361,0,0.0,3555.0,93.55,0.0,0.0,0,0,GK,Goalkeeper,-1.291264996437559,-1.159610347730445,-4.000584387578824,0.26803109622532606,0.2679812029317107,-0.3887432632188414,-0.3887145651254728
896527,25000.0,10.12667110305036,20,400,0,185.0,1080.0,28.42,0.0,0.0,0,0,GK,Goalkeeper,-1.1056393135246971,-1.0272775216861505,0.13840226932686586,-0.9118325944494728,-0.9118552957557652,-0.3887432632188414,-0.3887145651254728
936220,200000.0,12.206077645517674,19,361,0,186.0,6240.0,164.21,0.0,0.0,0,0,GK,Goalkeeper,-1.291264996437559,-1.159610347730445,0.16077517017500473,1.548004433381623,1.5479942076493074,-0.3887432632188414,-0.3887145651254728
297367,50000.0,10.819798284210286,27,729,1,183.0,2370.0,62.37,57.0,0.0351,1,0,GK,Goalkeeper,0.19374046686533647,0.08906862622597374,0.09365646763058813,-0.29687333749169886,-0.2968476321531273,0.5857306814691655,0.5846022915804031
936668,150000.0,11.918397239722838,19,361,0,0.0,4743.0,124.82,22.0,0.0136,0,0,GK,Goalkeeper,-1.291264996437559,-1.159610347730445,-4.000584387578824,0.8343656677492295,0.8344403970658635,-0.012630512637505377,-0.01158894543316762
1069495,175000.0,12.07254696717504,18,324,0,0.0,3960.0,104.21,0.0,0.0,0,0,GK,Goalkeeper,-1.476890679350421,-1.285156875003237,-4.000584387578824,0.4610997001539295,0.4610881747727746,-0.3887432632188414,-0.3887145651254728
892974,100000.0,11.51293546492023,19,361,0,0.0,3617.0,95.18,0.0,0.0,0,0,GK,Goalkeeper,-1.291264996437559,-1.159610347730445,-4.000584387578824,0.29758727756748266,0.2975088168248567,-0.3887432632188414,-0.3887145651254728
177848,75000.0,11.225256725762893,31,961,0,186.0,6480.0,170.53,0.0,0.0,0,1,GK,Goalkeeper,0.9362431985167843,0.8762792837202377,0.16077517017500473,1.6624154579319066,1.662481643112302,-0.3887432632188414,-0.3887145651254728
467354,75000.0,11.225256725762893,24,576,1,189.0,1525.0,40.13,0.0,0.0,0,0,GK,Goalkeeper,-0.3631365818732494,-0.4300832297939503,0.2278938727194213,-0.6996954864291555,-0.699727468339362,-0.3887432632188414,-0.3887145651254728
1194286,125000.0,11.736077016252437,19,361,0,0.0,3900.0,102.63,0.0,0.0,0,0,GK,Goalkeeper,-1.291264996437559,-1.159610347730445,-4.000584387578824,0.43249694401635863,0.43246631590702594,-0.3887432632188414,-0.3887145651254728
824128,25000.0,10.12667110305036,19,361,0,184.0,1980.0,52.11,0.0,0.0,0,0,GK,Goalkeeper,-1.291264996437559,-1.159610347730445,0.116029368478727,-0.4827912523859096,-0.48270856377501437,-0.3887432632188414,-0.3887145651254728
897637,150000.0,11.918397239722838,18,324,0,179.0,3060.0,80.53,0.0,0.0,0,0,GK,Goalkeeper,-1.476890679350421,-1.285156875003237,0.0041648642380326785,0.03205835809036628,0.032122593797503235,-0.3887432632188414,-0.3887145651254728
962246,150000.0,11.918397239722838,18,324,0,190.0,5446.0,143.32,0.0,0.0,0,1,GK,Goalkeeper,-1.476890679350421,-1.285156875003237,0.25026677356756016,1.1694946271611018,1.1695697572027943,-0.3887432632188414,-0.3887145651254728
809987,50000.0,10.819798284210286,20,400,0,188.0,2949.0,77.61,0.0,0.0,0,0,GK,Goalkeeper,-1.1056393135246971,-1.0272775216861505,0.20552097187128243,-0.02085674076413985,-0.020773499802488046,-0.3887432632188414,-0.3887145651254728
712042,25000.0,10.12667110305036,21,441,1,192.0,1440.0,37.89,0.0,0.0,0,0,GK,Goalkeeper,-0.9200136306118352,-0.8881583968703538,0.2950125752638379,-0.7402160576240475,-0.7403052935667526,-0.3887432632188414,-0.3887145651254728
579746,25000.0,10.12667110305036,22,484,1,186.0,770.0,20.26,461.0,0.2842,1,0,GK,Goalkeeper,-0.7343879476989733,-0.742252973283055,0.16077517017500473,-1.0596135011602557,-1.0596745162269736,7.4925284648718815,7.492101693444611
392951,50000.0,10.819798284210286,25,625,1,186.0,1890.0,49.74,0.0,0.0,0,0,GK,Goalkeeper,-0.17751089896038744,-0.26381890989214457,0.16077517017500473,-0.5256953865922659,-0.5256413520736374,-0.3887432632188414,-0.3887145651254728
712166,75000.0,11.225256725762893,20,400,0,186.0,5220.0,137.37,0.0,0.0,0,0,GK,Goalkeeper,-1.1056393135246971,-1.0272775216861505,0.16077517017500473,1.061757579042918,1.0617849089425384,-0.3887432632188414,-0.3887145651254728
1193362,10000.0,9.210440366976517,18,324,0,189.0,405.0,10.66,40.0,0.0247,1,0,GK,Goalkeeper,-1.476890679350421,-1.285156875003237,0.2278938727194213,-1.2336136009971452,-1.233579481487219,0.29509810147449683,0.2962121118156991
367618,100000.0,11.51293546492023,26,676,1,188.0,5400.0,142.11,0.0,0.0,0,1,GK,Goalkeeper,0.008114783952474518,-0.09076829121883655,0.20552097187128243,1.1475658474556307,1.1476504855397847,-0.3887432632188414,-0.3887145651254728
1132348,50000.0,10.819798284210286,18,324,0,0.0,1891.0,49.76,0.0,0.0,0,0,GK,Goalkeeper,-1.476890679350421,-1.285156875003237,-4.000584387578824,-0.525218673989973,-0.5252790500626786,-0.3887432632188414,-0.3887145651254728
721481,25000.0,10.12667110305036,20,400,0,192.0,3645.0,95.92,0.0,0.0,0,1,GK,Goalkeeper,-1.1056393135246971,-1.0272775216861505,0.2950125752638379,0.31093523043168236,0.3109139912303338,-0.3887432632188414,-0.3887145651254728
825407,200000.0,12.206077645517674,19,361,0,0.0,6040.0,158.95,0.0,0.0,0,0,GK,Goalkeeper,-1.291264996437559,-1.159610347730445,-4.000584387578824,1.4526619129230534,1.452708778767131,-0.3887432632188414,-0.3887145651254728
464753,25000.0,10.12667110305036,24,576,1,191.0,1256.0,33.05,0.0,0.0,0,0,GK,Goalkeeper,-0.3631365818732494,-0.4300832297939503,0.27263967441569903,-0.8279311764459315,-0.8279823802187929,-0.3887432632188414,-0.3887145651254728
715770,75000.0,11.225256725762893,20,400,0,194.0,3930.0,103.42,0.0,0.0,0,0,GK,Goalkeeper,-1.1056393135246971,-1.0272775216861505,0.3397583769601156,0.4467983220851441,0.4467772453399004,-0.3887432632188414,-0.3887145651254728
898832,10000.0,9.210440366976517,19,361,0,0.0,940.0,24.74,0.0,0.0,0,1,GK,Goalkeeper,-1.291264996437559,-1.159610347730445,-4.000584387578824,-0.9785723587704716,-0.9785188657721926,-0.3887432632188414,-0.3887145651254728
119086,50000.0,10.819798284210286,35,1225,0,192.0,3581.0,94.24,0.0,0.0,0,0,GK,Goalkeeper,1.6787459301682321,1.7720707215585378,0.2950125752638379,0.2804256238849401,0.28048062230979076,-0.3887432632188414,-0.3887145651254728
619945,25000.0,10.12667110305036,22,484,1,190.0,270.0,7.11,0.0,0.0,0,0,GK,Goalkeeper,-0.7343879476989733,-0.742252973283055,0.25026677356756016,-1.2979698023066797,-1.2978880884324138,-0.3887432632188414,-0.3887145651254728
290415,75000.0,11.225256725762893,28,784,0,189.0,6088.0,160.21,0.0,0.0,0,0,GK,Goalkeeper,0.37936614977819844,0.2756918424422863,0.2278938727194213,1.4755441178331101,1.4755338054575384,-0.3887432632188414,-0.3887145651254728
704791,25000.0,10.12667110305036,21,441,1,185.0,785.0,20.66,0.0,0.0,0,0,GK,Goalkeeper,-0.9200136306118352,-0.8881583968703538,0.13840226932686586,-1.052462812125863,-1.0524284760077969,-0.3887432632188414,-0.3887145651254728
463559,25000.0,10.12667110305036,23,529,1,185.0,1199.0,31.55,3.0,0.0018,0,0,GK,Goalkeeper,-0.5487622647861113,-0.5895612509242537,0.13840226932686586,-0.8551037947766239,-0.8551550310407062,-0.337455160866841,-0.33880088016619714
814434,75000.0,11.225256725762893,20,400,0,0.0,4254.0,111.95,0.0,0.0,0,0,GK,Goalkeeper,-1.1056393135246971,-1.0272775216861505,-4.000584387578824,0.6012532052280268,0.6012990530138475,-0.3887432632188414,-0.3887145651254728
976209,175000.0,12.07254696717504,18,324,0,0.0,2850.0,75.0,0.0,0.0,0,0,GK,Goalkeeper,-1.476890679350421,-1.285156875003237,-4.000584387578824,-0.06805128839113181,-0.0680539122326172,-0.3887432632188414,-0.3887145651254728
677026,50000.0,10.819798284210286,21,441,1,188.0,2701.0,71.08,0.0,0.0,0,0,GK,Goalkeeper,-0.9200136306118352,-0.8881583968703538,0.20552097187128243,-0.13908146613276617,-0.1390651063805507,-0.3887432632188414,-0.3887145651254728
1224821,125000.0,11.736077016252437,18,324,0,190.0,2730.0,71.84,0.0,0.0,0,0,GK,Goalkeeper,-1.476890679350421,-1.285156875003237,0.25026677356756016,-0.12525680066627357,-0.1252976299641145,-0.3887432632188414,-0.3887145651254728
525585,75000.0,11.225256725762893,23,529,1,193.0,2917.0,76.76,9.0,0.0055,0,0,GK,Goalkeeper,-0.5487622647861113,-0.5895612509242537,0.31738547611197676,-0.03611154403751099,-0.03617133526823882,-0.2348789561628403,-0.2362005277499082
808933,50000.0,10.819798284210286,20,400,0,0.0,2980.0,78.42,0.0,0.0,0,1,GK,Goalkeeper,-1.1056393135246971,-1.0272775216861505,-4.000584387578824,-0.006078650093061563,-0.006100268358654816,-0.3887432632188414,-0.3887145651254728
1210365,100000.0,11.51293546492023,18,324,0,0.0,3184.0,83.79,21.0,0.0129,0,0,GK,Goalkeeper,-1.476890679350421,-1.285156875003237,-4.000584387578824,0.09117072077467943,0.09117782158379492,-0.029726546754838833,-0.030999822917330364
818133,25000.0,10.12667110305036,21,441,1,197.0,1260.0,33.16,0.0,0.0,0,0,GK,Goalkeeper,-0.9200136306118352,-0.8881583968703538,0.4068770795045322,-0.8260243260367601,-0.8259897191585193,-0.3887432632188414,-0.3887145651254728
915492,10000.0,9.210440366976517,19,361,0,0.0,555.0,14.61,0.0,0.0,0,0,GK,Goalkeeper,-1.291264996437559,-1.159610347730445,-4.000584387578824,-1.162106710653218,-1.1620248343228472,-0.3887432632188414,-0.3887145651254728
434585,75000.0,11.225256725762893,30,900,0,184.0,6316.0,166.21,0.0,0.0,0,0,GK,Goalkeeper,0.7506175156039223,0.6692971711894182,0.116029368478727,1.5842345911558795,1.5842244087451918,-0.3887432632188414,-0.3887145651254728
532966,25000.0,10.12667110305036,23,529,1,185.0,2700.0,71.05,50.0,0.0308,1,0,GK,Goalkeeper,-0.5487622647861113,-0.5895612509242537,0.13840226932686586,-0.13955817873505902,-0.13960855939698896,0.46605844264783136,0.465364044177689
1057275,25000.0,10.12667110305036,18,324,0,190.0,1043.0,27.45,0.0,0.0,0,0,GK,Goalkeeper,-1.476890679350421,-1.285156875003237,0.25026677356756016,-0.9294709607343082,-0.9294269432872692,-0.3887432632188414,-0.3887145651254728
1062258,175000.0,12.07254696717504,19,361,0,187.0,5850.0,153.95,0.0,0.0,0,0,GK,Goalkeeper,-1.291264996437559,-1.159610347730445,0.18314807102314357,1.3620865184874122,1.3621332760274198,-0.3887432632188414,-0.3887145651254728
897645,75000.0,11.225256725762893,19,361,0,190.0,4026.0,105.95,20.0,0.0123,0,0,GK,Goalkeeper,-1.291264996437559,-1.159610347730445,0.25026677356756016,0.49256273190525746,0.49260844972619416,-0.04682258087217229,-0.047637717903755594
704719,100000.0,11.51293546492023,20,400,0,186.0,2539.0,66.82,0.0,0.0,0,0,GK,Goalkeeper,-1.1056393135246971,-1.0272775216861505,0.16077517017500473,-0.21630890770420755,-0.21623543471478457,-0.3887432632188414,-0.3887145651254728
953436,25000.0,10.12667110305036,18,324,0,0.0,1300.0,34.21,109.0,0.0672,1,0,GK,Goalkeeper,-1.476890679350421,-1.285156875003237,-4.000584387578824,-0.8069558219450462,-0.8069688635831799,1.474724455570505,1.4747296733541528
242521,25000.0,10.12667110305036,28,784,0,185.0,2177.0,57.29,94.0,0.058,1,0,GK,Goalkeeper,0.37936614977819844,0.2756918424422863,0.13840226932686586,-0.38887886973421854,-0.3888723429366737,1.2182839438105033,1.2196152835622993
821105,125000.0,11.736077016252437,19,361,0,186.0,5440.0,143.16,31.0,0.0191,0,0,GK,Goalkeeper,-1.291264996437559,-1.159610347730445,0.16077517017500473,1.1666343515473445,1.1666713411151237,0.1412337944184957,0.14092509194239697
667061,75000.0,11.225256725762893,20,400,0,0.0,4500.0,118.42,44.0,0.0271,1,0,GK,Goalkeeper,-1.1056393135246971,-1.0272775216861505,-4.000584387578824,0.7185245053920675,0.7185037535590335,0.3634822379438306,0.36276369176140005
821043,25000.0,10.12667110305036,20,400,0,198.0,2700.0,71.05,0.0,0.0,0,0,GK,Goalkeeper,-1.1056393135246971,-1.0272775216861505,0.4292499803526711,-0.13955817873505902,-0.13960855939698896,-0.3887432632188414,-0.3887145651254728
1049303,150000.0,11.918397239722838,20,400,0,0.0,5850.0,153.95,0.0,0.0,0,0,GK,Goalkeeper,-1.1056393135246971,-1.0272775216861505,-4.000584387578824,1.3620865184874122,1.3621332760274198,-0.3887432632188414,-0.3887145651254728
1088266,50000.0,10.819798284210286,18,324,0,190.0,2100.0,55.26,58.0,0.0358,1,0,GK,Goalkeeper,-1.476890679350421,-1.285156875003237,0.25026677356756016,-0.42558574011076783,-0.4256459970489964,0.602826715586499,0.6040131690645658
863522,10000.0,9.210440366976517,19,361,0,182.0,387.0,10.18,0.0,0.0,0,0,GK,Goalkeeper,-1.291264996437559,-1.159610347730445,0.07128356678244926,-1.2421944278384165,-1.2422747297502312,-0.3887432632188414,-0.3887145651254728
305485,10000.0,9.210440366976517,27,729,1,193.0,1411.0,37.13,0.0,0.0,0,0,GK,Goalkeeper,0.19374046686533647,0.08906862622597374,0.31738547611197676,-0.7540407230905402,-0.7540727699831886,-0.3887432632188414,-0.3887145651254728
883046,150000.0,11.918397239722838,19,361,0,0.0,5070.0,133.42,0.0,0.0,0,0,GK,Goalkeeper,-1.291264996437559,-1.159610347730445,-4.000584387578824,0.9902506886989908,0.9902302617781663,-0.3887432632188414,-0.3887145651254728
1107574,25000.0,10.12667110305036,18,324,0,0.0,1215.0,31.97,0.0,0.0,0,0,GK,Goalkeeper,-1.476890679350421,-1.285156875003237,-4.000584387578824,-0.8474763931399383,-0.8475466888105704,-0.3887432632188414,-0.3887145651254728
409550,75000.0,11.225256725762893,27,729,1,180.0,1800.0,47.37,0.0,0.0,0,0,GK,Goalkeeper,0.19374046686533647,0.08906862622597374,0.02653776508617154,-0.5685995207986222,-0.5685741403722604,-0.3887432632188414,-0.3887145651254728
538065,100000.0,11.51293546492023,22,484,1,187.0,4790.0,126.05,38.0,0.0234,0,0,GK,Goalkeeper,-0.7343879476989733,-0.742252973283055,0.18314807102314357,0.8567711600569934,0.8567219707398325,0.2609060332398299,0.26016333934511116
937557,100000.0,11.51293546492023,18,324,0,0.0,2196.0,57.79,0.0,0.0,0,0,GK,Goalkeeper,-1.476890679350421,-1.285156875003237,-4.000584387578824,-0.3798213302906544,-0.3798147926627026,-0.3887432632188414,-0.3887145651254728
1274871,125000.0,11.736077016252437,19,361,0,185.0,3150.0,82.89,0.0,0.0,0,0,GK,Goalkeeper,-1.291264996437559,-1.159610347730445,0.13840226932686586,0.0749624922967226,0.07487423109064684,-0.3887432632188414,-0.3887145651254728
480281,25000.0,10.12667110305036,22,484,1,0.0,1530.0,40.26,0.0,0.0,0,1,GK,Goalkeeper,-0.7343879476989733,-0.742252973283055,-4.000584387578824,-0.6973119234176912,-0.6973725052681295,-0.3887432632188414,-0.3887145651254728
930791,125000.0,11.736077016252437,18,324,0,0.0,2649.0,69.71,0.0,0.0,0,0,GK,Goalkeeper,-1.476890679350421,-1.285156875003237,-4.000584387578824,-0.16387052145199427,-0.16388279413123158,-0.3887432632188414,-0.3887145651254728
56625,50000.0,10.819798284210286,36,1296,0,190.0,4846.0,127.53,0.0,0.0,0,0,GK,Goalkeeper,1.864371613081094,2.0129843279468687,0.25026677356756016,0.8834670657853928,0.883532319550787,-0.3887432632188414,-0.3887145651254728
842753,50000.0,10.819798284210286,22,484,1,190.0,932.0,24.53,0.0,0.0,0,0,GK,Goalkeeper,-0.7343879476989733,-0.742252973283055,0.25026677356756016,-0.9823860595888143,-0.9823230368872604,-0.3887432632188414,-0.3887145651254728
918804,150000.0,11.918397239722838,19,361,0,187.0,6030.0,158.68,0.0,0.0,0,0,GK,Goalkeeper,-1.291264996437559,-1.159610347730445,0.18314807102314357,1.4478947869001249,1.4478177016191869,-0.3887432632188414,-0.3887145651254728
936749,10000.0,9.210440366976517,19,361,0,190.0,1091.0,28.71,0.0,0.0,0,0,GK,Goalkeeper,-1.291264996437559,-1.159610347730445,0.25026677356756016,-0.9065887558242515,-0.906601916596862,-0.3887432632188414,-0.3887145651254728
296284,75000.0,11.225256725762893,28,784,0,182.0,3060.0,80.53,0.0,0.0,0,0,GK,Goalkeeper,0.37936614977819844,0.2756918424422863,0.07128356678244926,0.03205835809036628,0.032122593797503235,-0.3887432632188414,-0.3887145651254728
524429,75000.0,11.225256725762893,24,576,1,0.0,5850.0,153.95,41.0,0.0253,1,0,GK,Goalkeeper,-0.3631365818732494,-0.4300832297939503,-4.000584387578824,1.3620865184874122,1.3621332760274198,0.3121941355918303,0.3128500068021244
463497,75000.0,11.225256725762893,23,529,1,188.0,1800.0,47.37,0.0,0.0,0,0,GK,Goalkeeper,-0.5487622647861113,-0.5895612509242537,0.20552097187128243,-0.5685995207986222,-0.5685741403722604,-0.3887432632188414,-0.3887145651254728
632846,50000.0,10.819798284210286,20,400,0,187.0,1620.0,42.63,0.0,0.0,0,0,GK,Goalkeeper,-1.1056393135246971,-1.0272775216861505,0.18314807102314357,-0.6544077892113349,-0.6544397169695064,-0.3887432632188414,-0.3887145651254728
744617,125000.0,11.736077016252437,20,400,0,182.0,5801.0,152.66,0.0,0.0,0,1,GK,Goalkeeper,-1.1056393135246971,-1.0272775216861505,0.07128356678244926,1.3387276009750626,1.3387647963205747,-0.3887432632188414,-0.3887145651254728
882995,150000.0,11.918397239722838,18,324,0,0.0,4357.0,114.66,0.0,0.0,0,0,GK,Goalkeeper,-1.476890679350421,-1.285156875003237,-4.000584387578824,0.6503546032641901,0.6503909754987707,-0.3887432632188414,-0.3887145651254728
1059208,150000.0,11.918397239722838,18,324,0,189.0,4980.0,131.05,0.0,0.0,0,0,GK,Goalkeeper,-1.476890679350421,-1.285156875003237,0.2278938727194213,0.9473465544926345,0.9472974734795437,-0.3887432632188414,-0.3887145651254728
1058980,100000.0,11.51293546492023,18,324,0,0.0,3808.0,100.21,0.0,0.0,0,1,GK,Goalkeeper,-1.476890679350421,-1.285156875003237,-4.000584387578824,0.3886393846054166,0.3886277725810057,-0.3887432632188414,-0.3887145651254728
942104,10000.0,9.210440366976517,19,361,0,193.0,1440.0,37.89,0.0,0.0,0,0,GK,Goalkeeper,-1.291264996437559,-1.159610347730445,0.31738547611197676,-0.7402160576240475,-0.7403052935667526,-0.3887432632188414,-0.3887145651254728
864465,100000.0,11.51293546492023,20,400,0,186.0,4496.0,118.32,0.0,0.0,0,0,GK,Goalkeeper,-1.1056393135246971,-1.0272775216861505,0.16077517017500473,0.7166176549828961,0.7166922435042391,-0.3887432632188414,-0.3887145651254728
930625,125000.0,11.736077016252437,19,361,0,0.0,1920.0,50.53,0.0,0.0,0,1,GK,Goalkeeper,-1.291264996437559,-1.159610347730445,-4.000584387578824,-0.5113940085234805,-0.511330422640763,-0.3887432632188414,-0.3887145651254728
415801,25000.0,10.12667110305036,25,625,1,188.0,3386.0,89.11,61.0,0.0376,1,1,GK,Goalkeeper,-0.17751089896038744,-0.26381890989214457,0.20552097187128243,0.18746666643783474,0.18755015649884735,0.6541148179384993,0.6539268540238417
295761,100000.0,11.51293546492023,27,729,1,185.0,3890.0,102.37,0.0,0.0,0,0,GK,Goalkeeper,0.19374046686533647,0.08906862622597374,0.13840226932686586,0.42772981799343013,0.4277563897645611,-0.3887432632188414,-0.3887145651254728
914880,10000.0,9.210440366976517,19,361,0,0.0,720.0,18.95,0.0,0.0,0,0,GK,Goalkeeper,-1.291264996437559,-1.159610347730445,-4.000584387578824,-1.0834491312748982,-1.083405297944778,-0.3887432632188414,-0.3887145651254728
237863,50000.0,10.819798284210286,29,841,0,180.0,2160.0,56.84,82.0,0.0506,1,1,GK,Goalkeeper,0.5649918326910603,0.4691013574301011,0.02653776508617154,-0.3969829839731969,-0.3970241381832476,1.0131315344025018,1.0144145787297214
745391,100000.0,11.51293546492023,20,400,0,184.0,5941.0,156.34,0.0,0.0,0,0,GK,Goalkeeper,-1.1056393135246971,-1.0272775216861505,0.116029368478727,1.4054673652960614,1.405428366337002,-0.3887432632188414,-0.3887145651254728
818907,50000.0,10.819798284210286,20,400,0,0.0,4073.0,107.18,0.0,0.0,0,0,GK,Goalkeeper,-1.1056393135246971,-1.0272775216861505,-4.000584387578824,0.5149682242130214,0.5148900234001632,-0.3887432632188414,-0.3887145651254728
440331,50000.0,10.819798284210286,25,625,1,183.0,2880.0,75.79,0.0,0.0,0,1,GK,Goalkeeper,-0.17751089896038744,-0.26381890989214457,0.09365646763058813,-0.05374991032234636,-0.05374298279974274,-0.3887432632188414,-0.3887145651254728
657763,25000.0,10.12667110305036,21,441,1,0.0,1515.0,39.87,22.0,0.0136,0,0,GK,Goalkeeper,-0.9200136306118352,-0.8881583968703538,-4.000584387578824,-0.704462612452084,-0.704437394481827,-0.012630512637505377,-0.01158894543316762
934453,75000.0,11.225256725762893,19,361,0,186.0,4425.0,116.45,0.0,0.0,0,0,GK,Goalkeeper,-1.291264996437559,-1.159610347730445,0.16077517017500473,0.6827710602201038,0.6828170054795873,-0.3887432632188414,-0.3887145651254728
1061471,10000.0,9.210440366976517,18,324,0,190.0,1160.0,30.53,0.0,0.0,0,0,GK,Goalkeeper,-1.476890679350421,-1.285156875003237,0.25026677356756016,-0.8736955862660449,-0.8736324335996072,-0.3887432632188414,-0.3887145651254728
336760,50000.0,10.819798284210286,25,625,1,190.0,4787.0,125.97,0.0,0.0,0,0,GK,Goalkeeper,-0.17751089896038744,-0.26381890989214457,0.25026677356756016,0.8553410222501148,0.8552727626959972,-0.3887432632188414,-0.3887145651254728
908765,100000.0,11.51293546492023,20,400,0,187.0,3150.0,82.89,0.0,0.0,0,0,GK,Goalkeeper,-1.1056393135246971,-1.0272775216861505,0.18314807102314357,0.0749624922967226,0.07487423109064684,-0.3887432632188414,-0.3887145651254728
652920,50000.0,10.819798284210286,21,441,1,0.0,4918.0,129.42,0.0,0.0,0,0,GK,Goalkeeper,-0.9200136306118352,-0.8881583968703538,-4.000584387578824,0.917790373150478,0.9177698595863976,-0.3887432632188414,-0.3887145651254728
908764,50000.0,10.819798284210286,19,361,0,0.0,3780.0,99.47,0.0,0.0,0,0,GK,Goalkeeper,-1.291264996437559,-1.159610347730445,-4.000584387578824,0.3752914317412169,0.3752225981755286,-0.3887432632188414,-0.3887145651254728
902509,25000.0,10.12667110305036,19,361,0,193.0,502.0,13.21,0.0,0.0,0,0,GK,Goalkeeper,-1.291264996437559,-1.159610347730445,0.31738547611197676,-1.187372478574739,-1.1873859750899662,-0.3887432632188414,-0.3887145651254728
658586,50000.0,10.819798284210286,21,441,1,190.0,4410.0,116.05,0.0,0.0,0,0,GK,Goalkeeper,-0.9200136306118352,-0.8881583968703538,0.25026677356756016,0.675620371185711,0.6755709652604104,-0.3887432632188414,-0.3887145651254728
1185312,25000.0,10.12667110305036,18,324,0,188.0,722.0,19.0,0.0,0.0,0,0,GK,Goalkeeper,-1.476890679350421,-1.285156875003237,0.20552097187128243,-1.0824957060703124,-1.082499542917381,-0.3887432632188414,-0.3887145651254728
1054444,50000.0,10.819798284210286,18,324,0,183.0,1350.0,35.53,16.0,0.0099,0,1,GK,Goalkeeper,-1.476890679350421,-1.285156875003237,0.09365646763058813,-0.7831201918304038,-0.7830569308598961,-0.1152067173415061,-0.11418929784945649
818507,50000.0,10.819798284210286,20,400,0,0.0,3391.0,89.24,50.0,0.0308,1,0,GK,Goalkeeper,-1.1056393135246971,-1.0272775216861505,-4.000584387578824,0.18985022944929897,0.18990511957007974,0.46605844264783136,0.465364044177689
430757,50000.0,10.819798284210286,24,576,1,188.0,2804.0,73.79,0.0,0.0,0,0,GK,Goalkeeper,-0.3631365818732494,-0.4300832297939503,0.20552097187128243,-0.08998006809660282,-0.08997318389562715,-0.3887432632188414,-0.3887145651254728
1068565,25000.0,10.12667110305036,19,361,0,188.0,2520.0,66.32,0.0,0.0,0,0,GK,Goalkeeper,-1.291264996437559,-1.159610347730445,0.20552097187128243,-0.22536644714777165,-0.2252929849887557,-0.3887432632188414,-0.3887145651254728
88775,50000.0,10.819798284210286,35,1225,0,184.0,6701.0,176.34,0.0,0.0,0,0,GK,Goalkeeper,1.6787459301682321,1.7720707215585378,0.116029368478727,1.7677689430386259,1.7677303772958461,-0.3887432632188414,-0.3887145651254728
387601,10000.0,9.210440366976517,37,1369,0,180.0,2520.0,66.32,161.0,0.0993,1,0,GK,Goalkeeper,2.049997295993956,2.260684233106702,0.02653776508617154,-0.22536644714777165,-0.2252929849887557,2.3637182296718446,2.364857055127903
934860,10000.0,9.210440366976517,19,361,0,0.0,1560.0,41.05,0.0,0.0,0,0,GK,Goalkeeper,-1.291264996437559,-1.159610347730445,-4.000584387578824,-0.6830105453489057,-0.6830615758352552,-0.3887432632188414,-0.3887145651254728
446457,25000.0,10.12667110305036,29,841,0,185.0,2423.0,63.76,0.0,0.0,0,0,GK,Goalkeeper,0.5649918326910603,0.4691013574301011,0.13840226932686586,-0.2716075695701779,-0.27166764239148766,-0.3887432632188414,-0.3887145651254728
459966,75000.0,11.225256725762893,25,625,1,188.0,3510.0,92.37,0.0,0.0,0,0,GK,Goalkeeper,-0.17751089896038744,-0.26381890989214457,0.20552097187128243,0.24657902912214788,0.24660538428513903,-0.3887432632188414,-0.3887145651254728
395880,100000.0,11.51293546492023,25,625,1,185.0,3090.0,81.32,0.0,0.0,0,1,GK,Goalkeeper,-0.17751089896038744,-0.26381890989214457,0.13840226932686586,0.04635973615915172,0.04643352323037743,-0.3887432632188414,-0.3887145651254728
1185262,200000.0,12.206077645517674,18,324,0,187.0,3870.0,101.84,0.0,0.0,0,0,GK,Goalkeeper,-1.476890679350421,-1.285156875003237,0.18314807102314357,0.4181955659475732,0.41815538647415174,-0.3887432632188414,-0.3887145651254728
395750,10000.0,9.210440366976517,24,576,1,0.0,1740.0,45.79,0.0,0.0,0,1,GK,Goalkeeper,-0.3631365818732494,-0.4300832297939503,-4.000584387578824,-0.5972022769361931,-0.5971959992380091,-0.3887432632188414,-0.3887145651254728
947024,150000.0,11.918397239722838,18,324,0,190.0,3325.0,87.5,98.0,0.0604,1,0,GK,Goalkeeper,-1.476890679350421,-1.285156875003237,0.25026677356756016,0.158387197697971,0.15838484461666041,1.2866680802798371,1.2861668635080004
1262394,10000.0,9.210440366976517,18,324,0,0.0,188.0,4.95,0.0,0.0,0,0,GK,Goalkeeper,-1.476890679350421,-1.285156875003237,-4.000584387578824,-1.3370602356946932,-1.3370167056159687,-0.3887432632188414,-0.3887145651254728
937477,125000.0,11.736077016252437,20,400,0,188.0,3630.0,95.53,0.0,0.0,0,0,GK,Goalkeeper,-1.1056393135246971,-1.0272775216861505,0.20552097187128243,0.30378454139728966,0.30384910201663634,-0.3887432632188414,-0.3887145651254728
834930,10000.0,9.210440366976517,20,400,0,188.0,1303.0,34.29,0.0,0.0,0,0,GK,Goalkeeper,-1.1056393135246971,-1.0272775216861505,0.20552097187128243,-0.8055256841381677,-0.8055196555393445,-0.3887432632188414,-0.3887145651254728
536935,75000.0,11.225256725762893,23,529,1,181.0,2245.0,59.08,0.0,0.0,0,0,GK,Goalkeeper,-0.5487622647861113,-0.5895612509242537,0.048910665934310406,-0.35646241277830487,-0.35644631295585716,-0.3887432632188414,-0.3887145651254728
707643,150000.0,11.918397239722838,20,400,0,187.0,6024.0,158.53,0.0,0.0,0,1,GK,Goalkeeper,-1.1056393135246971,-1.0272775216861505,0.18314807102314357,1.4450345112863678,1.4451004365369955,-0.3887432632188414,-0.3887145651254728
819197,175000.0,12.07254696717504,19,361,0,188.0,5910.0,155.53,0.0,0.0,0,0,GK,Goalkeeper,-1.291264996437559,-1.159610347730445,0.20552097187128243,1.390689274624983,1.3907551348931688,-0.3887432632188414,-0.3887145651254728
1089451,50000.0,10.819798284210286,18,324,0,0.0,720.0,18.95,0.0,0.0,0,0,GK,Goalkeeper,-1.476890679350421,-1.285156875003237,-4.000584387578824,-1.0834491312748982,-1.083405297944778,-0.3887432632188414,-0.3887145651254728
1056144,75000.0,11.225256725762893,20,400,0,0.0,3495.0,91.97,0.0,0.0,0,0,GK,Goalkeeper,-1.1056393135246971,-1.0272775216861505,-4.000584387578824,0.23942834008775518,0.23935934406596204,-0.3887432632188414,-0.3887145651254728
543417,50000.0,10.819798284210286,23,529,1,193.0,1290.0,33.95,0.0,0.0,0,0,GK,Goalkeeper,-0.5487622647861113,-0.5895612509242537,0.31738547611197676,-0.8117229479679747,-0.8116787897256448,-0.3887432632188414,-0.3887145651254728
343044,650000.0,13.384729180332174,29,841,0,194.0,6156.0,162.0,32.0,0.0197,0,0,GK,Goalkeeper,0.5649918326910603,0.4691013574301011,0.3397583769601156,1.5079605747890237,1.507959835438355,0.15832982853582916,0.1575629869288222
1077438,50000.0,10.819798284210286,18,324,0,190.0,630.0,16.58,0.0,0.0,0,0,GK,Goalkeeper,-1.476890679350421,-1.285156875003237,0.25026677356756016,-1.1263532654812545,-1.126338086243401,-0.3887432632188414,-0.3887145651254728
707103,200000.0,12.206077645517674,22,484,1,188.0,1198.0,31.53,0.0,0.0,0,0,GK,Goalkeeper,-0.7343879476989733,-0.742252973283055,0.20552097187128243,-0.8555805073789168,-0.855517333051665,-0.3887432632188414,-0.3887145651254728
621910,150000.0,11.918397239722838,24,576,1,188.0,2580.0,67.89,0.0,0.0,0,0,GK,Goalkeeper,-0.3631365818732494,-0.4300832297939503,0.20552097187128243,-0.19676369101020078,-0.1968522771284863,-0.3887432632188414,-0.3887145651254728
114530,200000.0,12.206077645517674,31,961,0,193.0,2561.0,67.39,0.0,0.0,0,0,GK,Goalkeeper,0.9362431985167843,0.8762792837202377,0.31738547611197676,-0.20582123045376488,-0.2059098274024574,-0.3887432632188414,-0.3887145651254728
450427,300000.0,12.611541086966115,26,676,1,185.0,3100.0,81.58,14.0,0.0086,0,0,GK,Goalkeeper,0.008114783952474518,-0.09076829121883655,0.13840226932686586,0.0511268621820802,0.0511434493728425,-0.149398785576173,-0.15023807032004452
273250,450000.0,13.017005083966255,31,961,0,190.0,3600.0,94.74,10.0,0.0062,0,0,GK,Goalkeeper,0.9362431985167843,0.8762792837202377,0.25026677356756016,0.2894831633285042,0.2895381725837619,-0.21778292204550684,-0.21678965026574543
584493,150000.0,11.918397239722838,25,625,1,190.0,1440.0,37.89,0.0,0.0,0,0,GK,Goalkeeper,-0.17751089896038744,-0.26381890989214457,0.25026677356756016,-0.7402160576240475,-0.7403052935667526,-0.3887432632188414,-0.3887145651254728
399360,125000.0,11.736077016252437,27,729,1,195.0,3330.0,87.63,0.0,0.0,0,0,GK,Goalkeeper,0.19374046686533647,0.08906862622597374,0.3621312778082545,0.16077076070943525,0.1607398076878928,-0.3887432632188414,-0.3887145651254728
239749,150000.0,11.918397239722838,32,1024,0,185.0,3870.0,101.84,0.0,0.0,0,1,GK,Goalkeeper,1.1218688814296462,1.0900476950225593,0.13840226932686586,0.4181955659475732,0.41815538647415174,-0.3887432632188414,-0.3887145651254728
735416,250000.0,12.429220196836383,21,441,1,0.0,1570.0,41.32,0.0,0.0,0,0,GK,Goalkeeper,-0.9200136306118352,-0.8881583968703538,-4.000584387578824,-0.6782434193259773,-0.6781704986873107,-0.3887432632188414,-0.3887145651254728
328964,150000.0,11.918397239722838,29,841,0,191.0,1350.0,35.53,0.0,0.0,0,0,GK,Goalkeeper,0.5649918326910603,0.4691013574301011,0.27263967441569903,-0.7831201918304038,-0.7830569308598961,-0.3887432632188414,-0.3887145651254728
457620,200000.0,12.206077645517674,25,625,1,188.0,2430.0,63.95,8.0,0.0049,0,0,GK,Goalkeeper,-0.17751089896038744,-0.26381890989214457,0.20552097187128243,-0.26827058135412796,-0.26822577328737857,-0.2519749902801737,-0.25283842273633345
274351,175000.0,12.07254696717504,27,729,1,190.0,2340.0,61.58,0.0,0.0,0,0,GK,Goalkeeper,0.19374046686533647,0.08906862622597374,0.25026677356756016,-0.3111747155604843,-0.31115856158600164,-0.3887432632188414,-0.3887145651254728
369102,100000.0,11.51293546492023,25,625,1,185.0,709.0,18.66,0.0,0.0,0,0,GK,Goalkeeper,-0.17751089896038744,-0.26381890989214457,0.13840226932686586,-1.0886929699001193,-1.0886586771036812,-0.3887432632188414,-0.3887145651254728
242637,450000.0,13.017005083966255,28,784,0,185.0,4620.0,121.58,0.0,0.0,0,0,GK,Goalkeeper,0.37936614977819844,0.2756918424422863,0.13840226932686586,0.7757300176672092,0.7757474712905308,-0.3887432632188414,-0.3887145651254728
580281,350000.0,12.765691290604371,23,529,1,192.0,4014.0,105.63,0.0,0.0,0,0,GK,Goalkeeper,-0.5487622647861113,-0.5895612509242537,0.2950125752638379,0.4868421806777433,0.48681161755085256,-0.3887432632188414,-0.3887145651254728
478872,800000.0,13.592368256649284,28,784,0,191.0,6315.0,166.18,8.0,0.0049,0,1,GK,Goalkeeper,0.37936614977819844,0.2756918424422863,0.27263967441569903,1.5837578785535866,1.5836809557287534,-0.2519749902801737,-0.25283842273633345
229081,800000.0,13.592368256649284,32,1024,0,194.0,6330.0,166.58,37.0,0.0228,0,0,GK,Goalkeeper,1.1218688814296462,1.0900476950225593,0.3397583769601156,1.5909085675879793,1.5909269959479304,0.24380999912249646,0.24352544435868595
420921,175000.0,12.07254696717504,25,625,1,187.0,450.0,11.84,0.0,0.0,0,1,GK,Goalkeeper,-0.17751089896038744,-0.26381890989214457,0.18314807102314357,-1.212161533893967,-1.212203662840647,-0.3887432632188414,-0.3887145651254728
348260,150000.0,11.918397239722838,33,1089,0,190.0,2250.0,59.21,0.0,0.0,0,0,GK,Goalkeeper,1.3074945643425082,1.3106024050963831,0.25026677356756016,-0.3540788497668406,-0.35409134988462465,-0.3887432632188414,-0.3887145651254728
458499,100000.0,11.51293546492023,24,576,1,190.0,1377.0,36.24,0.0,0.0,0,0,GK,Goalkeeper,-0.3631365818732494,-0.4300832297939503,0.25026677356756016,-0.7702489515684969,-0.7701952094708572,-0.3887432632188414,-0.3887145651254728
613495,125000.0,11.736077016252437,23,529,1,191.0,1369.0,36.03,0.0,0.0,0,0,GK,Goalkeeper,-0.5487622647861113,-0.5895612509242537,0.27263967441569903,-0.7740626523868397,-0.773999380585925,-0.3887432632188414,-0.3887145651254728
416472,250000.0,12.429220196836383,24,576,1,188.0,1440.0,37.89,0.0,0.0,0,0,GK,Goalkeeper,-0.3631365818732494,-0.4300832297939503,0.20552097187128243,-0.7402160576240475,-0.7403052935667526,-0.3887432632188414,-0.3887145651254728
295400,500000.0,13.122365377402328,28,784,0,197.0,2385.0,62.76,0.0,0.0,0,0,GK,Goalkeeper,0.37936614977819844,0.2756918424422863,0.4068770795045322,-0.28972264845730616,-0.28978274293942985,-0.3887432632188414,-0.3887145651254728
796254,500000.0,13.122365377402328,28,784,0,183.0,3990.0,105.0,0.0,0.0,0,0,GK,Goalkeeper,0.37936614977819844,0.2756918424422863,0.09365646763058813,0.47540107822271493,0.475399104205649,-0.3887432632188414,-0.3887145651254728
911407,50000.0,10.819798284210286,24,576,1,185.0,90.0,2.37,0.0,0.0,0,0,GK,Goalkeeper,-0.3631365818732494,-0.4300832297939503,0.13840226932686586,-1.3837780707193923,-1.3837536650296596,-0.3887432632188414,-0.3887145651254728
386546,400000.0,12.899222326086994,29,841,0,181.0,3450.0,90.79,0.0,0.0,0,0,GK,Goalkeeper,0.5649918326910603,0.4691013574301011,0.048910665934310406,0.217976272984577,0.21798352541939037,-0.3887432632188414,-0.3887145651254728
504103,800000.0,13.592368256649284,22,484,1,183.0,4800.0,126.32,0.0,0.0,0,0,GK,Goalkeeper,-0.7343879476989733,-0.742252973283055,0.09365646763058813,0.8615382860799219,0.8616130478877768,-0.3887432632188414,-0.3887145651254728
820227,125000.0,11.736077016252437,23,529,1,186.0,2518.0,66.26,0.0,0.0,0,0,GK,Goalkeeper,-0.5487622647861113,-0.5895612509242537,0.16077517017500473,-0.22631987235235734,-0.226379891021632,-0.3887432632188414,-0.3887145651254728
599564,700000.0,13.45883704259595,27,729,1,180.0,5130.0,135.0,0.0,0.0,0,0,GK,Goalkeeper,0.19374046686533647,0.08906862622597374,0.02653776508617154,1.0188534448365616,1.0188521206439152,-0.3887432632188414,-0.3887145651254728
392573,250000.0,12.429220196836383,25,625,1,196.0,3090.0,81.32,0.0,0.0,0,0,GK,Goalkeeper,-0.17751089896038744,-0.26381890989214457,0.38450417865639336,0.04635973615915172,0.04643352323037743,-0.3887432632188414,-0.3887145651254728
71493,25000.0,10.12667110305036,39,1521,0,185.0,5430.0,142.89,0.0,0.0,0,0,GK,Goalkeeper,2.42124866181968,2.7764429397408747,0.13840226932686586,1.161867225524416,1.161780263967179,-0.3887432632188414,-0.3887145651254728
400185,150000.0,11.918397239722838,26,676,1,185.0,540.0,14.21,0.0,0.0,0,0,GK,Goalkeeper,0.008114783952474518,-0.09076829121883655,0.13840226932686586,-1.1692573996876108,-1.1692708745420242,-0.3887432632188414,-0.3887145651254728
58560,50000.0,10.819798284210286,39,1521,0,179.0,6827.0,179.66,0.0,0.0,0,1,GK,Goalkeeper,2.42124866181968,2.7764429397408747,0.0041648642380326785,1.8278347309275247,1.8278725111150143,-0.3887432632188414,-0.3887145651254728
483344,75000.0,11.225256725762893,25,625,1,181.0,3150.0,82.89,5.0,0.0031,0,0,GK,Goalkeeper,-0.17751089896038744,-0.26381890989214457,0.048910665934310406,0.0749624922967226,0.07487423109064684,-0.3032630926321741,-0.3027521076956091
22318,10000.0,9.210440366976517,41,1681,0,188.0,1856.0,48.84,0.0,0.0,0,1,GK,Goalkeeper,2.7925000276454037,3.3193468414610567,0.20552097187128243,-0.5419036150702228,-0.5419449425667853,-0.3887432632188414,-0.3887145651254728
1095178,300000.0,12.611541086966115,20,400,0,187.0,2070.0,54.47,0.0,0.0,0,0,GK,Goalkeeper,-1.1056393135246971,-1.0272775216861505,0.18314807102314357,-0.4398871181795533,-0.43995692648187074,-0.3887432632188414,-0.3887145651254728
353420,350000.0,12.765691290604371,32,1024,0,180.0,2047.0,53.87,0.0,0.0,0,0,GK,Goalkeeper,1.1218688814296462,1.0900476950225593,0.02653776508617154,-0.4508515080322888,-0.45082598681063607,-0.3887432632188414,-0.3887145651254728
392756,100000.0,11.51293546492023,24,576,1,192.0,4050.0,106.58,3.0,0.0018,0,0,GK,Goalkeeper,-0.3631365818732494,-0.4300832297939503,0.2950125752638379,0.5040038343602858,0.5040209630713977,-0.337455160866841,-0.33880088016619714
1026998,150000.0,11.918397239722838,24,576,1,174.0,1204.0,31.68,0.0,0.0,0,0,GK,Goalkeeper,-0.3631365818732494,-0.4300832297939503,-0.10769964000266163,-0.8527202317651597,-0.8528000679694736,-0.3887432632188414,-0.3887145651254728
803387,50000.0,10.819798284210286,22,484,1,0.0,3060.0,80.53,0.0,0.0,0,0,GK,Goalkeeper,-0.7343879476989733,-0.742252973283055,-4.000584387578824,0.03205835809036628,0.032122593797503235,-0.3887432632188414,-0.3887145651254728
1111179,450000.0,13.017005083966255,24,576,1,175.0,4050.0,106.58,0.0,0.0,0,0,GK,Goalkeeper,-0.3631365818732494,-0.4300832297939503,-0.08532673915452277,0.5040038343602858,0.5040209630713977,-0.3887432632188414,-0.3887145651254728
400179,100000.0,11.51293546492023,26,676,1,185.0,357.0,9.39,0.0,0.0,0,0,GK,Goalkeeper,0.008114783952474518,-0.09076829121883655,0.13840226932686586,-1.256495805907202,-1.2565856591831055,-0.3887432632188414,-0.3887145651254728
344001,75000.0,11.225256725762893,26,676,1,0.0,4641.0,122.13,0.0,0.0,0,0,GK,Goalkeeper,0.008114783952474518,-0.09076829121883655,-4.000584387578824,0.785740982315359,0.785710776591899,-0.3887432632188414,-0.3887145651254728
960628,250000.0,12.429220196836383,20,400,0,183.0,2385.0,62.76,0.0,0.0,0,1,GK,Goalkeeper,-1.1056393135246971,-1.0272775216861505,0.09365646763058813,-0.28972264845730616,-0.28978274293942985,-0.3887432632188414,-0.3887145651254728
247594,250000.0,12.429220196836383,30,900,0,196.0,4260.0,112.11,0.0,0.0,0,0,GK,Goalkeeper,0.7506175156039223,0.6692971711894182,0.38450417865639336,0.604113480841784,0.6041974691015182,-0.3887432632188414,-0.3887145651254728
496650,100000.0,11.51293546492023,24,576,1,0.0,6330.0,166.58,22.0,0.0136,0,0,GK,Goalkeeper,-0.3631365818732494,-0.4300832297939503,-4.000584387578824,1.5909085675879793,1.5909269959479304,-0.012630512637505377,-0.01158894543316762
295433,300000.0,12.611541086966115,28,784,0,191.0,3420.0,90.0,0.0,0.0,0,0,GK,Goalkeeper,0.37936614977819844,0.2756918424422863,0.27263967441569903,0.20367489491579158,0.2036725959865159,-0.3887432632188414,-0.3887145651254728
385143,100000.0,11.51293546492023,33,1089,0,185.0,3819.0,100.5,0.0,0.0,0,0,GK,Goalkeeper,1.3074945643425082,1.3106024050963831,0.13840226932686586,0.3938832232306379,0.3938811517399091,-0.3887432632188414,-0.3887145651254728
920282,250000.0,12.429220196836383,19,361,0,0.0,360.0,9.47,0.0,0.0,0,0,GK,Goalkeeper,-1.291264996437559,-1.159610347730445,-4.000584387578824,-1.2550656681003234,-1.2551364511392702,-0.3887432632188414,-0.3887145651254728
190189,275000.0,12.524530013005734,30,900,0,185.0,450.0,11.84,0.0,0.0,0,0,GK,Goalkeeper,0.7506175156039223,0.6692971711894182,0.13840226932686586,-1.212161533893967,-1.212203662840647,-0.3887432632188414,-0.3887145651254728
198123,50000.0,10.819798284210286,31,961,0,195.0,360.0,9.47,0.0,0.0,0,1,GK,Goalkeeper,0.9362431985167843,0.8762792837202377,0.3621312778082545,-1.2550656681003234,-1.2551364511392702,-0.3887432632188414,-0.3887145651254728
138473,200000.0,12.206077645517674,32,1024,0,0.0,6869.0,180.76,0.0,0.0,0,0,GK,Goalkeeper,1.1218688814296462,1.0900476950225593,-4.000584387578824,1.8478566602238244,1.8477991217177505,-0.3887432632188414,-0.3887145651254728
635020,75000.0,11.225256725762893,22,484,1,190.0,1498.0,39.42,0.0,0.0,0,0,GK,Goalkeeper,-0.7343879476989733,-0.742252973283055,0.25026677356756016,-0.7125667266910624,-0.7125891897284009,-0.3887432632188414,-0.3887145651254728
56006,10000.0,9.210440366976517,38,1444,0,187.0,541.0,14.24,0.0,0.0,0,0,GK,Goalkeeper,2.235622978906818,2.5151704370380368,0.18314807102314357,-1.168780687085318,-1.1687274215255858,-0.3887432632188414,-0.3887145651254728
248551,150000.0,11.918397239722838,31,961,0,192.0,3810.0,100.26,0.0,0.0,0,1,GK,Goalkeeper,0.9362431985167843,0.8762792837202377,0.2950125752638379,0.38959280981000227,0.38953352760840304,-0.3887432632188414,-0.3887145651254728
286392,175000.0,12.07254696717504,32,1024,0,190.0,4649.0,122.34,0.0,0.0,0,0,GK,Goalkeeper,1.1218688814296462,1.0900476950225593,0.25026677356756016,0.7895546831337018,0.789514947706967,-0.3887432632188414,-0.3887145651254728
127679,500000.0,13.122365377402328,32,1024,0,187.0,2667.0,70.18,51.0,0.0314,1,0,GK,Goalkeeper,1.1218688814296462,1.0900476950225593,0.18314807102314357,-0.155289694610723,-0.1553686968736985,0.4831544767651648,0.48200193916411416
675555,50000.0,10.819798284210286,20,400,0,187.0,2880.0,75.79,0.0,0.0,0,0,GK,Goalkeeper,-1.1056393135246971,-1.0272775216861505,0.18314807102314357,-0.05374991032234636,-0.05374298279974274,-0.3887432632188414,-0.3887145651254728
146799,900000.0,13.710151153416941,33,1089,0,188.0,3120.0,82.11,63.0,0.0388,1,1,GK,Goalkeeper,1.3074945643425082,1.3106024050963831,0.20552097187128243,0.06066111422793716,0.06074445266325189,0.6883068861731663,0.6872026439966921
497103,100000.0,11.51293546492023,24,576,1,197.0,3171.0,83.45,0.0,0.0,0,0,GK,Goalkeeper,-0.3631365818732494,-0.4300832297939503,0.4068770795045322,0.0849734569448724,0.0850186873974945,-0.3887432632188414,-0.3887145651254728
182682,400000.0,12.899222326086994,30,900,0,192.0,3090.0,81.32,0.0,0.0,0,0,GK,Goalkeeper,0.7506175156039223,0.6692971711894182,0.2950125752638379,0.04635973615915172,0.04643352323037743,-0.3887432632188414,-0.3887145651254728
292154,150000.0,11.918397239722838,26,676,1,196.0,1260.0,33.16,103.0,0.0635,1,0,GK,Goalkeeper,0.008114783952474518,-0.09076829121883655,0.38450417865639336,-0.8260243260367601,-0.8259897191585193,1.3721482508665044,1.3721293209378642
390539,500000.0,13.122365377402328,25,625,1,191.0,1231.0,32.39,32.0,0.0197,0,0,GK,Goalkeeper,-0.17751089896038744,-0.26381890989214457,0.27263967441569903,-0.8398489915032528,-0.8399383465804346,0.15832982853582916,0.1575629869288222
360791,1200000.0,13.997832948091215,29,841,0,182.0,4290.0,112.89,0.0,0.0,0,0,GK,Goalkeeper,0.5649918326910603,0.4691013574301011,0.07128356678244926,0.6184148589105694,0.6183272475289131,-0.3887432632188414,-0.3887145651254728
164729,300000.0,12.611541086966115,31,961,0,194.0,4171.0,109.76,25.0,0.0154,0,0,GK,Goalkeeper,0.9362431985167843,0.8762792837202377,0.3397583769601156,0.5616860592377204,0.561626982813854,0.03865758971449499,0.038324739526108105
156676,200000.0,12.206077645517674,32,1024,0,190.0,4420.0,116.32,0.0,0.0,0,0,GK,Goalkeeper,1.1218688814296462,1.0900476950225593,0.25026677356756016,0.6803874972086396,0.6804620424083547,-0.3887432632188414,-0.3887145651254728
169687,175000.0,12.07254696717504,34,1156,0,196.0,3524.0,92.74,155.0,0.0956,1,0,GK,Goalkeeper,1.4931202472553702,1.5379434139417094,0.38450417865639336,0.25325300555424773,0.2533079714878775,2.2611420249678438,2.262256702711614
372380,150000.0,11.918397239722838,29,841,0,0.0,3521.0,92.66,0.0,0.0,0,1,GK,Goalkeeper,0.5649918326910603,0.4691013574301011,-4.000584387578824,0.25182286774736923,0.2518587634440421,-0.3887432632188414,-0.3887145651254728
510388,350000.0,12.765691290604371,28,784,0,187.0,1920.0,50.53,0.0,0.0,0,0,GK,Goalkeeper,0.37936614977819844,0.2756918424422863,0.18314807102314357,-0.5113940085234805,-0.511330422640763,-0.3887432632188414,-0.3887145651254728
279829,250000.0,12.429220196836383,30,900,0,186.0,2250.0,59.21,0.0,0.0,0,0,GK,Goalkeeper,0.7506175156039223,0.6692971711894182,0.16077517017500473,-0.3540788497668406,-0.35409134988462465,-0.3887432632188414,-0.3887145651254728
136109,350000.0,12.765691290604371,31,961,0,200.0,3870.0,101.84,0.0,0.0,0,0,GK,Goalkeeper,0.9362431985167843,0.8762792837202377,0.47399578204894877,0.4181955659475732,0.41815538647415174,-0.3887432632188414,-0.3887145651254728
735364,200000.0,12.206077645517674,20,400,0,196.0,900.0,23.68,0.0,0.0,0,0,GK,Goalkeeper,-1.1056393135246971,-1.0272775216861505,0.38450417865639336,-0.9976408628621855,-0.9977208723530113,-0.3887432632188414,-0.3887145651254728
530131,200000.0,12.206077645517674,25,625,1,190.0,1080.0,28.42,0.0,0.0,0,0,GK,Goalkeeper,-0.17751089896038744,-0.26381890989214457,0.25026677356756016,-0.9118325944494728,-0.9118552957557652,-0.3887432632188414,-0.3887145651254728
569944,50000.0,10.819798284210286,23,529,1,191.0,180.0,4.74,95.0,0.0586,1,1,GK,Goalkeeper,-0.5487622647861113,-0.5895612509242537,0.27263967441569903,-1.340873936513036,-1.3408208767310368,1.2353799779278367,1.2362531785487247
586712,175000.0,12.07254696717504,24,576,1,193.0,630.0,16.58,38.0,0.0234,0,0,GK,Goalkeeper,-0.3631365818732494,-0.4300832297939503,0.31738547611197676,-1.1263532654812545,-1.126338086243401,0.2609060332398299,0.26016333934511116
567668,800000.0,13.592368256649284,24,576,1,193.0,3420.0,90.0,81.0,0.0499,1,0,GK,Goalkeeper,-0.3631365818732494,-0.4300832297939503,0.31738547611197676,0.20367489491579158,0.2036725959865159,0.9960355002851684,0.9950037012455589
370997,9000000.0,16.012735246411598,24,576,1,189.0,8910.0,234.47,26.0,0.016,0,0,GK,Goalkeeper,-0.3631365818732494,-0.4300832297939503,0.2278938727194213,2.820827081503527,2.820761172147727,0.05575362383182844,0.05496263451253333
361027,200000.0,12.206077645517674,30,900,0,190.0,3510.0,92.37,8.0,0.0049,0,0,GK,Goalkeeper,0.7506175156039223,0.6692971711894182,0.25026677356756016,0.24657902912214788,0.24660538428513903,-0.2519749902801737,-0.25283842273633345
260053,900000.0,13.710151153416941,32,1024,0,196.0,1080.0,28.42,80.0,0.0493,1,0,GK,Goalkeeper,1.1218688814296462,1.0900476950225593,0.38450417865639336,-0.9118325944494728,-0.9118552957557652,0.978939466167835,0.9783658062591336
208166,3000000.0,14.914123179965662,27,729,1,191.0,6466.0,170.16,42.0,0.0259,1,0,GK,Goalkeeper,0.19374046686533647,0.08906862622597374,0.27263967441569903,1.6557414814998066,1.6557790559095633,0.3292901697091637,0.3294879017885496
126360,300000.0,12.611541086966115,34,1156,0,187.0,2648.0,69.68,0.0,0.0,0,0,GK,Goalkeeper,1.4931202472553702,1.5379434139417094,0.18314807102314357,-0.1643472340542871,-0.16442624714766962,-0.3887432632188414,-0.3887145651254728
808866,200000.0,12.206077645517674,21,441,1,190.0,680.0,17.89,0.0,0.0,0,0,GK,Goalkeeper,-0.9200136306118352,-0.8881583968703538,0.25026677356756016,-1.102517635366612,-1.1026073045255966,-0.3887432632188414,-0.3887145651254728
176936,400000.0,12.899222326086994,33,1089,0,196.0,6420.0,168.95,27.0,0.0166,0,0,GK,Goalkeeper,1.3074945643425082,1.3106024050963831,0.38450417865639336,1.6338127017943356,1.633859784246553,0.0728496579491619,0.07160052949895855
254036,400000.0,12.899222326086994,31,961,0,190.0,3980.0,104.74,247.0,0.1523,1,0,GK,Goalkeeper,0.9362431985167843,0.8762792837202377,0.25026677356756016,0.4706339521997865,0.47068917806318394,3.8339771637625217,3.8345377789287975
554389,10000000.0,16.118095750958314,22,484,1,193.0,5219.0,137.34,3.0,0.0018,0,0,GK,Goalkeeper,-0.7343879476989733,-0.742252973283055,0.31738547611197676,1.0612808664406252,1.0612414559261,-0.337455160866841,-0.33880088016619714
88348,500000.0,13.122365377402328,35,1225,0,197.0,4350.0,114.47,0.0,0.0,0,0,GK,Goalkeeper,1.6787459301682321,1.7720707215585378,0.4068770795045322,0.6470176150481403,0.6469491063946617,-0.3887432632188414,-0.3887145651254728
12359,50000.0,10.819798284210286,39,1521,0,187.0,643.0,16.92,31.0,0.0191,0,0,GK,Goalkeeper,2.42124866181968,2.7764429397408747,0.18314807102314357,-1.1201560016514474,-1.1201789520571006,0.1412337944184957,0.14092509194239697
324352,300000.0,12.611541086966115,25,625,1,188.0,1890.0,49.74,209.0,0.1289,1,1,GK,Goalkeeper,-0.17751089896038744,-0.26381890989214457,0.20552097187128243,-0.5256953865922659,-0.5256413520736374,3.1843278673038506,3.1856598744582136
124832,50000.0,10.819798284210286,35,1225,0,184.0,3285.0,86.45,0.0,0.0,0,0,GK,Goalkeeper,1.6787459301682321,1.7720707215585378,0.116029368478727,0.1393186936062571,0.13936398904132113,-0.3887432632188414,-0.3887145651254728
74113,600000.0,13.304686600863562,35,1225,0,185.0,6030.0,158.68,0.0,0.0,0,1,GK,Goalkeeper,1.6787459301682321,1.7720707215585378,0.13840226932686586,1.4478947869001249,1.4478177016191869,-0.3887432632188414,-0.3887145651254728
131984,150000.0,11.918397239722838,32,1024,0,187.0,5220.0,137.37,0.0,0.0,0,0,GK,Goalkeeper,1.1218688814296462,1.0900476950225593,0.18314807102314357,1.061757579042918,1.0617849089425384,-0.3887432632188414,-0.3887145651254728
357069,400000.0,12.899222326086994,26,676,1,193.0,5310.0,139.74,31.0,0.0191,0,0,GK,Goalkeeper,0.008114783952474518,-0.09076829121883655,0.31738547611197676,1.1046617132492744,1.1047176972411614,0.1412337944184957,0.14092509194239697
105888,1500000.0,14.220976332738882,33,1089,0,194.0,6840.0,180.0,43.0,0.0265,1,0,GK,Goalkeeper,1.3074945643425082,1.3106024050963831,0.3397583769601156,1.8340319947573318,1.8340316453013146,0.34638620382649715,0.3461257967749748
131074,700000.0,13.45883704259595,32,1024,0,186.0,4716.0,124.11,0.0,0.0,0,0,GK,Goalkeeper,1.1218688814296462,1.0900476950225593,0.16077517017500473,0.8214944274873226,0.8215786756768246,-0.3887432632188414,-0.3887145651254728
191529,250000.0,12.429220196836383,30,900,0,182.0,5535.0,145.66,0.0,0.0,0,0,GK,Goalkeeper,0.7506175156039223,0.6692971711894182,0.07128356678244926,1.2119220487651652,1.2119590924849792,-0.3887432632188414,-0.3887145651254728
476079,50000.0,10.819798284210286,25,625,1,185.0,720.0,18.95,306.0,0.1887,1,0,GK,Goalkeeper,-0.17751089896038744,-0.26381890989214457,0.13840226932686586,-1.0834491312748982,-1.083405297944778,4.842643176685196,4.843903408105262
280379,300000.0,12.611541086966115,31,961,0,183.0,2700.0,71.05,0.0,0.0,0,0,GK,Goalkeeper,0.9362431985167843,0.8762792837202377,0.09365646763058813,-0.13955817873505902,-0.13960855939698896,-0.3887432632188414,-0.3887145651254728
838947,25000.0,10.12667110305036,23,529,1,190.0,720.0,18.95,0.0,0.0,0,0,GK,Goalkeeper,-0.5487622647861113,-0.5895612509242537,0.25026677356756016,-1.0834491312748982,-1.083405297944778,-0.3887432632188414,-0.3887145651254728
164967,200000.0,12.206077645517674,31,961,0,184.0,4860.0,127.89,222.0,0.1369,1,0,GK,Goalkeeper,0.9362431985167843,0.8762792837202377,0.116029368478727,0.8901410422174927,0.8900537557480462,3.4065763108291853,3.407498474277217
147282,300000.0,12.611541086966115,34,1156,0,182.0,3764.0,99.05,0.0,0.0,0,1,GK,Goalkeeper,1.4931202472553702,1.5379434139417094,0.07128356678244926,0.3676640301045313,0.3676142559453929,-0.3887432632188414,-0.3887145651254728
125350,100000.0,11.51293546492023,35,1225,0,185.0,5400.0,142.11,0.0,0.0,0,0,GK,Goalkeeper,1.6787459301682321,1.7720707215585378,0.13840226932686586,1.1475658474556307,1.1476504855397847,-0.3887432632188414,-0.3887145651254728
818109,25000.0,10.12667110305036,23,529,1,182.0,1475.0,38.82,0.0,0.0,0,0,GK,Goalkeeper,-0.5487622647861113,-0.5895612509242537,0.07128356678244926,-0.7235311165437979,-0.7234582500571662,-0.3887432632188414,-0.3887145651254728
534491,150000.0,11.918397239722838,27,729,1,191.0,2250.0,59.21,0.0,0.0,0,0,GK,Goalkeeper,0.19374046686533647,0.08906862622597374,0.27263967441569903,-0.3540788497668406,-0.35409134988462465,-0.3887432632188414,-0.3887145651254728
654326,500000.0,13.122365377402328,26,676,1,191.0,4320.0,113.68,0.0,0.0,0,0,GK,Goalkeeper,0.008114783952474518,-0.09076829121883655,0.27263967441569903,0.6327162369793548,0.6326381769617875,-0.3887432632188414,-0.3887145651254728
286415,2500000.0,14.731801689838349,30,900,0,189.0,5685.0,149.61,35.0,0.0216,0,1,GK,Goalkeeper,0.7506175156039223,0.6692971711894182,0.2278938727194213,1.2834289391090923,1.2835137396493512,0.20961793088782954,0.21024965438583548
802855,5000000.0,15.424948670398354,24,576,1,191.0,5956.0,156.74,0.0,0.0,0,0,GK,Goalkeeper,-0.3631365818732494,-0.4300832297939503,0.27263967441569903,1.412618054330454,1.412674406556179,-0.3887432632188414,-0.3887145651254728
222010,500000.0,13.122365377402328,31,961,0,185.0,3600.0,94.74,0.0,0.0,0,0,GK,Goalkeeper,0.9362431985167843,0.8762792837202377,0.13840226932686586,0.2894831633285042,0.2895381725837619,-0.3887432632188414,-0.3887145651254728
126705,200000.0,12.206077645517674,32,1024,0,186.0,5050.0,132.89,0.0,0.0,0,0,GK,Goalkeeper,1.1218688814296462,1.0900476950225593,0.16077517017500473,0.9807164366531338,0.980629258487757,-0.3887432632188414,-0.3887145651254728
622572,25000.0,10.12667110305036,29,841,0,180.0,2942.0,77.42,0.0,0.0,0,0,GK,Goalkeeper,0.5649918326910603,0.4691013574301011,0.02653776508617154,-0.024193728980189788,-0.024215368906597024,-0.3887432632188414,-0.3887145651254728
782571,50000.0,10.819798284210286,34,1156,0,188.0,2700.0,71.05,0.0,0.0,0,0,GK,Goalkeeper,1.4931202472553702,1.5379434139417094,0.20552097187128243,-0.13955817873505902,-0.13960855939698896,-0.3887432632188414,-0.3887145651254728
819874,2000000.0,14.508658238524095,23,529,1,186.0,1815.0,47.76,0.0,0.0,0,0,GK,Goalkeeper,-0.5487622647861113,-0.5895612509242537,0.16077517017500473,-0.5614488317642296,-0.561509251158563,-0.3887432632188414,-0.3887145651254728
392282,300000.0,12.611541086966115,28,784,0,192.0,3960.0,104.21,192.0,0.1184,1,0,GK,Goalkeeper,0.37936614977819844,0.2756918424422863,0.2950125752638379,0.4610997001539295,0.4610881747727746,2.893695287309182,2.8944967121957728
618465,400000.0,12.899222326086994,23,529,1,191.0,2700.0,71.05,0.0,0.0,0,1,GK,Goalkeeper,-0.5487622647861113,-0.5895612509242537,0.27263967441569903,-0.13955817873505902,-0.13960855939698896,-0.3887432632188414,-0.3887145651254728
599331,2500000.0,14.731801689838349,27,729,1,193.0,5685.0,149.61,0.0,0.0,0,0,GK,Goalkeeper,0.19374046686533647,0.08906862622597374,0.31738547611197676,1.2834289391090923,1.2835137396493512,-0.3887432632188414,-0.3887145651254728
102699,150000.0,11.918397239722838,35,1225,0,183.0,1942.0,51.11,0.0,0.0,0,0,GK,Goalkeeper,1.6787459301682321,1.7720707215585378,0.09365646763058813,-0.5009063312730379,-0.5008236643229566,-0.3887432632188414,-0.3887145651254728
540306,200000.0,12.206077645517674,24,576,1,184.0,3624.0,95.37,0.0,0.0,0,0,GK,Goalkeeper,-0.3631365818732494,-0.4300832297939503,0.116029368478727,0.30092426578353254,0.3009506859289657,-0.3887432632188414,-0.3887145651254728
597727,500000.0,13.122365377402328,27,729,1,181.0,827.0,21.76,0.0,0.0,0,0,GK,Goalkeeper,0.19374046686533647,0.08906862622597374,0.048910665934310406,-1.0324408828295633,-1.0325018654050602,-0.3887432632188414,-0.3887145651254728
260662,400000.0,12.899222326086994,30,900,0,191.0,360.0,9.47,0.0,0.0,0,1,GK,Goalkeeper,0.7506175156039223,0.6692971711894182,0.27263967441569903,-1.2550656681003234,-1.2551364511392702,-0.3887432632188414,-0.3887145651254728
804829,500000.0,13.122365377402328,23,529,1,192.0,4660.0,122.63,6.0,0.0037,0,1,GK,Goalkeeper,-0.5487622647861113,-0.5895612509242537,0.2950125752638379,0.7947985217589231,0.7947683268658701,-0.28616705851484064,-0.28611421270918386
810710,50000.0,10.819798284210286,23,529,1,184.0,4050.0,106.58,0.0,0.0,0,0,GK,Goalkeeper,-0.5487622647861113,-0.5895612509242537,0.116029368478727,0.5040038343602858,0.5040209630713977,-0.3887432632188414,-0.3887145651254728
87859,275000.0,12.524530013005734,38,1444,0,191.0,6664.0,175.37,30.0,0.0185,0,0,GK,Goalkeeper,2.235622978906818,2.5151704370380368,0.27263967441569903,1.7501305767537905,1.7501587297643424,0.12413776030116226,0.12428719695597175
1029212,25000.0,10.12667110305036,26,676,1,185.0,4058.0,106.79,0.0,0.0,0,0,GK,Goalkeeper,0.008114783952474518,-0.09076829121883655,0.13840226932686586,0.5078175351786286,0.5078251341864657,-0.3887432632188414,-0.3887145651254728
236710,400000.0,12.899222326086994,32,1024,0,183.0,1800.0,47.37,0.0,0.0,0,0,GK,Goalkeeper,1.1218688814296462,1.0900476950225593,0.09365646763058813,-0.5685995207986222,-0.5685741403722604,-0.3887432632188414,-0.3887145651254728
55977,100000.0,11.51293546492023,34,1156,0,194.0,1440.0,37.89,0.0,0.0,0,0,GK,Goalkeeper,1.4931202472553702,1.5379434139417094,0.3397583769601156,-0.7402160576240475,-0.7403052935667526,-0.3887432632188414,-0.3887145651254728
401349,300000.0,12.611541086966115,27,729,1,182.0,810.0,21.32,0.0,0.0,0,0,GK,Goalkeeper,0.19374046686533647,0.08906862622597374,0.07128356678244926,-1.0405449970685419,-1.040472509646155,-0.3887432632188414,-0.3887145651254728
948715,25000.0,10.12667110305036,20,400,0,192.0,2704.0,71.16,0.0,0.0,0,0,GK,Goalkeeper,-1.1056393135246971,-1.0272775216861505,0.2950125752638379,-0.1376513283258876,-0.13761589833671534,-0.3887432632188414,-0.3887145651254728
744934,800000.0,13.592368256649284,20,400,0,188.0,5850.0,153.95,0.0,0.0,0,1,GK,Goalkeeper,-1.1056393135246971,-1.0272775216861505,0.20552097187128243,1.3620865184874122,1.3621332760274198,-0.3887432632188414,-0.3887145651254728
433962,700000.0,13.45883704259595,26,676,1,185.0,1800.0,47.37,0.0,0.0,0,1,GK,Goalkeeper,0.008114783952474518,-0.09076829121883655,0.13840226932686586,-0.5685995207986222,-0.5685741403722604,-0.3887432632188414,-0.3887145651254728
432222,400000.0,12.899222326086994,23,529,1,180.0,1145.0,30.13,0.0,0.0,0,0,GK,Goalkeeper,-0.5487622647861113,-0.5895612509242537,0.02653776508617154,-0.8808462753004377,-0.8808784738187841,-0.3887432632188414,-0.3887145651254728
768578,25000.0,10.12667110305036,20,400,0,190.0,720.0,18.95,0.0,0.0,0,0,GK,Goalkeeper,-1.1056393135246971,-1.0272775216861505,0.25026677356756016,-1.0834491312748982,-1.083405297944778,-0.3887432632188414,-0.3887145651254728
432203,200000.0,12.206077645517674,22,484,1,181.0,4350.0,114.47,0.0,0.0,0,0,GK,Goalkeeper,-0.7343879476989733,-0.742252973283055,0.048910665934310406,0.6470176150481403,0.6469491063946617,-0.3887432632188414,-0.3887145651254728
450406,2000000.0,14.508658238524095,27,729,1,188.0,3458.0,91.0,159.0,0.098,1,0,GK,Goalkeeper,0.19374046686533647,0.08906862622597374,0.20552097187128243,0.2217899738029198,0.22178769653445812,2.329526161437178,2.328808282657315
593317,300000.0,12.611541086966115,25,625,1,192.0,6300.0,165.79,0.0,0.0,0,0,GK,Goalkeeper,-0.17751089896038744,-0.26381890989214457,0.2950125752638379,1.5766071895191938,1.5766160665150557,-0.3887432632188414,-0.3887145651254728
723386,100000.0,11.51293546492023,19,361,0,191.0,1350.0,35.53,0.0,0.0,0,1,GK,Goalkeeper,-1.291264996437559,-1.159610347730445,0.27263967441569903,-0.7831201918304038,-0.7830569308598961,-0.3887432632188414,-0.3887145651254728
707245,50000.0,10.819798284210286,21,441,1,189.0,1080.0,28.42,0.0,0.0,0,0,GK,Goalkeeper,-0.9200136306118352,-0.8881583968703538,0.2278938727194213,-0.9118325944494728,-0.9118552957557652,-0.3887432632188414,-0.3887145651254728
29574,25000.0,10.12667110305036,43,1849,0,184.0,1494.0,39.32,0.0,0.0,0,0,GK,Goalkeeper,3.1637513934711277,3.889395938267248,0.116029368478727,-0.7144735771002337,-0.7144006997831952,-0.3887432632188414,-0.3887145651254728
125275,75000.0,11.225256725762893,36,1296,0,182.0,1485.0,39.08,0.0,0.0,0,0,GK,Goalkeeper,1.864371613081094,2.0129843279468687,0.07128356678244926,-0.7187639905208694,-0.7187483239147013,-0.3887432632188414,-0.3887145651254728
764683,600000.0,13.304686600863562,25,625,1,186.0,4961.0,130.55,0.0,0.0,0,0,GK,Goalkeeper,-0.17751089896038744,-0.26381890989214457,0.16077517017500473,0.9382890150490704,0.9382399232055727,-0.3887432632188414,-0.3887145651254728
465647,200000.0,12.206077645517674,29,841,0,190.0,1170.0,30.79,0.0,0.0,0,0,GK,Goalkeeper,0.5649918326910603,0.4691013574301011,0.25026677356756016,-0.8689284602431165,-0.8689225074571422,-0.3887432632188414,-0.3887145651254728
71401,300000.0,12.611541086966115,37,1369,0,183.0,3735.0,98.29,0.0,0.0,0,0,GK,Goalkeeper,2.049997295993956,2.260684233106702,0.09365646763058813,0.35383936463803867,0.35384677952895693,-0.3887432632188414,-0.3887145651254728
861141,25000.0,10.12667110305036,24,576,1,189.0,466.0,12.26,0.0,0.0,0,0,GK,Goalkeeper,-0.3631365818732494,-0.4300832297939503,0.2278938727194213,-1.2045341322572816,-1.2045953206105113,-0.3887432632188414,-0.3887145651254728
508122,400000.0,12.899222326086994,26,676,1,184.0,3926.0,103.32,0.0,0.0,0,0,GK,Goalkeeper,0.008114783952474518,-0.09076829121883655,0.116029368478727,0.44489147167597265,0.444965735285106,-0.3887432632188414,-0.3887145651254728
170549,200000.0,12.206077645517674,30,900,0,182.0,4410.0,116.05,190.0,0.1171,1,0,GK,Goalkeeper,0.7506175156039223,0.6692971711894182,0.07128356678244926,0.675620371185711,0.6755709652604104,2.859503219074515,2.8584479397251843
691888,25000.0,10.12667110305036,26,676,1,183.0,2025.0,53.29,0.0,0.0,0,0,GK,Goalkeeper,0.008114783952474518,-0.09076829121883655,0.09365646763058813,-0.46133918528273143,-0.4613327451284425,-0.3887432632188414,-0.3887145651254728
63333,125000.0,11.736077016252437,37,1369,0,182.0,2610.0,68.68,0.0,0.0,0,1,GK,Goalkeeper,2.049997295993956,2.260684233106702,0.07128356678244926,-0.18246231294141532,-0.18254134769561184,-0.3887432632188414,-0.3887145651254728
356042,3000000.0,14.914123179965662,28,784,0,184.0,5155.0,135.66,0.0,0.0,0,0,GK,Goalkeeper,0.37936614977819844,0.2756918424422863,0.116029368478727,1.030771259893883,1.0308080870055571,-0.3887432632188414,-0.3887145651254728
81543,100000.0,11.51293546492023,36,1296,0,184.0,5400.0,142.11,11.0,0.0068,0,0,GK,Goalkeeper,1.864371613081094,2.0129843279468687,0.116029368478727,1.1475658474556307,1.1476504855397847,-0.20068688792817338,-0.20015175527932022
834483,3000000.0,14.914123179965662,21,441,1,190.0,4280.0,112.63,0.0,0.0,0,0,GK,Goalkeeper,-0.9200136306118352,-0.8881583968703538,0.25026677356756016,0.6136477328876409,0.613617321386448,-0.3887432632188414,-0.3887145651254728
192540,50000.0,10.819798284210286,31,961,0,195.0,2487.0,65.45,0.0,0.0,0,0,GK,Goalkeeper,0.9362431985167843,0.8762792837202377,0.3621312778082545,-0.24109796302343564,-0.24105312246546523,-0.3887432632188414,-0.3887145651254728
855234,50000.0,10.819798284210286,22,484,1,180.0,2685.0,70.66,0.0,0.0,0,0,GK,Goalkeeper,-0.7343879476989733,-0.742252973283055,0.02653776508617154,-0.14670886776945172,-0.14667344861068643,-0.3887432632188414,-0.3887145651254728
804739,100000.0,11.51293546492023,22,484,1,189.0,3330.0,87.63,0.0,0.0,0,0,GK,Goalkeeper,-0.7343879476989733,-0.742252973283055,0.2278938727194213,0.16077076070943525,0.1607398076878928,-0.3887432632188414,-0.3887145651254728
766893,100000.0,11.51293546492023,28,784,0,193.0,2701.0,71.08,0.0,0.0,0,0,GK,Goalkeeper,0.37936614977819844,0.2756918424422863,0.31738547611197676,-0.13908146613276617,-0.1390651063805507,-0.3887432632188414,-0.3887145651254728
654408,200000.0,12.206077645517674,21,441,1,187.0,1607.0,42.29,0.0,0.0,0,0,GK,Goalkeeper,-0.9200136306118352,-0.8881583968703538,0.18314807102314357,-0.6606050530411419,-0.6605988511558069,-0.3887432632188414,-0.3887145651254728
540305,500000.0,13.122365377402328,24,576,1,183.0,2415.0,63.55,0.0,0.0,0,0,GK,Goalkeeper,-0.3631365818732494,-0.4300832297939503,0.09365646763058813,-0.2754212703885207,-0.27547181350655553,-0.3887432632188414,-0.3887145651254728
319786,100000.0,11.51293546492023,28,784,0,180.0,3613.0,95.08,0.0,0.0,0,0,GK,Goalkeeper,0.37936614977819844,0.2756918424422863,0.02653776508617154,0.2956804271583112,0.2956973067700623,-0.3887432632188414,-0.3887145651254728
73523,200000.0,12.206077645517674,34,1156,0,192.0,4305.0,113.29,0.0,0.0,0,0,GK,Goalkeeper,1.4931202472553702,1.5379434139417094,0.2950125752638379,0.6255655479449621,0.6255732877480901,-0.3887432632188414,-0.3887145651254728
696600,500000.0,13.122365377402328,21,441,1,186.0,2790.0,73.42,59.0,0.0364,1,0,GK,Goalkeeper,-0.9200136306118352,-0.8881583968703538,0.16077517017500473,-0.09665404452870269,-0.09667577109836585,0.6199227497038324,0.6206510640509911
421920,700000.0,13.45883704259595,27,729,1,185.0,2209.0,58.13,0.0,0.0,0,0,GK,Goalkeeper,0.19374046686533647,0.08906862622597374,0.13840226932686586,-0.3736240664608474,-0.3736556584764022,-0.3887432632188414,-0.3887145651254728
725963,75000.0,11.225256725762893,24,576,1,180.0,1260.0,33.16,0.0,0.0,0,0,GK,Goalkeeper,-0.3631365818732494,-0.4300832297939503,0.02653776508617154,-0.8260243260367601,-0.8259897191585193,-0.3887432632188414,-0.3887145651254728
193142,200000.0,12.206077645517674,33,1089,0,188.0,4050.0,106.58,68.0,0.0419,1,0,GK,Goalkeeper,1.3074945643425082,1.3106024050963831,0.20552097187128243,0.5040038343602858,0.5040209630713977,0.7737870567598335,0.7731651014265557
833271,400000.0,12.899222326086994,24,576,1,187.0,3510.0,92.37,0.0,0.0,0,0,GK,Goalkeeper,-0.3631365818732494,-0.4300832297939503,0.18314807102314357,0.24657902912214788,0.24660538428513903,-0.3887432632188414,-0.3887145651254728
323253,250000.0,12.429220196836383,30,900,0,187.0,6076.0,159.89,0.0,0.0,0,0,GK,Goalkeeper,0.7506175156039223,0.6692971711894182,0.18314807102314357,1.4698235666055959,1.4697369732821965,-0.3887432632188414,-0.3887145651254728
158327,700000.0,13.45883704259595,33,1089,0,182.0,5760.0,151.58,0.0,0.0,0,1,GK,Goalkeeper,1.3074945643425082,1.3106024050963831,0.07128356678244926,1.319182384281056,1.3192004877287973,-0.3887432632188414,-0.3887145651254728
129031,500000.0,13.122365377402328,34,1156,0,183.0,5653.0,148.76,14.0,0.0086,0,0,GK,Goalkeeper,1.4931202472553702,1.5379434139417094,0.09365646763058813,1.2681741358357213,1.2681159041835999,-0.149398785576173,-0.15023807032004452
380744,1500000.0,14.220976332738882,27,729,1,193.0,1440.0,37.89,0.0,0.0,0,1,GK,Goalkeeper,0.19374046686533647,0.08906862622597374,0.31738547611197676,-0.7402160576240475,-0.7403052935667526,-0.3887432632188414,-0.3887145651254728
703469,50000.0,10.819798284210286,22,484,1,192.0,1530.0,40.26,0.0,0.0,0,0,GK,Goalkeeper,-0.7343879476989733,-0.742252973283055,0.2950125752638379,-0.6973119234176912,-0.6973725052681295,-0.3887432632188414,-0.3887145651254728
319851,400000.0,12.899222326086994,29,841,0,189.0,4908.0,129.16,0.0,0.0,0,0,GK,Goalkeeper,0.5649918326910603,0.4691013574301011,0.2278938727194213,0.9130232471275495,0.9130599334439328,-0.3887432632188414,-0.3887145651254728
99397,200000.0,12.206077645517674,34,1156,0,190.0,1205.0,31.71,0.0,0.0,0,0,GK,Goalkeeper,1.4931202472553702,1.5379434139417094,0.25026677356756016,-0.8522435191628668,-0.8522566149530354,-0.3887432632188414,-0.3887145651254728
357658,4000000.0,15.201805169084134,25,625,1,191.0,3900.0,102.63,0.0,0.0,0,0,GK,Goalkeeper,-0.17751089896038744,-0.26381890989214457,0.27263967441569903,0.43249694401635863,0.43246631590702594,-0.3887432632188414,-0.3887145651254728
194386,100000.0,11.51293546492023,31,961,0,183.0,4620.0,121.58,0.0,0.0,0,0,GK,Goalkeeper,0.9362431985167843,0.8762792837202377,0.09365646763058813,0.7757300176672092,0.7757474712905308,-0.3887432632188414,-0.3887145651254728
614844,50000.0,10.819798284210286,22,484,1,0.0,1260.0,33.16,0.0,0.0,0,0,GK,Goalkeeper,-0.7343879476989733,-0.742252973283055,-4.000584387578824,-0.8260243260367601,-0.8259897191585193,-0.3887432632188414,-0.3887145651254728
273742,8000000.0,15.894952224644102,26,676,1,187.0,8491.0,223.45,0.0,0.0,0,0,GK,Goalkeeper,0.008114783952474518,-0.09076829121883655,0.18314807102314357,2.621084501142824,2.621132764109403,-0.3887432632188414,-0.3887145651254728
207834,5500000.0,15.520258832020865,33,1089,0,195.0,8017.0,210.97,8.0,0.0049,0,1,GK,Goalkeeper,1.3074945643425082,1.3106024050963831,0.3621312778082545,2.395122727656014,2.395056309271085,-0.2519749902801737,-0.25283842273633345
46252,600000.0,13.304686600863562,36,1296,0,190.0,4804.0,126.42,112.0,0.0691,1,1,GK,Goalkeeper,1.864371613081094,2.0129843279468687,0.25026677356756016,0.8634451364890933,0.8634245579425711,1.5260125579225055,1.527416340811166
201574,2200000.0,14.603968372873895,28,784,0,196.0,6916.0,182.0,0.0,0.0,0,0,GK,Goalkeeper,0.37936614977819844,0.2756918424422863,0.38450417865639336,1.8702621525315883,1.870261846397199,-0.3887432632188414,-0.3887145651254728
209291,300000.0,12.611541086966115,31,961,0,192.0,1785.0,46.97,0.0,0.0,0,0,GK,Goalkeeper,0.9362431985167843,0.8762792837202377,0.2950125752638379,-0.575750209833015,-0.5758201805914374,-0.3887432632188414,-0.3887145651254728
442531,5000000.0,15.424948670398354,32,1024,0,194.0,6567.0,172.82,0.0,0.0,0,0,GK,Goalkeeper,1.1218688814296462,1.0900476950225593,0.3397583769601156,1.7038894543313843,1.7039652233670894,-0.3887432632188414,-0.3887145651254728
189744,1800000.0,14.403297778421795,30,900,0,188.0,5292.0,139.26,144.0,0.0888,1,0,GK,Goalkeeper,0.7506175156039223,0.6692971711894182,0.20552097187128243,1.0960808864080032,1.096022448978149,2.073085649677176,2.0736938928654616
712592,200000.0,12.206077645517674,22,484,1,192.0,2808.0,73.89,0.0,0.0,0,0,GK,Goalkeeper,-0.7343879476989733,-0.742252973283055,0.2950125752638379,-0.08807321768743143,-0.08816167384083304,-0.3887432632188414,-0.3887145651254728
226049,3500000.0,15.068273812173887,27,729,1,188.0,8040.0,211.58,107.0,0.066,1,0,GK,Goalkeeper,0.19374046686533647,0.08906862622597374,0.20552097187128243,2.4060871175087493,2.4061065206053303,1.4405323873358382,1.4414538833813026
249164,200000.0,12.206077645517674,30,900,0,195.0,3969.0,104.45,0.0,0.0,0,1,GK,Goalkeeper,0.7506175156039223,0.6692971711894182,0.3621312778082545,0.4653901135745651,0.4654357989042809,-0.3887432632188414,-0.3887145651254728
116918,300000.0,12.611541086966115,32,1024,0,192.0,6900.0,181.58,0.0,0.0,0,0,GK,Goalkeeper,1.1218688814296462,1.0900476950225593,0.2950125752638379,1.8626347508949026,1.8626535041670635,-0.3887432632188414,-0.3887145651254728
177952,150000.0,11.918397239722838,31,961,0,190.0,239.0,6.29,0.0,0.0,0,0,GK,Goalkeeper,0.9362431985167843,0.8762792837202377,0.25026677356756016,-1.312747892977758,-1.3127424708817261,-0.3887432632188414,-0.3887145651254728
250870,1400000.0,14.151983508870947,30,900,0,193.0,4680.0,123.16,50.0,0.0308,1,0,GK,Goalkeeper,0.7506175156039223,0.6692971711894182,0.31738547611197676,0.8043327738047801,0.8043693301562794,0.46605844264783136,0.465364044177689
95795,300000.0,12.611541086966115,34,1156,0,192.0,4710.0,123.95,0.0,0.0,0,0,GK,Goalkeeper,1.4931202472553702,1.5379434139417094,0.2950125752638379,0.8186341518735655,0.8186802595891539,-0.3887432632188414,-0.3887145651254728
57070,100000.0,11.51293546492023,36,1296,0,185.0,90.0,2.37,0.0,0.0,0,0,GK,Goalkeeper,1.864371613081094,2.0129843279468687,0.13840226932686586,-1.3837780707193923,-1.3837536650296596,-0.3887432632188414,-0.3887145651254728
190263,8000000.0,15.894952224644102,29,841,0,191.0,6167.0,162.29,149.0,0.0919,1,0,GK,Goalkeeper,0.5649918326910603,0.4691013574301011,0.27263967441569903,1.513204413414245,1.5132132145972579,2.1585658202638434,2.1596563502953248
400044,700000.0,13.45883704259595,27,729,1,189.0,4410.0,116.05,0.0,0.0,0,0,GK,Goalkeeper,0.19374046686533647,0.08906862622597374,0.2278938727194213,0.675620371185711,0.6755709652604104,-0.3887432632188414,-0.3887145651254728
696892,150000.0,11.918397239722838,23,529,1,195.0,900.0,23.68,0.0,0.0,0,0,GK,Goalkeeper,-0.5487622647861113,-0.5895612509242537,0.3621312778082545,-0.9976408628621855,-0.9977208723530113,-0.3887432632188414,-0.3887145651254728
121254,350000.0,12.765691290604371,32,1024,0,185.0,540.0,14.21,0.0,0.0,0,0,GK,Goalkeeper,1.1218688814296462,1.0900476950225593,0.13840226932686586,-1.1692573996876108,-1.1692708745420242,-0.3887432632188414,-0.3887145651254728
319306,150000.0,11.918397239722838,27,729,1,185.0,360.0,9.47,0.0,0.0,0,0,GK,Goalkeeper,0.19374046686533647,0.08906862622597374,0.13840226932686586,-1.2550656681003234,-1.2551364511392702,-0.3887432632188414,-0.3887145651254728
91340,150000.0,11.918397239722838,33,1089,0,185.0,160.0,4.21,0.0,0.0,0,0,GK,Goalkeeper,1.3074945643425082,1.3106024050963831,0.13840226932686586,-1.350408188558893,-1.3504218800214463,-0.3887432632188414,-0.3887145651254728
581890,900000.0,13.710151153416941,25,625,1,198.0,8357.0,219.92,153.0,0.0943,1,0,GK,Goalkeeper,-0.17751089896038744,-0.26381890989214457,0.4292499803526711,2.557205012435582,2.5571864591751674,2.226949956733177,2.2262079302410256
186901,3000000.0,14.914123179965662,28,784,0,194.0,3690.0,97.11,0.0,0.0,0,0,GK,Goalkeeper,0.37936614977819844,0.2756918424422863,0.3397583769601156,0.3323872975348605,0.332470960882385,-0.3887432632188414,-0.3887145651254728
296582,2800000.0,14.845130332288226,28,784,0,189.0,9120.0,240.0,0.0,0.0,0,0,GK,Goalkeeper,0.37936614977819844,0.2756918424422863,0.2278938727194213,2.9209367279850253,2.9209376781778467,-0.3887432632188414,-0.3887145651254728
888575,200000.0,12.206077645517674,19,361,0,0.0,750.0,19.74,0.0,0.0,0,0,GK,Goalkeeper,-1.291264996437559,-1.159610347730445,-4.000584387578824,-1.0691477532061127,-1.0690943685119036,-0.3887432632188414,-0.3887145651254728
504042,100000.0,11.51293546492023,23,529,1,195.0,1989.0,52.34,0.0,0.0,0,0,GK,Goalkeeper,-0.5487622647861113,-0.5895612509242537,0.3621312778082545,-0.47850083896527396,-0.47854209064898756,-0.3887432632188414,-0.3887145651254728
396859,1200000.0,13.997832948091215,25,625,1,185.0,6075.0,159.87,0.0,0.0,0,0,GK,Goalkeeper,-0.17751089896038744,-0.26381890989214457,0.13840226932686586,1.469346854003303,1.469374671271238,-0.3887432632188414,-0.3887145651254728
527329,2500000.0,14.731801689838349,22,484,1,188.0,3068.0,80.74,168.0,0.1036,1,0,GK,Goalkeeper,-0.7343879476989733,-0.742252973283055,0.20552097187128243,0.035872058908709065,0.035926764912570984,2.483390468493179,2.484095302530617
461505,200000.0,12.206077645517674,25,625,1,189.0,4933.0,129.82,0.0,0.0,0,0,GK,Goalkeeper,-0.17751089896038744,-0.26381890989214457,0.2278938727194213,0.9249410621848706,0.9250158998055745,-0.3887432632188414,-0.3887145651254728
967307,350000.0,12.765691290604371,19,361,0,0.0,450.0,11.84,0.0,0.0,0,0,GK,Goalkeeper,-1.291264996437559,-1.159610347730445,-4.000584387578824,-1.212161533893967,-1.212203662840647,-0.3887432632188414,-0.3887145651254728
89648,100000.0,11.51293546492023,33,1089,0,186.0,1171.0,30.82,0.0,0.0,0,0,GK,Goalkeeper,1.3074945643425082,1.3106024050963831,0.16077517017500473,-0.8684517476408237,-0.868379054440704,-0.3887432632188414,-0.3887145651254728
322770,900000.0,13.710151153416941,26,676,1,198.0,5340.0,140.53,93.0,0.0573,1,1,GK,Goalkeeper,0.008114783952474518,-0.09076829121883655,0.4292499803526711,1.1189630913180597,1.1190286266740357,1.2011879096931697,1.2002044060781365
320871,50000.0,10.819798284210286,26,676,1,189.0,1605.0,42.24,0.0,0.0,0,0,GK,Goalkeeper,0.008114783952474518,-0.09076829121883655,0.2278938727194213,-0.6615584782457276,-0.661504606183204,-0.3887432632188414,-0.3887145651254728
242284,1200000.0,13.997832948091215,29,841,0,195.0,3270.0,86.05,0.0,0.0,0,0,GK,Goalkeeper,0.5649918326910603,0.4691013574301011,0.3621312778082545,0.13216800457186437,0.13211794882214414,-0.3887432632188414,-0.3887145651254728
371013,2000000.0,14.508658238524095,24,576,1,187.0,5535.0,145.66,0.0,0.0,0,0,GK,Goalkeeper,-0.3631365818732494,-0.4300832297939503,0.18314807102314357,1.2119220487651652,1.2119590924849792,-0.3887432632188414,-0.3887145651254728
549440,2500000.0,14.731801689838349,26,676,1,197.0,4860.0,127.89,49.0,0.0302,1,0,GK,Goalkeeper,0.008114783952474518,-0.09076829121883655,0.4068770795045322,0.8901410422174927,0.8900537557480462,0.4489624085304979,0.4487261491912638
77757,1800000.0,14.403297778421795,32,1024,0,190.0,7577.0,199.39,0.0,0.0,0,0,GK,Goalkeeper,1.1218688814296462,1.0900476950225593,0.25026677356756016,2.1853691826471606,2.185283444925914,-0.3887432632188414,-0.3887145651254728
291097,1000000.0,13.815511557963774,27,729,1,195.0,6286.0,165.42,0.0,0.0,0,0,GK,Goalkeeper,0.19374046686533647,0.08906862622597374,0.3621312778082545,1.569933213087094,1.569913479312317,-0.3887432632188414,-0.3887145651254728
481804,50000.0,10.819798284210286,25,625,1,186.0,1260.0,33.16,0.0,0.0,0,0,GK,Goalkeeper,-0.17751089896038744,-0.26381890989214457,0.16077517017500473,-0.8260243260367601,-0.8259897191585193,-0.3887432632188414,-0.3887145651254728
565979,1000000.0,13.815511557963774,23,529,1,197.0,3840.0,101.05,0.0,0.0,0,0,GK,Goalkeeper,-0.5487622647861113,-0.5895612509242537,0.4068770795045322,0.4038941878787877,0.40384445704127725,-0.3887432632188414,-0.3887145651254728
419120,200000.0,12.206077645517674,36,1296,0,195.0,5717.0,150.45,0.0,0.0,0,0,GK,Goalkeeper,1.864371613081094,2.0129843279468687,0.3621312778082545,1.2986837423824635,1.2987304241096223,-0.3887432632188414,-0.3887145651254728
243591,450000.0,13.017005083966255,31,961,0,194.0,4320.0,113.68,0.0,0.0,0,1,GK,Goalkeeper,0.9362431985167843,0.8762792837202377,0.3397583769601156,0.6327162369793548,0.6326381769617875,-0.3887432632188414,-0.3887145651254728
151334,300000.0,12.611541086966115,31,961,0,193.0,2174.0,57.21,0.0,0.0,0,0,GK,Goalkeeper,0.9362431985167843,0.8762792837202377,0.31738547611197676,-0.3903090075410971,-0.3903215509805091,-0.3887432632188414,-0.3887145651254728
690548,150000.0,11.918397239722838,22,484,1,193.0,1395.0,36.71,0.0,0.0,0,0,GK,Goalkeeper,-0.7343879476989733,-0.742252973283055,0.31738547611197676,-0.7616681247272257,-0.7616811122133244,-0.3887432632188414,-0.3887145651254728
335615,800000.0,13.592368256649284,27,729,1,196.0,2371.0,62.39,0.0,0.0,0,0,GK,Goalkeeper,0.19374046686533647,0.08906862622597374,0.38450417865639336,-0.296396624889406,-0.29648533014216844,-0.3887432632188414,-0.3887145651254728
67797,300000.0,12.611541086966115,37,1369,0,196.0,6771.0,178.18,7.0,0.0043,0,0,GK,Goalkeeper,2.049997295993956,2.260684233106702,0.38450417865639336,1.8011388251991254,1.80106216230406,-0.2690710243975072,-0.26947631772275865
542586,16000000.0,16.588099342704055,24,576,1,197.0,7913.0,208.24,0.0,0.0,0,1,GK,Goalkeeper,-0.3631365818732494,-0.4300832297939503,0.4068770795045322,2.345544617017558,2.3456020847752024,-0.3887432632188414,-0.3887145651254728
326363,800000.0,13.592368256649284,29,841,0,195.0,4080.0,107.37,115.0,0.0709,1,0,GK,Goalkeeper,0.5649918326910603,0.4691013574301011,0.3621312778082545,0.5183052124290712,0.5183318925042721,1.5773006602745059,1.5773300257704421
339253,750000.0,13.527829818844937,26,676,1,185.0,6358.0,167.32,0.0,0.0,0,0,GK,Goalkeeper,0.008114783952474518,-0.09076829121883655,0.13840226932686586,1.604256520452179,1.6043321703534072,-0.3887432632188414,-0.3887145651254728
354456,1400000.0,14.151983508870947,26,676,1,185.0,6392.0,168.21,103.0,0.0635,1,0,GK,Goalkeeper,0.008114783952474518,-0.09076829121883655,0.13840226932686586,1.6204647489301358,1.6204546098410761,1.3721482508665044,1.3721293209378642
123536,150000.0,11.918397239722838,34,1156,0,191.0,570.0,15.0,0.0,0.0,0,0,GK,Goalkeeper,1.4931202472553702,1.5379434139417094,0.27263967441569903,-1.1549560216188253,-1.1549599451091497,-0.3887432632188414,-0.3887145651254728
505040,100000.0,11.51293546492023,24,576,1,187.0,540.0,14.21,0.0,0.0,0,0,GK,Goalkeeper,-0.3631365818732494,-0.4300832297939503,0.18314807102314357,-1.1692573996876108,-1.1692708745420242,-0.3887432632188414,-0.3887145651254728
244970,200000.0,12.206077645517674,29,841,0,188.0,3450.0,90.79,0.0,0.0,0,0,GK,Goalkeeper,0.5649918326910603,0.4691013574301011,0.20552097187128243,0.217976272984577,0.21798352541939037,-0.3887432632188414,-0.3887145651254728
559805,50000.0,10.819798284210286,22,484,1,194.0,270.0,7.11,0.0,0.0,0,0,GK,Goalkeeper,-0.7343879476989733,-0.742252973283055,0.3397583769601156,-1.2979698023066797,-1.2978880884324138,-0.3887432632188414,-0.3887145651254728
662744,350000.0,12.765691290604371,21,441,1,196.0,4981.0,131.08,0.0,0.0,0,0,GK,Goalkeeper,-0.9200136306118352,-0.8881583968703538,0.38450417865639336,0.9478232670949274,0.9478409264959821,-0.3887432632188414,-0.3887145651254728
33027,250000.0,12.429220196836383,36,1296,0,193.0,540.0,14.21,0.0,0.0,0,1,GK,Goalkeeper,1.864371613081094,2.0129843279468687,0.31738547611197676,-1.1692573996876108,-1.1692708745420242,-0.3887432632188414,-0.3887145651254728
566799,22000000.0,16.906553056777135,22,484,1,197.0,6570.0,172.89,0.0,0.0,0,0,GK,Goalkeeper,-0.7343879476989733,-0.742252973283055,0.4068770795045322,1.705319592138263,1.7052332804054453,-0.3887432632188414,-0.3887145651254728
697515,150000.0,11.918397239722838,25,625,1,187.0,2475.0,65.13,0.0,0.0,0,0,GK,Goalkeeper,-0.17751089896038744,-0.26381890989214457,0.18314807102314357,-0.2468185142509498,-0.24684995464080686,-0.3887432632188414,-0.3887145651254728
50286,50000.0,10.819798284210286,36,1296,0,183.0,2906.0,76.47,0.0,0.0,0,0,GK,Goalkeeper,1.864371613081094,2.0129843279468687,0.09365646763058813,-0.041355382662732317,-0.04142471442714217,-0.3887432632188414,-0.3887145651254728
258914,1000000.0,13.815511557963774,27,729,1,184.0,4132.0,108.74,0.0,0.0,0,0,GK,Goalkeeper,0.19374046686533647,0.08906862622597374,0.116029368478727,0.5430942677482994,0.5431495802549529,-0.3887432632188414,-0.3887145651254728
932854,100000.0,11.51293546492023,19,361,0,193.0,1980.0,52.11,0.0,0.0,0,0,GK,Goalkeeper,-1.291264996437559,-1.159610347730445,0.31738547611197676,-0.4827912523859096,-0.48270856377501437,-0.3887432632188414,-0.3887145651254728
533078,9000000.0,16.012735246411598,25,625,1,186.0,5850.0,153.95,0.0,0.0,0,0,GK,Goalkeeper,-0.17751089896038744,-0.26381890989214457,0.16077517017500473,1.3620865184874122,1.3621332760274198,-0.3887432632188414,-0.3887145651254728
465952,300000.0,12.611541086966115,24,576,1,184.0,4740.0,124.74,0.0,0.0,0,0,GK,Goalkeeper,-0.3631365818732494,-0.4300832297939503,0.116029368478727,0.832935529942351,0.8329911890220282,-0.3887432632188414,-0.3887145651254728
465836,800000.0,13.592368256649284,23,529,1,188.0,180.0,4.74,0.0,0.0,0,0,GK,Goalkeeper,-0.5487622647861113,-0.5895612509242537,0.20552097187128243,-1.340873936513036,-1.3408208767310368,-0.3887432632188414,-0.3887145651254728
67283,100000.0,11.51293546492023,37,1369,0,193.0,1830.0,48.16,0.0,0.0,0,0,GK,Goalkeeper,2.049997295993956,2.260684233106702,0.31738547611197676,-0.5542981427298368,-0.5542632109393861,-0.3887432632188414,-0.3887145651254728
128895,300000.0,12.611541086966115,31,961,0,187.0,5130.0,135.0,0.0,0.0,0,1,GK,Goalkeeper,0.9362431985167843,0.8762792837202377,0.18314807102314357,1.0188534448365616,1.0188521206439152,-0.3887432632188414,-0.3887145651254728
691906,11000000.0,16.213405921671733,25,625,1,190.0,4410.0,116.05,65.0,0.0401,1,0,GK,Goalkeeper,-0.17751089896038744,-0.26381890989214457,0.25026677356756016,0.675620371185711,0.6755709652604104,0.7224989544078332,0.72325141646728
670860,5000000.0,15.424948670398354,20,400,0,201.0,7650.0,201.32,0.0,0.0,0,0,GK,Goalkeeper,-1.1056393135246971,-1.0272775216861505,0.49636868289708763,2.2201692026145388,2.2202455889834423,-0.3887432632188414,-0.3887145651254728
245092,75000.0,11.225256725762893,28,784,0,188.0,4436.0,116.74,0.0,0.0,0,0,GK,Goalkeeper,0.37936614977819844,0.2756918424422863,0.20552097187128243,0.6880148988453252,0.6880703846384905,-0.3887432632188414,-0.3887145651254728
121352,600000.0,13.304686600863562,32,1024,0,186.0,2820.0,74.21,124.0,0.0764,1,0,GK,Goalkeeper,1.1218688814296462,1.0900476950225593,0.16077517017500473,-0.08235266645991725,-0.08236484166549166,1.731164967330507,1.7298440631460064
242681,200000.0,12.206077645517674,29,841,0,193.0,1660.0,43.68,55.0,0.0339,1,0,GK,Goalkeeper,0.5649918326910603,0.4691013574301011,0.31738547611197676,-0.6353392851196209,-0.6354188613941671,0.5515386132344986,0.5513265016075527
861600,300000.0,12.611541086966115,19,361,0,186.0,1380.0,36.32,0.0,0.0,0,0,GK,Goalkeeper,-1.291264996437559,-1.159610347730445,0.16077517017500473,-0.7688188137616184,-0.7687460014270218,-0.3887432632188414,-0.3887145651254728
696849,700000.0,13.45883704259595,24,576,1,191.0,720.0,18.95,0.0,0.0,0,0,GK,Goalkeeper,-0.3631365818732494,-0.4300832297939503,0.27263967441569903,-1.0834491312748982,-1.083405297944778,-0.3887432632188414,-0.3887145651254728
475946,14000000.0,16.454567959008102,24,576,1,189.0,8220.0,216.32,22.0,0.0136,0,0,GK,Goalkeeper,-0.3631365818732494,-0.4300832297939503,0.2278938727194213,2.491895385921462,2.4919720972025754,-0.012630512637505377,-0.01158894543316762
49089,50000.0,10.819798284210286,35,1225,0,188.0,674.0,17.74,0.0,0.0,0,0,GK,Goalkeeper,1.6787459301682321,1.7720707215585378,0.20552097187128243,-1.1053779109803692,-1.105324569607788,-0.3887432632188414,-0.3887145651254728
728516,300000.0,12.611541086966115,20,400,0,191.0,5397.0,142.03,0.0,0.0,0,1,GK,Goalkeeper,-1.1056393135246971,-1.0272775216861505,0.27263967441569903,1.146135709648752,1.146201277495949,-0.3887432632188414,-0.3887145651254728
92983,75000.0,11.225256725762893,37,1369,0,191.0,90.0,2.37,0.0,0.0,0,0,GK,Goalkeeper,2.049997295993956,2.260684233106702,0.27263967441569903,-1.3837780707193923,-1.3837536650296596,-0.3887432632188414,-0.3887145651254728
655877,350000.0,12.765691290604371,21,441,1,191.0,1885.0,49.61,0.0,0.0,0,0,GK,Goalkeeper,-0.9200136306118352,-0.8881583968703538,0.27263967441569903,-0.5280789496037301,-0.5279963151448699,-0.3887432632188414,-0.3887145651254728
200475,200000.0,12.206077645517674,37,1369,0,184.0,5940.0,156.32,0.0,0.0,0,0,GK,Goalkeeper,2.049997295993956,2.260684233106702,0.116029368478727,1.4049906526937685,1.405066064326043,-0.3887432632188414,-0.3887145651254728
120186,1400000.0,14.151983508870947,30,900,0,191.0,4573.0,120.34,90.0,0.0555,1,0,GK,Goalkeeper,0.7506175156039223,0.6692971711894182,0.27263967441569903,0.7533245253594454,0.7532847466110826,1.1498998073411695,1.1502907211188609
164499,500000.0,13.122365377402328,31,961,0,191.0,1358.0,35.74,0.0,0.0,0,1,GK,Goalkeeper,0.9362431985167843,0.8762792837202377,0.27263967441569903,-0.7793064910120611,-0.7792527597448282,-0.3887432632188414,-0.3887145651254728
515496,3500000.0,15.068273812173887,28,784,0,197.0,5910.0,155.53,155.0,0.0956,1,0,GK,Goalkeeper,0.37936614977819844,0.2756918424422863,0.4068770795045322,1.390689274624983,1.3907551348931688,2.2611420249678438,2.262256702711614
255322,300000.0,12.611541086966115,28,784,0,190.0,3772.0,99.26,0.0,0.0,0,0,GK,Goalkeeper,0.37936614977819844,0.2756918424422863,0.25026677356756016,0.37147773092287406,0.37141842706046085,-0.3887432632188414,-0.3887145651254728
108880,4500000.0,15.319588176962746,32,1024,0,197.0,5790.0,152.37,41.0,0.0253,1,1,GK,Goalkeeper,1.1218688814296462,1.0900476950225593,0.4068770795045322,1.3334837623498415,1.3335114171616715,0.3121941355918303,0.3128500068021244
338651,2000000.0,14.508658238524095,26,676,1,187.0,6283.0,165.34,35.0,0.0216,0,0,GK,Goalkeeper,0.008114783952474518,-0.09076829121883655,0.18314807102314357,1.5685030752802154,1.568464271268482,0.20961793088782954,0.21024965438583548
607133,150000.0,11.918397239722838,21,441,1,210.0,1569.0,41.29,321.0,0.1979,1,0,GK,Goalkeeper,-0.9200136306118352,-0.8881583968703538,0.6977247905303374,-0.6787201319282701,-0.678713951703749,5.099083688445197,5.0990177978971145
387197,2000000.0,14.508658238524095,29,841,0,189.0,5525.0,145.39,41.0,0.0253,1,0,GK,Goalkeeper,0.5649918326910603,0.4691013574301011,0.2278938727194213,1.2071549227422367,1.2070680153370346,0.3121941355918303,0.3128500068021244
887646,75000.0,11.225256725762893,18,324,0,187.0,4445.0,116.97,0.0,0.0,0,0,GK,Goalkeeper,-1.476890679350421,-1.285156875003237,0.18314807102314357,0.6923053122659608,0.6922368577645173,-0.3887432632188414,-0.3887145651254728
97925,750000.0,13.527829818844937,35,1225,0,190.0,6810.0,179.21,0.0,0.0,0,0,GK,Goalkeeper,1.6787459301682321,1.7720707215585378,0.25026677356756016,1.8197306166885463,1.8197207158684405,-0.3887432632188414,-0.3887145651254728
690624,50000.0,10.819798284210286,20,400,0,192.0,2070.0,54.47,0.0,0.0,0,0,GK,Goalkeeper,-1.1056393135246971,-1.0272775216861505,0.2950125752638379,-0.4398871181795533,-0.43995692648187074,-0.3887432632188414,-0.3887145651254728
632912,500000.0,13.122365377402328,25,625,1,188.0,4080.0,107.37,35.0,0.0216,0,0,GK,Goalkeeper,-0.17751089896038744,-0.26381890989214457,0.20552097187128243,0.5183052124290712,0.5183318925042721,0.20961793088782954,0.21024965438583548
462285,1500000.0,14.220976332738882,24,576,1,193.0,3570.0,93.95,0.0,0.0,0,0,GK,Goalkeeper,-0.3631365818732494,-0.4300832297939503,0.31738547611197676,0.27518178525971876,0.2752272431508877,-0.3887432632188414,-0.3887145651254728
1130747,10000.0,9.210440366976517,18,324,0,188.0,1727.0,45.45,0.0,0.0,0,0,GK,Goalkeeper,-1.476890679350421,-1.285156875003237,0.20552097187128243,-0.6033995407660001,-0.6033551334243094,-0.3887432632188414,-0.3887145651254728
560423,850000.0,13.652992804936396,26,676,1,180.0,5220.0,137.37,0.0,0.0,0,0,GK,Goalkeeper,0.008114783952474518,-0.09076829121883655,0.02653776508617154,1.061757579042918,1.0617849089425384,-0.3887432632188414,-0.3887145651254728
721670,250000.0,12.429220196836383,20,400,0,190.0,3510.0,92.37,0.0,0.0,0,0,GK,Goalkeeper,-1.1056393135246971,-1.0272775216861505,0.25026677356756016,0.24657902912214788,0.24660538428513903,-0.3887432632188414,-0.3887145651254728
1187446,25000.0,10.12667110305036,18,324,0,0.0,1341.0,35.29,0.0,0.0,0,0,GK,Goalkeeper,-1.476890679350421,-1.285156875003237,-4.000584387578824,-0.7874106052510395,-0.7874045549914023,-0.3887432632188414,-0.3887145651254728
723005,250000.0,12.429220196836383,20,400,0,188.0,4547.0,119.66,0.0,0.0,0,1,GK,Goalkeeper,-1.1056393135246971,-1.0272775216861505,0.20552097187128243,0.7409299976998313,0.7409664782384817,-0.3887432632188414,-0.3887145651254728
170672,250000.0,12.429220196836383,30,900,0,197.0,1322.0,34.79,89.0,0.0549,1,1,GK,Goalkeeper,0.7506175156039223,0.6692971711894182,0.4068770795045322,-0.7964681446946036,-0.7964621052653734,1.132803773223836,1.1336528261324355
1188773,75000.0,11.225256725762893,18,324,0,0.0,3390.0,89.21,0.0,0.0,0,0,GK,Goalkeeper,-1.476890679350421,-1.285156875003237,-4.000584387578824,0.18937351684700612,0.18936166655364145,-0.3887432632188414,-0.3887145651254728
367443,125000.0,11.736077016252437,24,576,1,192.0,1224.0,32.21,0.0,0.0,0,0,GK,Goalkeeper,-0.3631365818732494,-0.4300832297939503,0.2950125752638379,-0.8431859797193026,-0.8431990646790642,-0.3887432632188414,-0.3887145651254728
591190,150000.0,11.918397239722838,24,576,1,188.0,2565.0,67.5,0.0,0.0,0,0,GK,Goalkeeper,-0.3631365818732494,-0.4300832297939503,0.20552097187128243,-0.2039143800445935,-0.20391716634218376,-0.3887432632188414,-0.3887145651254728
360247,50000.0,10.819798284210286,33,1089,0,178.0,360.0,9.47,0.0,0.0,0,0,GK,Goalkeeper,1.3074945643425082,1.3106024050963831,-0.018208036610106185,-1.2550656681003234,-1.2551364511392702,-0.3887432632188414,-0.3887145651254728
25520,150000.0,11.918397239722838,41,1681,0,188.0,3864.0,101.68,218.0,0.1344,1,0,GK,Goalkeeper,2.7925000276454037,3.3193468414610567,0.20552097187128243,0.4153352903338161,0.415256970386481,3.3381921743598517,3.3381739118337785
458417,50000.0,10.819798284210286,24,576,1,196.0,1440.0,37.89,78.0,0.0481,1,0,GK,Goalkeeper,-0.3631365818732494,-0.4300832297939503,0.38450417865639336,-0.7402160576240475,-0.7403052935667526,0.9447473979331681,0.945090016286283
870941,150000.0,11.918397239722838,21,441,1,192.0,2940.0,77.37,0.0,0.0,0,0,GK,Goalkeeper,-0.9200136306118352,-0.8881583968703538,0.2950125752638379,-0.025147154184775485,-0.025121123933994082,-0.3887432632188414,-0.3887145651254728
235108,200000.0,12.206077645517674,31,961,0,190.0,1215.0,31.97,0.0,0.0,0,0,GK,Goalkeeper,0.9362431985167843,0.8762792837202377,0.25026677356756016,-0.8474763931399383,-0.8475466888105704,-0.3887432632188414,-0.3887145651254728
813854,25000.0,10.12667110305036,21,441,1,0.0,840.0,22.11,0.0,0.0,0,0,GK,Goalkeeper,-0.9200136306118352,-0.8881583968703538,-4.000584387578824,-1.0262436189997564,-1.0261615802132806,-0.3887432632188414,-0.3887145651254728
933215,800000.0,13.592368256649284,19,361,0,190.0,6330.0,166.58,0.0,0.0,0,0,GK,Goalkeeper,-1.291264996437559,-1.159610347730445,0.25026677356756016,1.5909085675879793,1.5909269959479304,-0.3887432632188414,-0.3887145651254728
988112,50000.0,10.819798284210286,23,529,1,193.0,405.0,10.66,0.0,0.0,0,0,GK,Goalkeeper,-0.5487622647861113,-0.5895612509242537,0.31738547611197676,-1.2336136009971452,-1.233579481487219,-0.3887432632188414,-0.3887145651254728
480453,900000.0,13.710151153416941,24,576,1,190.0,1092.0,28.74,168.0,0.1036,1,0,GK,Goalkeeper,-0.3631365818732494,-0.4300832297939503,0.25026677356756016,-0.9061120432219586,-0.9060584635804239,2.483390468493179,2.484095302530617
927910,50000.0,10.819798284210286,18,324,0,0.0,3330.0,87.63,0.0,0.0,0,0,GK,Goalkeeper,-1.476890679350421,-1.285156875003237,-4.000584387578824,0.16077076070943525,0.1607398076878928,-0.3887432632188414,-0.3887145651254728
675245,150000.0,11.918397239722838,23,529,1,188.0,2700.0,71.05,0.0,0.0,0,0,GK,Goalkeeper,-0.5487622647861113,-0.5895612509242537,0.20552097187128243,-0.13955817873505902,-0.13960855939698896,-0.3887432632188414,-0.3887145651254728
979859,50000.0,10.819798284210286,18,324,0,191.0,4395.0,115.66,0.0,0.0,0,0,GK,Goalkeeper,-1.476890679350421,-1.285156875003237,0.27263967441569903,0.6684696821513184,0.6685060760467129,-0.3887432632188414,-0.3887145651254728
477476,50000.0,10.819798284210286,23,529,1,187.0,390.0,10.26,0.0,0.0,0,0,GK,Goalkeeper,-0.5487622647861113,-0.5895612509242537,0.18314807102314357,-1.2407642900315379,-1.2408255217063957,-0.3887432632188414,-0.3887145651254728
142479,225000.0,12.323860125621126,33,1089,0,187.0,2100.0,55.26,0.0,0.0,0,0,GK,Goalkeeper,1.3074945643425082,1.3106024050963831,0.18314807102314357,-0.42558574011076783,-0.4256459970489964,-0.3887432632188414,-0.3887145651254728
595935,200000.0,12.206077645517674,22,484,1,191.0,450.0,11.84,591.0,0.3644,1,0,GK,Goalkeeper,-0.7343879476989733,-0.742252973283055,0.27263967441569903,-1.212161533893967,-1.212203662840647,9.715012900125231,9.716033656630117
524764,175000.0,12.07254696717504,24,576,1,196.0,2970.0,78.16,0.0,0.0,0,0,GK,Goalkeeper,-0.3631365818732494,-0.4300832297939503,0.38450417865639336,-0.010845776115990044,-0.010810194501119882,-0.3887432632188414,-0.3887145651254728
143338,100000.0,11.51293546492023,32,1024,0,186.0,2565.0,67.5,7.0,0.0043,0,0,GK,Goalkeeper,1.1218688814296462,1.0900476950225593,0.16077517017500473,-0.2039143800445935,-0.20391716634218376,-0.2690710243975072,-0.26947631772275865
116471,200000.0,12.206077645517674,31,961,0,192.0,1080.0,28.42,66.0,0.0407,1,1,GK,Goalkeeper,0.9362431985167843,0.8762792837202377,0.2950125752638379,-0.9118325944494728,-0.9118552957557652,0.7395949885251666,0.7398893114537053
933570,25000.0,10.12667110305036,21,441,1,195.0,3067.0,80.71,0.0,0.0,0,0,GK,Goalkeeper,-0.9200136306118352,-0.8881583968703538,0.3621312778082545,0.03539534630641621,0.035383311896132696,-0.3887432632188414,-0.3887145651254728
796234,200000.0,12.206077645517674,20,400,0,192.0,2285.0,60.13,0.0,0.0,0,0,GK,Goalkeeper,-1.1056393135246971,-1.0272775216861505,0.2950125752638379,-0.3373939086865909,-0.33742545738051777,-0.3887432632188414,-0.3887145651254728
215551,300000.0,12.611541086966115,30,900,0,189.0,3339.0,87.87,0.0,0.0,0,0,GK,Goalkeeper,0.7506175156039223,0.6692971711894182,0.2278938727194213,0.16506117413007088,0.1650874318193991,-0.3887432632188414,-0.3887145651254728
821328,125000.0,11.736077016252437,26,676,1,0.0,1845.0,48.55,0.0,0.0,0,1,GK,Goalkeeper,0.008114783952474518,-0.09076829121883655,-4.000584387578824,-0.547147453695444,-0.5471983217256886,-0.3887432632188414,-0.3887145651254728
928573,25000.0,10.12667110305036,20,400,0,198.0,2160.0,56.84,0.0,0.0,0,0,GK,Goalkeeper,-1.1056393135246971,-1.0272775216861505,0.4292499803526711,-0.3969829839731969,-0.3970241381832476,-0.3887432632188414,-0.3887145651254728
356579,100000.0,11.51293546492023,30,900,0,0.0,2427.0,63.87,0.0,0.0,0,0,GK,Goalkeeper,0.7506175156039223,0.6692971711894182,-4.000584387578824,-0.2697007191610065,-0.26967498133121404,-0.3887432632188414,-0.3887145651254728
646991,4000000.0,15.201805169084134,21,441,1,193.0,3779.0,99.45,19.0,0.0117,0,1,GK,Goalkeeper,-0.9200136306118352,-0.8881583968703538,0.31738547611197676,0.374814719138924,0.37486029616456984,-0.06391861498950574,-0.06427561289018081
353180,200000.0,12.206077645517674,31,961,0,186.0,3090.0,81.32,0.0,0.0,0,0,GK,Goalkeeper,0.9362431985167843,0.8762792837202377,0.16077517017500473,0.04635973615915172,0.04643352323037743,-0.3887432632188414,-0.3887145651254728
33210,75000.0,11.225256725762893,37,1369,0,195.0,827.0,21.76,0.0,0.0,0,0,GK,Goalkeeper,2.049997295993956,2.260684233106702,0.3621312778082545,-1.0324408828295633,-1.0325018654050602,-0.3887432632188414,-0.3887145651254728
562327,75000.0,11.225256725762893,24,576,1,183.0,286.0,7.53,0.0,0.0,0,0,GK,Goalkeeper,-0.3631365818732494,-0.4300832297939503,0.09365646763058813,-1.2903424006699942,-1.290279746202278,-0.3887432632188414,-0.3887145651254728
110744,125000.0,11.736077016252437,33,1089,0,193.0,2175.0,57.24,0.0,0.0,0,0,GK,Goalkeeper,1.3074945643425082,1.3106024050963831,0.31738547611197676,-0.3898322949388042,-0.38977809796407076,-0.3887432632188414,-0.3887145651254728
560413,150000.0,11.918397239722838,28,784,0,187.0,2533.0,66.66,15.0,0.0092,0,0,GK,Goalkeeper,0.37936614977819844,0.2756918424422863,0.18314807102314357,-0.21916918331796462,-0.21913385080245526,-0.13230275145883957,-0.1336001753336193
1105972,50000.0,10.819798284210286,18,324,0,196.0,2700.0,71.05,0.0,0.0,0,0,GK,Goalkeeper,-1.476890679350421,-1.285156875003237,0.38450417865639336,-0.13955817873505902,-0.13960855939698896,-0.3887432632188414,-0.3887145651254728
534015,700000.0,13.45883704259595,27,729,1,196.0,5828.0,153.37,29.0,0.0179,0,0,GK,Goalkeeper,0.19374046686533647,0.08906862622597374,0.38450417865639336,1.3515988412369697,1.3516265177096136,0.1070417261838288,0.10764930196954653
593163,25000.0,10.12667110305036,22,484,1,189.0,2430.0,63.95,0.0,0.0,0,0,GK,Goalkeeper,-0.7343879476989733,-0.742252973283055,0.2278938727194213,-0.26827058135412796,-0.26822577328737857,-0.3887432632188414,-0.3887145651254728
531712,100000.0,11.51293546492023,24,576,1,195.0,897.0,23.61,0.0,0.0,0,1,GK,Goalkeeper,-0.3631365818732494,-0.4300832297939503,0.3621312778082545,-0.999071000669064,-0.9989889293913673,-0.3887432632188414,-0.3887145651254728
230955,75000.0,11.225256725762893,30,900,0,183.0,930.0,24.47,0.0,0.0,0,0,GK,Goalkeeper,0.7506175156039223,0.6692971711894182,0.09365646763058813,-0.9833394847934,-0.983409942920137,-0.3887432632188414,-0.3887145651254728
333640,1500000.0,14.220976332738882,28,784,0,192.0,1335.0,35.13,0.0,0.0,0,0,GK,Goalkeeper,0.37936614977819844,0.2756918424422863,0.2950125752638379,-0.7902708808647966,-0.790302971079073,-0.3887432632188414,-0.3887145651254728
67886,100000.0,11.51293546492023,37,1369,0,187.0,4125.0,108.55,0.0,0.0,0,1,GK,Goalkeeper,2.049997295993956,2.260684233106702,0.18314807102314357,0.5397572795322494,0.5397077111508438,-0.3887432632188414,-0.3887145651254728
143539,100000.0,11.51293546492023,34,1156,0,188.0,990.0,26.05,38.0,0.0234,0,0,GK,Goalkeeper,1.4931202472553702,1.5379434139417094,0.20552097187128243,-0.9547367286558291,-0.9547880840543883,0.2609060332398299,0.26016333934511116
566944,25000.0,10.12667110305036,29,841,0,188.0,90.0,2.37,0.0,0.0,0,1,GK,Goalkeeper,0.5649918326910603,0.4691013574301011,0.20552097187128243,-1.3837780707193923,-1.3837536650296596,-0.3887432632188414,-0.3887145651254728
465973,175000.0,12.07254696717504,28,784,0,192.0,4258.0,112.05,46.0,0.0284,1,0,GK,Goalkeeper,0.37936614977819844,0.2756918424422863,0.2950125752638379,0.6031600556371982,0.6031105630686415,0.3976743061784975,0.39881246423198813
1200636,50000.0,10.819798284210286,18,324,0,0.0,3330.0,87.63,0.0,0.0,0,0,GK,Goalkeeper,-1.476890679350421,-1.285156875003237,-4.000584387578824,0.16077076070943525,0.1607398076878928,-0.3887432632188414,-0.3887145651254728
559331,25000.0,10.12667110305036,21,441,1,195.0,1530.0,40.26,0.0,0.0,0,0,GK,Goalkeeper,-0.9200136306118352,-0.8881583968703538,0.3621312778082545,-0.6973119234176912,-0.6973725052681295,-0.3887432632188414,-0.3887145651254728
296802,7500000.0,15.830413711839864,31,961,0,191.0,8260.0,217.37,0.0,0.0,0,0,GK,Goalkeeper,0.9362431985167843,0.8762792837202377,0.27263967441569903,2.510963890013176,2.5109929527779147,-0.3887432632188414,-0.3887145651254728
747635,25000.0,10.12667110305036,22,484,1,196.0,2000.0,52.63,0.0,0.0,0,0,GK,Goalkeeper,-0.7343879476989733,-0.742252973283055,0.38450417865639336,-0.47325700034005264,-0.47328871149008434,-0.3887432632188414,-0.3887145651254728
392737,225000.0,12.323860125621126,27,729,1,191.0,2430.0,63.95,0.0,0.0,0,0,GK,Goalkeeper,0.19374046686533647,0.08906862622597374,0.27263967441569903,-0.26827058135412796,-0.26822577328737857,-0.3887432632188414,-0.3887145651254728
52723,100000.0,11.51293546492023,35,1225,0,193.0,3840.0,101.05,17.0,0.0105,0,0,GK,Goalkeeper,1.6787459301682321,1.7720707215585378,0.31738547611197676,0.4038941878787877,0.40384445704127725,-0.09811068322417266,-0.09755140286303127
956605,25000.0,10.12667110305036,18,324,0,0.0,180.0,4.74,0.0,0.0,0,0,GK,Goalkeeper,-1.476890679350421,-1.285156875003237,-4.000584387578824,-1.340873936513036,-1.3408208767310368,-0.3887432632188414,-0.3887145651254728
632355,250000.0,12.429220196836383,23,529,1,193.0,1897.0,49.92,133.0,0.082,1,0,GK,Goalkeeper,-0.5487622647861113,-0.5895612509242537,0.31738547611197676,-0.522358398376216,-0.5223806339750078,1.885029274386508,1.8851310830193089
703778,25000.0,10.12667110305036,21,441,1,203.0,1710.0,45.0,0.0,0.0,0,0,GK,Goalkeeper,-0.9200136306118352,-0.8881583968703538,0.5411144845933654,-0.6115036550049786,-0.6115069286708834,-0.3887432632188414,-0.3887145651254728
343091,50000.0,10.819798284210286,25,625,1,191.0,1380.0,36.32,0.0,0.0,0,0,GK,Goalkeeper,-0.17751089896038744,-0.26381890989214457,0.27263967441569903,-0.7688188137616184,-0.7687460014270218,-0.3887432632188414,-0.3887145651254728
633791,25000.0,10.12667110305036,29,841,0,0.0,90.0,2.37,0.0,0.0,0,0,GK,Goalkeeper,0.5649918326910603,0.4691013574301011,-4.000584387578824,-1.3837780707193923,-1.3837536650296596,-0.3887432632188414,-0.3887145651254728
903612,275000.0,12.524530013005734,22,484,1,190.0,2700.0,71.05,0.0,0.0,0,0,GK,Goalkeeper,-0.7343879476989733,-0.742252973283055,0.25026677356756016,-0.13955817873505902,-0.13960855939698896,-0.3887432632188414,-0.3887145651254728
810846,75000.0,11.225256725762893,20,400,0,200.0,2520.0,66.32,0.0,0.0,0,0,GK,Goalkeeper,-1.1056393135246971,-1.0272775216861505,0.47399578204894877,-0.22536644714777165,-0.2252929849887557,-0.3887432632188414,-0.3887145651254728
356586,1000000.0,13.815511557963774,31,961,0,198.0,5136.0,135.16,0.0,0.0,0,0,GK,Goalkeeper,0.9362431985167843,0.8762792837202377,0.4292499803526711,1.0217137204503188,1.021750536731586,-0.3887432632188414,-0.3887145651254728
633781,50000.0,10.819798284210286,25,625,1,185.0,540.0,14.21,0.0,0.0,0,0,GK,Goalkeeper,-0.17751089896038744,-0.26381890989214457,0.13840226932686586,-1.1692573996876108,-1.1692708745420242,-0.3887432632188414,-0.3887145651254728
301696,450000.0,13.017005083966255,28,784,0,186.0,3840.0,101.05,0.0,0.0,0,1,GK,Goalkeeper,0.37936614977819844,0.2756918424422863,0.16077517017500473,0.4038941878787877,0.40384445704127725,-0.3887432632188414,-0.3887145651254728
670702,200000.0,12.206077645517674,25,625,1,180.0,2460.0,64.74,0.0,0.0,0,1,GK,Goalkeeper,-0.17751089896038744,-0.26381890989214457,0.02653776508617154,-0.25396920328534256,-0.25391484385450436,-0.3887432632188414,-0.3887145651254728
46853,100000.0,11.51293546492023,36,1296,0,190.0,360.0,9.47,0.0,0.0,0,0,GK,Goalkeeper,1.864371613081094,2.0129843279468687,0.25026677356756016,-1.2550656681003234,-1.2551364511392702,-0.3887432632188414,-0.3887145651254728
128886,25000.0,10.12667110305036,36,1296,0,197.0,1408.0,37.05,0.0,0.0,0,0,GK,Goalkeeper,1.864371613081094,2.0129843279468687,0.4068770795045322,-0.7554708608974187,-0.755521978027024,-0.3887432632188414,-0.3887145651254728
335997,500000.0,13.122365377402328,24,576,1,188.0,5063.0,133.24,16.0,0.0099,0,0,GK,Goalkeeper,-0.3631365818732494,-0.4300832297939503,0.20552097187128243,0.9869137004829409,0.9869695436795372,-0.1152067173415061,-0.11418929784945649
635371,125000.0,11.736077016252437,21,441,1,188.0,1890.0,49.74,0.0,0.0,0,0,GK,Goalkeeper,-0.9200136306118352,-0.8881583968703538,0.20552097187128243,-0.5256953865922659,-0.5256413520736374,-0.3887432632188414,-0.3887145651254728
361082,2500000.0,14.731801689838349,24,576,1,186.0,5700.0,150.0,4.0,0.0025,0,0,GK,Goalkeeper,-0.3631365818732494,-0.4300832297939503,0.16077517017500473,1.2905796281434851,1.2905786288630483,-0.32035912674950756,-0.3193900026820343
669629,300000.0,12.611541086966115,24,576,1,191.0,1080.0,28.42,0.0,0.0,0,1,GK,Goalkeeper,-0.3631365818732494,-0.4300832297939503,0.27263967441569903,-0.9118325944494728,-0.9118552957557652,-0.3887432632188414,-0.3887145651254728
199266,200000.0,12.206077645517674,29,841,0,188.0,2370.0,62.37,0.0,0.0,0,0,GK,Goalkeeper,0.5649918326910603,0.4691013574301011,0.20552097187128243,-0.29687333749169886,-0.2968476321531273,-0.3887432632188414,-0.3887145651254728
215094,3500000.0,15.068273812173887,29,841,0,184.0,6630.0,174.47,0.0,0.0,0,0,GK,Goalkeeper,0.5649918326910603,0.4691013574301011,0.116029368478727,1.7339223482758337,1.7338551392711943,-0.3887432632188414,-0.3887145651254728
783017,25000.0,10.12667110305036,21,441,1,189.0,2250.0,59.21,0.0,0.0,0,0,GK,Goalkeeper,-0.9200136306118352,-0.8881583968703538,0.2278938727194213,-0.3540788497668406,-0.35409134988462465,-0.3887432632188414,-0.3887145651254728
880169,125000.0,11.736077016252437,21,441,1,195.0,705.0,18.55,0.0,0.0,0,0,GK,Goalkeeper,-0.9200136306118352,-0.8881583968703538,0.3621312778082545,-1.0905998203092908,-1.0906513381639549,-0.3887432632188414,-0.3887145651254728
1055871,75000.0,11.225256725762893,18,324,0,192.0,2970.0,78.16,0.0,0.0,0,0,GK,Goalkeeper,-1.476890679350421,-1.285156875003237,0.2950125752638379,-0.010845776115990044,-0.010810194501119882,-0.3887432632188414,-0.3887145651254728
195546,200000.0,12.206077645517674,32,1024,0,190.0,2137.0,56.24,0.0,0.0,0,0,GK,Goalkeeper,1.1218688814296462,1.0900476950225593,0.25026677356756016,-0.40794737382593244,-0.407893198512013,-0.3887432632188414,-0.3887145651254728
276853,1000000.0,13.815511557963774,30,900,0,203.0,3475.0,91.45,0.0,0.0,0,1,GK,Goalkeeper,0.7506175156039223,0.6692971711894182,0.5411144845933654,0.2298940880418982,0.22993949178103218,-0.3887432632188414,-0.3887145651254728
704772,6000000.0,15.607270193858982,20,400,0,190.0,6600.0,173.68,72.0,0.0444,1,0,GK,Goalkeeper,-1.1056393135246971,-1.0272775216861505,0.25026677356756016,1.7196209702070482,1.71954420983832,0.8421711932291673,0.8424896638699942
979755,50000.0,10.819798284210286,18,324,0,0.0,2205.0,58.03,0.0,0.0,0,0,GK,Goalkeeper,-1.476890679350421,-1.285156875003237,-4.000584387578824,-0.37553091687001877,-0.37546716853119644,-0.3887432632188414,-0.3887145651254728
1051504,75000.0,11.225256725762893,18,324,0,182.0,5910.0,155.53,0.0,0.0,0,1,GK,Goalkeeper,-1.476890679350421,-1.285156875003237,0.07128356678244926,1.390689274624983,1.3907551348931688,-0.3887432632188414,-0.3887145651254728
729010,300000.0,12.611541086966115,20,400,0,193.0,3330.0,87.63,0.0,0.0,0,1,GK,Goalkeeper,-1.1056393135246971,-1.0272775216861505,0.31738547611197676,0.16077076070943525,0.1607398076878928,-0.3887432632188414,-0.3887145651254728
704252,25000.0,10.12667110305036,19,361,0,188.0,2434.0,64.05,0.0,0.0,0,0,GK,Goalkeeper,-1.291264996437559,-1.159610347730445,0.20552097187128243,-0.2663637309449566,-0.26641426323258444,-0.3887432632188414,-0.3887145651254728
703779,75000.0,11.225256725762893,21,441,1,186.0,2700.0,71.05,0.0,0.0,0,0,GK,Goalkeeper,-0.9200136306118352,-0.8881583968703538,0.16077517017500473,-0.13955817873505902,-0.13960855939698896,-0.3887432632188414,-0.3887145651254728
182891,900000.0,13.710151153416941,29,841,0,193.0,3450.0,90.79,0.0,0.0,0,1,GK,Goalkeeper,0.5649918326910603,0.4691013574301011,0.31738547611197676,0.217976272984577,0.21798352541939037,-0.3887432632188414,-0.3887145651254728
342973,300000.0,12.611541086966115,25,625,1,191.0,1587.0,41.76,0.0,0.0,0,0,GK,Goalkeeper,-0.17751089896038744,-0.26381890989214457,0.27263967441569903,-0.6701393050869988,-0.6701998544462162,-0.3887432632188414,-0.3887145651254728
207302,1200000.0,13.997832948091215,31,961,0,196.0,630.0,16.58,138.0,0.0851,1,0,GK,Goalkeeper,0.9362431985167843,0.8762792837202377,0.38450417865639336,-1.1263532654812545,-1.126338086243401,1.9705094449731753,1.9710935404491723
460241,50000.0,10.819798284210286,24,576,1,191.0,720.0,18.95,0.0,0.0,0,0,GK,Goalkeeper,-0.3631365818732494,-0.4300832297939503,0.27263967441569903,-1.0834491312748982,-1.083405297944778,-0.3887432632188414,-0.3887145651254728
98426,50000.0,10.819798284210286,36,1296,0,193.0,2835.0,74.61,0.0,0.0,0,0,GK,Goalkeeper,1.864371613081094,2.0129843279468687,0.31738547611197676,-0.07520197742552452,-0.07511880144631466,-0.3887432632188414,-0.3887145651254728
753882,100000.0,11.51293546492023,22,484,1,179.0,180.0,4.74,0.0,0.0,0,0,GK,Goalkeeper,-0.7343879476989733,-0.742252973283055,0.0041648642380326785,-1.340873936513036,-1.3408208767310368,-0.3887432632188414,-0.3887145651254728
799102,275000.0,12.524530013005734,24,576,1,195.0,3713.0,97.71,0.0,0.0,0,0,GK,Goalkeeper,-0.3631365818732494,-0.4300832297939503,0.3621312778082545,0.343351687387596,0.3433400212111502,-0.3887432632188414,-0.3887145651254728
983995,75000.0,11.225256725762893,18,324,0,188.0,5220.0,137.37,0.0,0.0,0,1,GK,Goalkeeper,-1.476890679350421,-1.285156875003237,0.20552097187128243,1.061757579042918,1.0617849089425384,-0.3887432632188414,-0.3887145651254728
335795,200000.0,12.206077645517674,28,784,0,192.0,4500.0,118.42,0.0,0.0,0,0,GK,Goalkeeper,0.37936614977819844,0.2756918424422863,0.2950125752638379,0.7185245053920675,0.7185037535590335,-0.3887432632188414,-0.3887145651254728
264176,450000.0,13.017005083966255,28,784,0,190.0,4500.0,118.42,9.0,0.0055,0,0,GK,Goalkeeper,0.37936614977819844,0.2756918424422863,0.25026677356756016,0.7185245053920675,0.7185037535590335,-0.2348789561628403,-0.2362005277499082
98428,250000.0,12.429220196836383,34,1156,0,188.0,4913.0,129.29,0.0,0.0,0,0,GK,Goalkeeper,1.4931202472553702,1.5379434139417094,0.20552097187128243,0.9154068101390137,0.9154148965151652,-0.3887432632188414,-0.3887145651254728
263367,600000.0,13.304686600863562,26,676,1,186.0,5490.0,144.47,0.0,0.0,0,0,GK,Goalkeeper,0.008114783952474518,-0.09076829121883655,0.16077517017500473,1.190469981661987,1.190402122832928,-0.3887432632188414,-0.3887145651254728
874082,300000.0,12.611541086966115,20,400,0,191.0,2928.0,77.05,0.0,0.0,0,0,GK,Goalkeeper,-1.1056393135246971,-1.0272775216861505,0.27263967441569903,-0.03086770541228966,-0.030917956109335724,-0.3887432632188414,-0.3887145651254728
905517,50000.0,10.819798284210286,20,400,0,191.0,945.0,24.87,0.0,0.0,0,0,GK,Goalkeeper,-1.1056393135246971,-1.0272775216861505,0.27263967441569903,-0.9761887957590073,-0.97616390270096,-0.3887432632188414,-0.3887145651254728
213938,100000.0,11.51293546492023,35,1225,0,203.0,4980.0,131.05,0.0,0.0,0,0,GK,Goalkeeper,1.6787459301682321,1.7720707215585378,0.5411144845933654,0.9473465544926345,0.9472974734795437,-0.3887432632188414,-0.3887145651254728
756523,100000.0,11.51293546492023,26,676,1,0.0,810.0,21.32,0.0,0.0,0,0,GK,Goalkeeper,0.008114783952474518,-0.09076829121883655,-4.000584387578824,-1.0405449970685419,-1.040472509646155,-0.3887432632188414,-0.3887145651254728
272786,50000.0,10.819798284210286,28,784,0,0.0,1282.0,33.74,0.0,0.0,0,0,GK,Goalkeeper,0.37936614977819844,0.2756918424422863,-4.000584387578824,-0.8155366487863175,-0.8154829608407127,-0.3887432632188414,-0.3887145651254728
177547,2500000.0,14.731801689838349,32,1024,0,190.0,8018.0,211.0,6.0,0.0037,0,0,GK,Goalkeeper,1.1218688814296462,1.0900476950225593,0.25026677356756016,2.395599440258307,2.3955997622875227,-0.28616705851484064,-0.28611421270918386
79045,300000.0,12.611541086966115,33,1089,0,189.0,3000.0,78.95,34.0,0.021,0,0,GK,Goalkeeper,1.3074945643425082,1.3106024050963831,0.2278938727194213,0.0034556019527953977,0.0035007349317545747,0.19252189677049608,0.19361175939941028
315257,200000.0,12.206077645517674,29,841,0,190.0,2370.0,62.37,0.0,0.0,0,0,GK,Goalkeeper,0.5649918326910603,0.4691013574301011,0.25026677356756016,-0.29687333749169886,-0.2968476321531273,-0.3887432632188414,-0.3887145651254728
74463,50000.0,10.819798284210286,34,1156,0,189.0,630.0,16.58,0.0,0.0,0,0,GK,Goalkeeper,1.4931202472553702,1.5379434139417094,0.2278938727194213,-1.1263532654812545,-1.126338086243401,-0.3887432632188414,-0.3887145651254728
535741,50000.0,10.819798284210286,24,576,1,198.0,121.0,3.18,0.0,0.0,0,0,GK,Goalkeeper,-0.3631365818732494,-0.4300832297939503,0.4292499803526711,-1.3689999800483141,-1.3690804335858264,-0.3887432632188414,-0.3887145651254728
231650,400000.0,12.899222326086994,31,961,0,189.0,3600.0,94.74,0.0,0.0,0,0,GK,Goalkeeper,0.9362431985167843,0.8762792837202377,0.2278938727194213,0.2894831633285042,0.2895381725837619,-0.3887432632188414,-0.3887145651254728
251134,150000.0,11.918397239722838,29,841,0,186.0,3266.0,85.95,0.0,0.0,0,0,GK,Goalkeeper,0.5649918326910603,0.4691013574301011,0.16077517017500473,0.13026115416269296,0.13030643876735004,-0.3887432632188414,-0.3887145651254728
257980,400000.0,12.899222326086994,28,784,0,188.0,2571.0,67.66,0.0,0.0,0,0,GK,Goalkeeper,0.37936614977819844,0.2756918424422863,0.20552097187128243,-0.2010541044308364,-0.20101875025451307,-0.3887432632188414,-0.3887145651254728
315121,5000000.0,15.424948670398354,26,676,1,188.0,2759.0,72.61,298.0,0.1837,1,0,GK,Goalkeeper,0.008114783952474518,-0.09076829121883655,0.20552097187128243,-0.11143213519978097,-0.11134900254219908,4.705874903746528,4.705254283218385
53696,2000000.0,14.508658238524095,34,1156,0,198.0,7451.0,196.08,11.0,0.0068,0,0,GK,Goalkeeper,1.4931202472553702,1.5379434139417094,0.4292499803526711,2.125303394758262,2.1253224621122255,-0.20068688792817338,-0.20015175527932022
258362,350000.0,12.765691290604371,27,729,1,183.0,4110.0,108.16,256.0,0.1578,1,0,GK,Goalkeeper,0.19374046686533647,0.08906862622597374,0.09365646763058813,0.5326065904978567,0.5326428219371464,3.987841470818523,3.987051816304362
64352,200000.0,12.206077645517674,33,1089,0,180.0,90.0,2.37,82.0,0.0506,1,0,GK,Goalkeeper,1.3074945643425082,1.3106024050963831,0.02653776508617154,-1.3837780707193923,-1.3837536650296596,1.0131315344025018,1.0144145787297214
616947,50000.0,10.819798284210286,22,484,1,193.0,90.0,2.37,0.0,0.0,0,0,GK,Goalkeeper,-0.7343879476989733,-0.742252973283055,0.31738547611197676,-1.3837780707193923,-1.3837536650296596,-0.3887432632188414,-0.3887145651254728
543726,450000.0,13.017005083966255,22,484,1,196.0,2880.0,75.79,75.0,0.0462,1,0,GK,Goalkeeper,-0.7343879476989733,-0.742252973283055,0.38450417865639336,-0.05374991032234636,-0.05374298279974274,0.8934592955811678,0.8924033488292697
534125,50000.0,10.819798284210286,23,529,1,193.0,2972.0,78.21,0.0,0.0,0,0,GK,Goalkeeper,-0.5487622647861113,-0.5895612509242537,0.31738547611197676,-0.009892350911404347,-0.009904439473722824,-0.3887432632188414,-0.3887145651254728
462353,200000.0,12.206077645517674,28,784,0,186.0,540.0,14.21,0.0,0.0,0,0,GK,Goalkeeper,0.37936614977819844,0.2756918424422863,0.16077517017500473,-1.1692573996876108,-1.1692708745420242,-0.3887432632188414,-0.3887145651254728
487122,75000.0,11.225256725762893,24,576,1,191.0,180.0,4.74,0.0,0.0,0,0,GK,Goalkeeper,-0.3631365818732494,-0.4300832297939503,0.27263967441569903,-1.340873936513036,-1.3408208767310368,-0.3887432632188414,-0.3887145651254728
720938,225000.0,12.323860125621126,21,441,1,185.0,3000.0,78.95,0.0,0.0,0,0,GK,Goalkeeper,-0.9200136306118352,-0.8881583968703538,0.13840226932686586,0.0034556019527953977,0.0035007349317545747,-0.3887432632188414,-0.3887145651254728
515758,125000.0,11.736077016252437,27,729,1,192.0,3870.0,101.84,0.0,0.0,0,0,GK,Goalkeeper,0.19374046686533647,0.08906862622597374,0.2950125752638379,0.4181955659475732,0.41815538647415174,-0.3887432632188414,-0.3887145651254728
545399,200000.0,12.206077645517674,23,529,1,192.0,3930.0,103.42,0.0,0.0,0,0,GK,Goalkeeper,-0.5487622647861113,-0.5895612509242537,0.2950125752638379,0.4467983220851441,0.4467772453399004,-0.3887432632188414,-0.3887145651254728
916965,100000.0,11.51293546492023,21,441,1,190.0,855.0,22.5,0.0,0.0,0,0,GK,Goalkeeper,-0.9200136306118352,-0.8881583968703538,0.25026677356756016,-1.0190929299653637,-1.019096690999583,-0.3887432632188414,-0.3887145651254728
1051736,25000.0,10.12667110305036,18,324,0,187.0,4635.0,121.97,0.0,0.0,0,1,GK,Goalkeeper,-1.476890679350421,-1.285156875003237,0.18314807102314357,0.7828807067016019,0.7828123605042283,-0.3887432632188414,-0.3887145651254728
79517,150000.0,11.918397239722838,35,1225,0,187.0,360.0,9.47,0.0,0.0,0,0,GK,Goalkeeper,1.6787459301682321,1.7720707215585378,0.18314807102314357,-1.2550656681003234,-1.2551364511392702,-0.3887432632188414,-0.3887145651254728
501156,50000.0,10.819798284210286,23,529,1,195.0,180.0,4.74,0.0,0.0,0,0,GK,Goalkeeper,-0.5487622647861113,-0.5895612509242537,0.3621312778082545,-1.340873936513036,-1.3408208767310368,-0.3887432632188414,-0.3887145651254728
168074,450000.0,13.017005083966255,34,1156,0,194.0,6487.0,170.71,0.0,0.0,0,0,GK,Goalkeeper,1.4931202472553702,1.5379434139417094,0.3397583769601156,1.6657524461479565,1.6657423612109317,-0.3887432632188414,-0.3887145651254728
248658,3500000.0,15.068273812173887,30,900,0,196.0,5700.0,150.0,33.0,0.0203,0,1,GK,Goalkeeper,0.7506175156039223,0.6692971711894182,0.38450417865639336,1.2905796281434851,1.2905786288630483,0.17542586265316262,0.17420088191524744
728330,75000.0,11.225256725762893,22,484,1,190.0,2250.0,59.21,0.0,0.0,0,0,GK,Goalkeeper,-0.7343879476989733,-0.742252973283055,0.25026677356756016,-0.3540788497668406,-0.35409134988462465,-0.3887432632188414,-0.3887145651254728
205128,800000.0,13.592368256649284,31,961,0,192.0,3240.0,85.26,0.0,0.0,0,0,GK,Goalkeeper,0.9362431985167843,0.8762792837202377,0.2950125752638379,0.11786662650307893,0.11780701938926995,-0.3887432632188414,-0.3887145651254728
725816,75000.0,11.225256725762893,19,361,0,190.0,2703.0,71.13,0.0,0.0,0,0,GK,Goalkeeper,-1.291264996437559,-1.159610347730445,0.25026677356756016,-0.13812804092818046,-0.13815935135315363,-0.3887432632188414,-0.3887145651254728
931667,100000.0,11.51293546492023,20,400,0,189.0,503.0,13.24,208.0,0.1282,1,0,GK,Goalkeeper,-1.1056393135246971,-1.0272775216861505,0.2278938727194213,-1.1868957659724462,-1.1868425220735281,3.1672318331865172,3.1662489969740517
497000,50000.0,10.819798284210286,24,576,1,185.0,360.0,9.47,0.0,0.0,0,1,GK,Goalkeeper,-0.3631365818732494,-0.4300832297939503,0.13840226932686586,-1.2550656681003234,-1.2551364511392702,-0.3887432632188414,-0.3887145651254728
297373,100000.0,11.51293546492023,27,729,1,190.0,630.0,16.58,0.0,0.0,0,1,GK,Goalkeeper,0.19374046686533647,0.08906862622597374,0.25026677356756016,-1.1263532654812545,-1.126338086243401,-0.3887432632188414,-0.3887145651254728
287512,125000.0,11.736077016252437,28,784,0,188.0,2332.0,61.37,0.0,0.0,0,0,GK,Goalkeeper,0.37936614977819844,0.2756918424422863,0.20552097187128243,-0.3149884163788271,-0.31496273270106956,-0.3887432632188414,-0.3887145651254728
196829,6000000.0,15.607270193858982,29,841,0,188.0,6001.0,157.92,3.0,0.0018,0,0,GK,Goalkeeper,0.5649918326910603,0.4691013574301011,0.20552097187128243,1.4340701214336322,1.4340502252027505,-0.337455160866841,-0.33880088016619714
463233,1000000.0,13.815511557963774,25,625,1,191.0,6030.0,158.68,0.0,0.0,0,0,GK,Goalkeeper,-0.17751089896038744,-0.26381890989214457,0.27263967441569903,1.4478947869001249,1.4478177016191869,-0.3887432632188414,-0.3887145651254728
821471,75000.0,11.225256725762893,22,484,1,182.0,1032.0,27.16,0.0,0.0,0,0,GK,Goalkeeper,-0.7343879476989733,-0.742252973283055,0.07128356678244926,-0.9347147993595295,-0.9346803224461725,-0.3887432632188414,-0.3887145651254728
1043196,75000.0,11.225256725762893,19,361,0,188.0,3997.0,105.18,0.0,0.0,0,1,GK,Goalkeeper,-1.291264996437559,-1.159610347730445,0.20552097187128243,0.4787380664387649,0.4786598223042788,-0.3887432632188414,-0.3887145651254728
648900,300000.0,12.611541086966115,20,400,0,187.0,4573.0,120.34,0.0,0.0,0,1,GK,Goalkeeper,-1.1056393135246971,-1.0272775216861505,0.18314807102314357,0.7533245253594454,0.7532847466110826,-0.3887432632188414,-0.3887145651254728
648901,10000.0,9.210440366976517,20,400,0,185.0,8.0,0.21,0.0,0.0,0,0,GK,Goalkeeper,-1.1056393135246971,-1.0272775216861505,0.13840226932686586,-1.4228685041074058,-1.422882282213215,-0.3887432632188414,-0.3887145651254728
987437,25000.0,10.12667110305036,18,324,0,0.0,3510.0,92.37,0.0,0.0,0,0,GK,Goalkeeper,-1.476890679350421,-1.285156875003237,-4.000584387578824,0.24657902912214788,0.24660538428513903,-0.3887432632188414,-0.3887145651254728
458617,10000.0,9.210440366976517,25,625,1,0.0,360.0,9.47,0.0,0.0,0,0,GK,Goalkeeper,-0.17751089896038744,-0.26381890989214457,-4.000584387578824,-1.2550656681003234,-1.2551364511392702,-0.3887432632188414,-0.3887145651254728
428438,200000.0,12.206077645517674,26,676,1,200.0,5850.0,153.95,0.0,0.0,0,1,GK,Goalkeeper,0.008114783952474518,-0.09076829121883655,0.47399578204894877,1.3620865184874122,1.3621332760274198,-0.3887432632188414,-0.3887145651254728
946030,75000.0,11.225256725762893,20,400,0,197.0,90.0,2.37,0.0,0.0,0,0,GK,Goalkeeper,-1.1056393135246971,-1.0272775216861505,0.4068770795045322,-1.3837780707193923,-1.3837536650296596,-0.3887432632188414,-0.3887145651254728
162695,2000000.0,14.508658238524095,34,1156,0,188.0,7923.0,208.5,38.0,0.0234,0,0,GK,Goalkeeper,1.4931202472553702,1.5379434139417094,0.20552097187128243,2.350311743040486,2.3503120109176674,0.2609060332398299,0.26016333934511116
426849,2000000.0,14.508658238524095,25,625,1,190.0,4695.0,123.55,0.0,0.0,0,0,GK,Goalkeeper,-0.17751089896038744,-0.26381890989214457,0.25026677356756016,0.8114834628391728,0.811434219369977,-0.3887432632188414,-0.3887145651254728
163051,400000.0,12.899222326086994,31,961,0,188.0,4673.0,122.97,0.0,0.0,0,1,GK,Goalkeeper,0.9362431985167843,0.8762792837202377,0.20552097187128243,0.8009957855887302,0.8009274610521705,-0.3887432632188414,-0.3887145651254728
164812,75000.0,11.225256725762893,29,841,0,190.0,450.0,11.84,0.0,0.0,0,0,GK,Goalkeeper,0.5649918326910603,0.4691013574301011,0.25026677356756016,-1.212161533893967,-1.212203662840647,-0.3887432632188414,-0.3887145651254728
576420,300000.0,12.611541086966115,28,784,0,190.0,270.0,7.11,0.0,0.0,0,0,GK,Goalkeeper,0.37936614977819844,0.2756918424422863,0.25026677356756016,-1.2979698023066797,-1.2978880884324138,-0.3887432632188414,-0.3887145651254728
192507,100000.0,11.51293546492023,32,1024,0,192.0,3450.0,90.79,28.0,0.0173,0,0,GK,Goalkeeper,1.1218688814296462,1.0900476950225593,0.2950125752638379,0.217976272984577,0.21798352541939037,0.08994569206649536,0.0910114069831213
181690,100000.0,11.51293546492023,36,1296,0,185.0,169.0,4.45,30.0,0.0185,0,0,GK,Goalkeeper,1.864371613081094,2.0129843279468687,0.13840226932686586,-1.3461177751382574,-1.34607425588994,0.12413776030116226,0.12428719695597175
182367,300000.0,12.611541086966115,30,900,0,187.0,4216.0,110.95,0.0,0.0,0,0,GK,Goalkeeper,0.7506175156039223,0.6692971711894182,0.18314807102314357,0.5831381263408986,0.5831839524659053,-0.3887432632188414,-0.3887145651254728
170471,350000.0,12.765691290604371,31,961,0,189.0,2970.0,78.16,0.0,0.0,0,0,GK,Goalkeeper,0.9362431985167843,0.8762792837202377,0.2278938727194213,-0.010845776115990044,-0.010810194501119882,-0.3887432632188414,-0.3887145651254728
124187,225000.0,12.323860125621126,32,1024,0,189.0,3354.0,88.26,0.0,0.0,0,0,GK,Goalkeeper,1.1218688814296462,1.0900476950225593,0.2278938727194213,0.1722118631644636,0.17215232103309658,-0.3887432632188414,-0.3887145651254728
627213,225000.0,12.323860125621126,22,484,1,195.0,180.0,4.74,0.0,0.0,0,0,GK,Goalkeeper,-0.7343879476989733,-0.742252973283055,0.3621312778082545,-1.340873936513036,-1.3408208767310368,-0.3887432632188414,-0.3887145651254728
295360,300000.0,12.611541086966115,26,676,1,196.0,1735.0,45.66,0.0,0.0,0,0,GK,Goalkeeper,0.008114783952474518,-0.09076829121883655,0.38450417865639336,-0.5995858399476574,-0.5995509623092417,-0.3887432632188414,-0.3887145651254728
330066,150000.0,11.918397239722838,30,900,0,201.0,2929.0,77.08,0.0,0.0,0,0,GK,Goalkeeper,0.7506175156039223,0.6692971711894182,0.49636868289708763,-0.03039099280999681,-0.030374503092897437,-0.3887432632188414,-0.3887145651254728
160482,2300000.0,14.648420115681892,29,841,0,195.0,8281.0,217.92,0.0,0.0,0,0,GK,Goalkeeper,0.5649918326910603,0.4691013574301011,0.3621312778082545,2.520974854661326,2.5209562580792833,-0.3887432632188414,-0.3887145651254728
489081,1000000.0,13.815511557963774,30,900,0,191.0,660.0,17.37,0.0,0.0,0,0,GK,Goalkeeper,0.7506175156039223,0.6692971711894182,0.27263967441569903,-1.112051887412469,-1.1120271568105267,-0.3887432632188414,-0.3887145651254728
114187,50000.0,10.819798284210286,34,1156,0,185.0,90.0,2.37,0.0,0.0,0,0,GK,Goalkeeper,1.4931202472553702,1.5379434139417094,0.13840226932686586,-1.3837780707193923,-1.3837536650296596,-0.3887432632188414,-0.3887145651254728
160361,350000.0,12.765691290604371,32,1024,0,194.0,6030.0,158.68,0.0,0.0,0,0,GK,Goalkeeper,1.1218688814296462,1.0900476950225593,0.3397583769601156,1.4478947869001249,1.4478177016191869,-0.3887432632188414,-0.3887145651254728
158799,700000.0,13.45883704259595,32,1024,0,197.0,1696.0,44.63,139.0,0.0857,1,0,GK,Goalkeeper,1.1218688814296462,1.0900476950225593,0.4068770795045322,-0.6181776314370784,-0.618209515873622,1.9876054790905087,1.9877314354355975
51161,125000.0,11.736077016252437,35,1225,0,194.0,3416.0,89.89,0.0,0.0,0,0,GK,Goalkeeper,1.6787459301682321,1.7720707215585378,0.3397583769601156,0.20176804450662017,0.20167993492624228,-0.3887432632188414,-0.3887145651254728
698980,450000.0,13.017005083966255,24,576,1,186.0,4362.0,114.79,0.0,0.0,0,0,GK,Goalkeeper,-0.3631365818732494,-0.4300832297939503,0.16077517017500473,0.6527381662756544,0.6527459385700034,-0.3887432632188414,-0.3887145651254728
520082,75000.0,11.225256725762893,32,1024,0,192.0,1544.0,40.63,7.0,0.0043,0,0,GK,Goalkeeper,1.1218688814296462,1.0900476950225593,0.2950125752638379,-0.6906379469855913,-0.6906699180653908,-0.2690710243975072,-0.26947631772275865
982545,350000.0,12.765691290604371,22,484,1,196.0,4260.0,112.11,0.0,0.0,0,0,GK,Goalkeeper,-0.7343879476989733,-0.742252973283055,0.38450417865639336,0.604113480841784,0.6041974691015182,-0.3887432632188414,-0.3887145651254728
224587,325000.0,12.691583538230217,35,1225,0,180.0,450.0,11.84,0.0,0.0,0,0,GK,Goalkeeper,1.6787459301682321,1.7720707215585378,0.02653776508617154,-1.212161533893967,-1.212203662840647,-0.3887432632188414,-0.3887145651254728
55976,10000.0,9.210440366976517,38,1444,0,197.0,3211.0,84.5,13.0,0.008,0,0,GK,Goalkeeper,2.235622978906818,2.5151704370380368,0.4068770795045322,0.10404196103658633,0.10403954297283377,-0.16649481969350646,-0.16687596530646973
358216,150000.0,11.918397239722838,27,729,1,193.0,97.0,2.55,0.0,0.0,0,0,GK,Goalkeeper,0.19374046686533647,0.08906862622597374,0.31738547611197676,-1.3804410825033424,-1.3804929469310303,-0.3887432632188414,-0.3887145651254728
234888,800000.0,13.592368256649284,31,961,0,191.0,4812.0,126.63,8.0,0.0049,0,0,GK,Goalkeeper,0.9362431985167843,0.8762792837202377,0.27263967441569903,0.867258837307436,0.8672287290576389,-0.2519749902801737,-0.25283842273633345
669477,200000.0,12.206077645517674,21,441,1,194.0,2610.0,68.68,0.0,0.0,0,0,GK,Goalkeeper,-0.9200136306118352,-0.8881583968703538,0.3397583769601156,-0.18246231294141532,-0.18254134769561184,-0.3887432632188414,-0.3887145651254728
199179,225000.0,12.323860125621126,31,961,0,193.0,4440.0,116.84,79.0,0.0487,1,0,GK,Goalkeeper,0.9362431985167843,0.8762792837202377,0.31738547611197676,0.6899217492544966,0.6898818946932849,0.9618434320505016,0.9617279112727083
81790,100000.0,11.51293546492023,39,1521,0,191.0,1170.0,30.79,0.0,0.0,0,0,GK,Goalkeeper,2.42124866181968,2.7764429397408747,0.27263967441569903,-0.8689284602431165,-0.8689225074571422,-0.3887432632188414,-0.3887145651254728
532752,50000.0,10.819798284210286,35,1225,0,194.0,4545.0,119.61,0.0,0.0,0,0,GK,Goalkeeper,1.6787459301682321,1.7720707215585378,0.3397583769601156,0.7399765724952456,0.7400607232110847,-0.3887432632188414,-0.3887145651254728
47594,275000.0,12.524530013005734,33,1089,0,187.0,3919.0,103.13,0.0,0.0,0,0,GK,Goalkeeper,1.3074945643425082,1.3106024050963831,0.18314807102314357,0.4415544834599227,0.44152386618099704,-0.3887432632188414,-0.3887145651254728
212198,300000.0,12.611541086966115,33,1089,0,194.0,7351.0,193.45,12.0,0.0074,0,0,GK,Goalkeeper,1.3074945643425082,1.3106024050963831,0.3397583769601156,2.077632134528977,2.0776797476711373,-0.18359085381083992,-0.18351386029289496
415521,1700000.0,14.346139397261565,25,625,1,188.0,630.0,16.58,63.0,0.0388,1,0,GK,Goalkeeper,-0.17751089896038744,-0.26381890989214457,0.20552097187128243,-1.1263532654812545,-1.126338086243401,0.6883068861731663,0.6872026439966921
81787,150000.0,11.918397239722838,38,1444,0,183.0,630.0,16.58,0.0,0.0,0,1,GK,Goalkeeper,2.235622978906818,2.5151704370380368,0.09365646763058813,-1.1263532654812545,-1.126338086243401,-0.3887432632188414,-0.3887145651254728
419624,325000.0,12.691583538230217,29,841,0,191.0,4770.0,125.53,0.0,0.0,0,1,GK,Goalkeeper,0.5649918326910603,0.4691013574301011,0.27263967441569903,0.8472369080111364,0.8473021184549026,-0.3887432632188414,-0.3887145651254728
246200,500000.0,13.122365377402328,30,900,0,192.0,735.0,19.34,43.0,0.0265,1,0,GK,Goalkeeper,0.7506175156039223,0.6692971711894182,0.2950125752638379,-1.0762984422405053,-1.0763404087310804,0.34638620382649715,0.3461257967749748
73090,300000.0,12.611541086966115,34,1156,0,192.0,8430.0,221.84,0.0,0.0,0,0,GK,Goalkeeper,1.4931202472553702,1.5379434139417094,0.2950125752638379,2.59200503240296,2.591967452227217,-0.3887432632188414,-0.3887145651254728
111873,20000000.0,16.811242881518265,32,1024,0,195.0,8805.0,231.71,9.0,0.0055,0,0,GK,Goalkeeper,1.1218688814296462,1.0900476950225593,0.3621312778082545,2.7707722582627783,2.7707634946354065,-0.2348789561628403,-0.2362005277499082
344457,1500000.0,14.220976332738882,25,625,1,195.0,5880.0,154.74,0.0,0.0,0,0,GK,Goalkeeper,-0.17751089896038744,-0.26381890989214457,0.3621312778082545,1.3763878965561978,1.3764442054602946,-0.3887432632188414,-0.3887145651254728
182722,2500000.0,14.731801689838349,30,900,0,191.0,7185.0,189.08,45.0,0.0277,1,0,GK,Goalkeeper,0.7506175156039223,0.6692971711894182,0.27263967441569903,1.9984978425483644,1.9985167582766301,0.38057827206116407,0.37940158674782526
249994,7000000.0,15.76142084987672,31,961,0,192.0,6218.0,163.63,16.0,0.0099,0,0,GK,Goalkeeper,0.9362431985167843,0.8762792837202377,0.2950125752638379,1.5375167561311804,1.5374874493315005,-0.1152067173415061,-0.11418929784945649
726108,100000.0,11.51293546492023,21,441,1,190.0,2061.0,54.24,0.0,0.0,0,0,GK,Goalkeeper,-0.9200136306118352,-0.8881583968703538,0.25026677356756016,-0.4441775316001889,-0.4441233996078974,-0.3887432632188414,-0.3887145651254728
75458,1000000.0,13.815511557963774,34,1156,0,196.0,1125.0,29.61,0.0,0.0,0,0,GK,Goalkeeper,1.4931202472553702,1.5379434139417094,0.38450417865639336,-0.8903805273462947,-0.8902983261037141,-0.3887432632188414,-0.3887145651254728
598975,400000.0,12.899222326086994,25,625,1,187.0,14.0,0.37,0.0,0.0,0,0,GK,Goalkeeper,-0.17751089896038744,-0.26381890989214457,0.18314807102314357,-1.4200082284936488,-1.4199838661255442,-0.3887432632188414,-0.3887145651254728
284701,1000000.0,13.815511557963774,30,900,0,188.0,900.0,23.68,0.0,0.0,0,0,GK,Goalkeeper,0.7506175156039223,0.6692971711894182,0.20552097187128243,-0.9976408628621855,-0.9977208723530113,-0.3887432632188414,-0.3887145651254728
732120,200000.0,12.206077645517674,21,441,1,196.0,1710.0,45.0,91.0,0.0561,1,0,GK,Goalkeeper,-0.9200136306118352,-0.8881583968703538,0.38450417865639336,-0.6115036550049786,-0.6115069286708834,1.1669958414585029,1.166928616105286
371021,5000000.0,15.424948670398354,26,676,1,198.0,2961.0,77.92,105.0,0.0647,1,0,GK,Goalkeeper,0.008114783952474518,-0.09076829121883655,0.4292499803526711,-0.015136189536625676,-0.01515781863262592,1.4063403191011712,1.4054051109107144
966946,200000.0,12.206077645517674,21,441,1,191.0,2475.0,65.13,0.0,0.0,0,0,GK,Goalkeeper,-0.9200136306118352,-0.8881583968703538,0.27263967441569903,-0.2468185142509498,-0.24684995464080686,-0.3887432632188414,-0.3887145651254728
621997,300000.0,12.611541086966115,22,484,1,191.0,189.0,4.97,0.0,0.0,0,0,GK,Goalkeeper,-0.7343879476989733,-0.742252973283055,0.27263967441569903,-1.3365835230924004,-1.33665440360501,-0.3887432632188414,-0.3887145651254728
181720,75000.0,11.225256725762893,31,961,0,183.0,90.0,2.37,0.0,0.0,0,0,GK,Goalkeeper,0.9362431985167843,0.8762792837202377,0.09365646763058813,-1.3837780707193923,-1.3837536650296596,-0.3887432632188414,-0.3887145651254728
111819,1500000.0,14.220976332738882,35,1225,0,190.0,3240.0,85.26,29.0,0.0179,0,0,GK,Goalkeeper,1.6787459301682321,1.7720707215585378,0.25026677356756016,0.11786662650307893,0.11780701938926995,0.1070417261838288,0.10764930196954653
670711,500000.0,13.122365377402328,20,400,0,192.0,1462.0,38.47,0.0,0.0,0,0,GK,Goalkeeper,-1.1056393135246971,-1.0272775216861505,0.2950125752638379,-0.7297283803736049,-0.7297985352489461,-0.3887432632188414,-0.3887145651254728
1013713,200000.0,12.206077645517674,18,324,0,190.0,180.0,4.74,0.0,0.0,0,0,GK,Goalkeeper,-1.476890679350421,-1.285156875003237,0.25026677356756016,-1.340873936513036,-1.3408208767310368,-0.3887432632188414,-0.3887145651254728
282654,1500000.0,14.220976332738882,27,729,1,191.0,1530.0,40.26,73.0,0.045,1,0,GK,Goalkeeper,0.19374046686533647,0.08906862622597374,0.27263967441569903,-0.6973119234176912,-0.6973725052681295,0.8592672273465009,0.8591275588564193
73564,1500000.0,14.220976332738882,34,1156,0,188.0,2610.0,68.68,102.0,0.0629,1,0,GK,Goalkeeper,1.4931202472553702,1.5379434139417094,0.20552097187128243,-0.18246231294141532,-0.18254134769561184,1.355052216749171,1.3554914259514388
286047,32000000.0,17.281246492014,28,784,0,194.0,6660.0,175.26,118.0,0.0727,1,0,GK,Goalkeeper,0.37936614977819844,0.2756918424422863,0.3397583769601156,1.7482237263446192,1.7481660687040683,1.628588762626506,1.6272437107297177
912688,150000.0,11.918397239722838,19,361,0,202.0,1946.0,51.21,158.0,0.0974,1,0,GK,Goalkeeper,-1.291264996437559,-1.159610347730445,0.5187415837452265,-0.4989994808638664,-0.4990121542681623,2.3124301273198444,2.3121703876708897
177776,300000.0,12.611541086966115,32,1024,0,192.0,1530.0,40.26,290.0,0.1788,1,0,GK,Goalkeeper,1.1218688814296462,1.0900476950225593,0.2950125752638379,-0.6973119234176912,-0.6973725052681295,4.569106630807861,4.569378140829245
336077,8000000.0,15.894952224644102,26,676,1,198.0,1380.0,36.32,79.0,0.0487,1,0,GK,Goalkeeper,0.008114783952474518,-0.09076829121883655,0.4292499803526711,-0.7688188137616184,-0.7687460014270218,0.9618434320505016,0.9617279112727083
61697,600000.0,13.304686600863562,33,1089,0,185.0,2738.0,72.05,189.0,0.1165,1,1,GK,Goalkeeper,1.3074945643425082,1.3106024050963831,0.13840226932686586,-0.12144309984793078,-0.12149345884904676,2.8424071849571813,2.8418100447387595
130164,18000000.0,16.705882371415992,30,900,0,185.0,7380.0,194.21,0.0,0.0,0,1,GK,Goalkeeper,0.7506175156039223,0.6692971711894182,0.13840226932686586,2.09145679999547,2.0914472240875734,-0.3887432632188414,-0.3887145651254728
406556,600000.0,13.304686600863562,24,576,1,185.0,3180.0,83.68,0.0,0.0,0,0,GK,Goalkeeper,-0.3631365818732494,-0.4300832297939503,0.13840226932686586,0.08926387036550804,0.0891851605235213,-0.3887432632188414,-0.3887145651254728
906307,200000.0,12.206077645517674,21,441,1,188.0,3858.0,101.53,0.0,0.0,0,0,GK,Goalkeeper,-0.9200136306118352,-0.8881583968703538,0.20552097187128243,0.412475014720059,0.4125397053042896,-0.3887432632188414,-0.3887145651254728
245625,1000000.0,13.815511557963774,28,784,0,191.0,8400.0,221.05,0.0,0.0,0,0,GK,Goalkeeper,0.37936614977819844,0.2756918424422863,0.27263967441569903,2.577703654334175,2.577656522794342,-0.3887432632188414,-0.3887145651254728
391931,300000.0,12.611541086966115,24,576,1,186.0,6701.0,176.34,0.0,0.0,0,0,GK,Goalkeeper,-0.3631365818732494,-0.4300832297939503,0.16077517017500473,1.7677689430386259,1.7677303772958461,-0.3887432632188414,-0.3887145651254728
806024,75000.0,11.225256725762893,21,441,1,0.0,1691.0,44.5,0.0,0.0,0,0,GK,Goalkeeper,-0.9200136306118352,-0.8881583968703538,-4.000584387578824,-0.6205611944485426,-0.6205644789448546,-0.3887432632188414,-0.3887145651254728
537844,28000000.0,17.147715103853763,23,529,1,199.0,8580.0,225.79,0.0,0.0,0,0,GK,Goalkeeper,-0.5487622647861113,-0.5895612509242537,0.4516228812008099,2.6635119227468875,2.6635220993915882,-0.3887432632188414,-0.3887145651254728
95976,350000.0,12.765691290604371,35,1225,0,193.0,1530.0,40.26,0.0,0.0,0,0,GK,Goalkeeper,1.6787459301682321,1.7720707215585378,0.31738547611197676,-0.6973119234176912,-0.6973725052681295,-0.3887432632188414,-0.3887145651254728
492319,5000000.0,15.424948670398354,24,576,1,190.0,4080.0,107.37,45.0,0.0277,1,0,GK,Goalkeeper,-0.3631365818732494,-0.4300832297939503,0.25026677356756016,0.5183052124290712,0.5183318925042721,0.38057827206116407,0.37940158674782526
948135,75000.0,11.225256725762893,18,324,0,194.0,2610.0,68.68,0.0,0.0,0,0,GK,Goalkeeper,-1.476890679350421,-1.285156875003237,0.3397583769601156,-0.18246231294141532,-0.18254134769561184,-0.3887432632188414,-0.3887145651254728
378482,4000000.0,15.201805169084134,25,625,1,190.0,5400.0,142.11,0.0,0.0,0,0,GK,Goalkeeper,-0.17751089896038744,-0.26381890989214457,0.25026677356756016,1.1475658474556307,1.1476504855397847,-0.3887432632188414,-0.3887145651254728
198638,800000.0,13.592368256649284,28,784,0,186.0,4140.0,108.95,125.0,0.0771,1,0,GK,Goalkeeper,0.37936614977819844,0.2756918424422863,0.16077517017500473,0.5469079685666421,0.5469537513700208,1.7482610014478404,1.7492549406301694
964590,600000.0,13.304686600863562,21,441,1,193.0,810.0,21.32,112.0,0.0691,1,0,GK,Goalkeeper,-0.9200136306118352,-0.8881583968703538,0.31738547611197676,-1.0405449970685419,-1.040472509646155,1.5260125579225055,1.527416340811166
74960,1000000.0,13.815511557963774,35,1225,0,191.0,4069.0,107.08,38.0,0.0234,0,0,GK,Goalkeeper,1.6787459301682321,1.7720707215585378,0.27263967441569903,0.51306137380385,0.5130785133453688,0.2609060332398299,0.26016333934511116
724421,100000.0,11.51293546492023,22,484,1,185.0,273.0,7.18,0.0,0.0,0,0,GK,Goalkeeper,-0.7343879476989733,-0.742252973283055,0.13840226932686586,-1.296539664499801,-1.296620031394058,-0.3887432632188414,-0.3887145651254728
929868,1000000.0,13.815511557963774,20,400,0,189.0,5825.0,153.29,0.0,0.0,0,0,GK,Goalkeeper,-1.1056393135246971,-1.0272775216861505,0.2278938727194213,1.350168703430091,1.350177309665778,-0.3887432632188414,-0.3887145651254728
639582,250000.0,12.429220196836383,20,400,0,205.0,4182.0,110.05,154.0,0.0949,1,0,GK,Goalkeeper,-1.1056393135246971,-1.0272775216861505,0.5858602862896432,0.5669298978629418,0.5668803619727572,2.2440459908505104,2.2428458252274512
192080,8000000.0,15.894952224644102,32,1024,0,198.0,4766.0,125.42,198.0,0.1221,1,0,GK,Goalkeeper,1.1218688814296462,1.0900476950225593,0.4292499803526711,0.845330057601965,0.8453094573946289,2.9962714920131828,2.9970970646120616
155396,1200000.0,13.997832948091215,33,1089,0,183.0,1193.0,31.39,4.0,0.0025,0,0,GK,Goalkeeper,1.3074945643425082,1.3106024050963831,0.09365646763058813,-0.857964070390381,-0.8580534471283768,-0.32035912674950756,-0.3193900026820343
381469,1000000.0,13.815511557963774,26,676,1,192.0,630.0,16.58,0.0,0.0,0,0,GK,Goalkeeper,0.008114783952474518,-0.09076829121883655,0.2950125752638379,-1.1263532654812545,-1.126338086243401,-0.3887432632188414,-0.3887145651254728
192279,10000000.0,16.118095750958314,30,900,0,188.0,4947.0,130.18,34.0,0.021,0,0,GK,Goalkeeper,0.7506175156039223,0.6692971711894182,0.20552097187128243,0.9316150386169705,0.931537336002834,0.19252189677049608,0.19361175939941028
983843,400000.0,12.899222326086994,21,441,1,192.0,660.0,17.37,0.0,0.0,0,0,GK,Goalkeeper,-0.9200136306118352,-0.8881583968703538,0.2950125752638379,-1.112051887412469,-1.1120271568105267,-0.3887432632188414,-0.3887145651254728
175188,200000.0,12.206077645517674,34,1156,0,195.0,1258.0,33.11,0.0,0.0,0,0,GK,Goalkeeper,1.4931202472553702,1.5379434139417094,0.3621312778082545,-0.8269777512413459,-0.8268954741859162,-0.3887432632188414,-0.3887145651254728
196722,400000.0,12.899222326086994,30,900,0,192.0,3.0,0.08,0.0,0.0,0,0,GK,Goalkeeper,0.7506175156039223,0.6692971711894182,0.2950125752638379,-1.4252520671188702,-1.4252372452844475,-0.3887432632188414,-0.3887145651254728
983248,600000.0,13.304686600863562,18,324,0,188.0,1440.0,37.89,0.0,0.0,0,0,GK,Goalkeeper,-1.476890679350421,-1.285156875003237,0.20552097187128243,-0.7402160576240475,-0.7403052935667526,-0.3887432632188414,-0.3887145651254728
354017,125000.0,11.736077016252437,24,576,1,194.0,1215.0,31.97,0.0,0.0,0,0,GK,Goalkeeper,-0.3631365818732494,-0.4300832297939503,0.3397583769601156,-0.8474763931399383,-0.8475466888105704,-0.3887432632188414,-0.3887145651254728
383008,100000.0,11.51293546492023,26,676,1,195.0,180.0,4.74,0.0,0.0,0,0,GK,Goalkeeper,0.008114783952474518,-0.09076829121883655,0.3621312778082545,-1.340873936513036,-1.3408208767310368,-0.3887432632188414,-0.3887145651254728
490606,700000.0,13.45883704259595,22,484,1,205.0,561.0,14.76,0.0,0.0,0,0,GK,Goalkeeper,-0.7343879476989733,-0.742252973283055,0.5858602862896432,-1.159246435039461,-1.1593075692406558,-0.3887432632188414,-0.3887145651254728
725912,15000000.0,16.52356082573315,21,441,1,190.0,5274.0,138.79,0.0,0.0,0,0,GK,Goalkeeper,-0.9200136306118352,-0.8881583968703538,0.25026677356756016,1.087500059566732,1.087508351720616,-0.3887432632188414,-0.3887145651254728
34130,200000.0,12.206077645517674,38,1444,0,188.0,90.0,2.37,39.0,0.024,0,0,GK,Goalkeeper,2.235622978906818,2.5151704370380368,0.20552097187128243,-1.3837780707193923,-1.3837536650296596,0.2780020673571634,0.2768012343315364
208379,1000000.0,13.815511557963774,29,841,0,195.0,991.0,26.08,101.0,0.0623,1,1,GK,Goalkeeper,0.5649918326910603,0.4691013574301011,0.3621312778082545,-0.9542600160535363,-0.95424463103795,1.3379561826318374,1.3388535309650136
923129,200000.0,12.206077645517674,20,400,0,186.0,2790.0,73.42,0.0,0.0,0,1,GK,Goalkeeper,-1.1056393135246971,-1.0272775216861505,0.16077517017500473,-0.09665404452870269,-0.09667577109836585,-0.3887432632188414,-0.3887145651254728
91949,50000.0,10.819798284210286,36,1296,0,192.0,3060.0,80.53,0.0,0.0,0,0,GK,Goalkeeper,1.864371613081094,2.0129843279468687,0.2950125752638379,0.03205835809036628,0.032122593797503235,-0.3887432632188414,-0.3887145651254728
203026,1200000.0,13.997832948091215,31,961,0,191.0,585.0,15.39,0.0,0.0,0,0,GK,Goalkeeper,0.9362431985167843,0.8762792837202377,0.27263967441569903,-1.1478053325844326,-1.1478950558954522,-0.3887432632188414,-0.3887145651254728
319825,100000.0,11.51293546492023,25,625,1,187.0,621.0,16.34,0.0,0.0,0,0,GK,Goalkeeper,-0.17751089896038744,-0.26381890989214457,0.18314807102314357,-1.13064367890189,-1.130685710374907,-0.3887432632188414,-0.3887145651254728
106851,300000.0,12.611541086966115,30,900,0,184.0,5580.0,146.84,0.0,0.0,0,0,GK,Goalkeeper,0.7506175156039223,0.6692971711894182,0.116029368478727,1.2333741158683433,1.233334911131551,-0.3887432632188414,-0.3887145651254728
286908,500000.0,13.122365377402328,29,841,0,186.0,90.0,2.37,0.0,0.0,0,0,GK,Goalkeeper,0.5649918326910603,0.4691013574301011,0.16077517017500473,-1.3837780707193923,-1.3837536650296596,-0.3887432632188414,-0.3887145651254728
427568,16000000.0,16.588099342704055,26,676,1,190.0,3870.0,101.84,47.0,0.029,1,0,GK,Goalkeeper,0.008114783952474518,-0.09076829121883655,0.25026677356756016,0.4181955659475732,0.41815538647415174,0.414770340295831,0.41545035921841333
157390,75000.0,11.225256725762893,32,1024,0,190.0,2301.0,60.55,0.0,0.0,0,0,GK,Goalkeeper,1.1218688814296462,1.0900476950225593,0.25026677356756016,-0.32976650704990534,-0.32981711515038215,-0.3887432632188414,-0.3887145651254728
548032,75000.0,11.225256725762893,21,441,1,186.0,540.0,14.21,0.0,0.0,0,0,GK,Goalkeeper,-0.9200136306118352,-0.8881583968703538,0.16077517017500473,-1.1692573996876108,-1.1692708745420242,-0.3887432632188414,-0.3887145651254728
656316,3500000.0,15.068273812173887,20,400,0,193.0,4320.0,113.68,96.0,0.0592,1,0,GK,Goalkeeper,-1.1056393135246971,-1.0272775216861505,0.31738547611197676,0.6327162369793548,0.6326381769617875,1.2524760120451701,1.25289107353515
29692,500000.0,13.122365377402328,39,1521,0,190.0,3322.0,87.42,15.0,0.0092,0,0,GK,Goalkeeper,2.42124866181968,2.7764429397408747,0.25026677356756016,0.15695705989109246,0.15693563657282505,-0.13230275145883957,-0.1336001753336193
24846,100000.0,11.51293546492023,38,1444,0,192.0,3348.0,88.11,9.0,0.0055,0,1,GK,Goalkeeper,2.235622978906818,2.5151704370380368,0.2950125752638379,0.1693515875507065,0.16943505595090513,-0.2348789561628403,-0.2362005277499082
977858,100000.0,11.51293546492023,23,529,1,193.0,900.0,23.68,0.0,0.0,0,1,GK,Goalkeeper,-0.5487622647861113,-0.5895612509242537,0.31738547611197676,-0.9976408628621855,-0.9977208723530113,-0.3887432632188414,-0.3887145651254728
286798,150000.0,11.918397239722838,28,784,0,185.0,1306.0,34.37,0.0,0.0,0,0,GK,Goalkeeper,0.37936614977819844,0.2756918424422863,0.13840226932686586,-0.8040955463312891,-0.8040704474955092,-0.3887432632188414,-0.3887145651254728
105470,20000000.0,16.811242881518265,32,1024,0,193.0,6049.0,159.18,202.0,0.1245,1,0,GK,Goalkeeper,1.1218688814296462,1.0900476950225593,0.31738547611197676,1.456952326343689,1.456875251893158,3.0646556284825164,3.0636486445577624
695141,300000.0,12.611541086966115,24,576,1,189.0,540.0,14.21,0.0,0.0,0,0,GK,Goalkeeper,-0.3631365818732494,-0.4300832297939503,0.2278938727194213,-1.1692573996876108,-1.1692708745420242,-0.3887432632188414,-0.3887145651254728
428016,600000.0,13.304686600863562,25,625,1,188.0,270.0,7.11,0.0,0.0,0,0,GK,Goalkeeper,-0.17751089896038744,-0.26381890989214457,0.20552097187128243,-1.2979698023066797,-1.2978880884324138,-0.3887432632188414,-0.3887145651254728
486144,1000000.0,13.815511557963774,24,576,1,194.0,1920.0,50.53,140.0,0.0863,1,0,GK,Goalkeeper,-0.3631365818732494,-0.4300832297939503,0.3397583769601156,-0.5113940085234805,-0.511330422640763,2.0047015132078423,2.0043693304220227
138285,100000.0,11.51293546492023,33,1089,0,195.0,15.0,0.39,0.0,0.0,0,1,GK,Goalkeeper,1.3074945643425082,1.3106024050963831,0.3621312778082545,-1.419531515891356,-1.4196215641145853,-0.3887432632188414,-0.3887145651254728
842187,10000.0,9.210440366976517,18,324,0,200.0,2168.0,57.05,46.0,0.0284,1,0,GK,Goalkeeper,-1.476890679350421,-1.285156875003237,0.47399578204894877,-0.39316928315485417,-0.39321996706817985,0.3976743061784975,0.39881246423198813
706815,500000.0,13.122365377402328,21,441,1,190.0,4110.0,108.16,0.0,0.0,0,1,GK,Goalkeeper,-0.9200136306118352,-0.8881583968703538,0.25026677356756016,0.5326065904978567,0.5326428219371464,-0.3887432632188414,-0.3887145651254728
1159289,150000.0,11.918397239722838,20,400,0,194.0,2070.0,54.47,0.0,0.0,0,0,GK,Goalkeeper,-1.1056393135246971,-1.0272775216861505,0.3397583769601156,-0.4398871181795533,-0.43995692648187074,-0.3887432632188414,-0.3887145651254728
329813,800000.0,13.592368256649284,25,625,1,192.0,720.0,18.95,0.0,0.0,0,1,GK,Goalkeeper,-0.17751089896038744,-0.26381890989214457,0.2950125752638379,-1.0834491312748982,-1.083405297944778,-0.3887432632188414,-0.3887145651254728
504072,4000000.0,15.201805169084134,22,484,1,190.0,1459.0,38.39,0.0,0.0,0,0,GK,Goalkeeper,-0.7343879476989733,-0.742252973283055,0.25026677356756016,-0.7311585181804834,-0.7312477432927814,-0.3887432632188414,-0.3887145651254728
1131973,400000.0,12.899222326086994,16,256,0,187.0,1938.0,51.0,0.0,0.0,0,0,GK,Goalkeeper,-1.848142045176145,-1.5158910332343143,0.18314807102314357,-0.5028131816822092,-0.5028163253832302,-0.3887432632188414,-0.3887145651254728
29559,500000.0,13.122365377402328,39,1521,0,185.0,3960.0,104.21,145.0,0.0894,1,0,GK,Goalkeeper,2.42124866181968,2.7764429397408747,0.13840226932686586,0.4610997001539295,0.4610881747727746,2.0901816837945093,2.0903317878518863
336367,500000.0,13.122365377402328,29,841,0,190.0,810.0,21.32,0.0,0.0,0,0,GK,Goalkeeper,0.5649918326910603,0.4691013574301011,0.25026677356756016,-1.0405449970685419,-1.040472509646155,-0.3887432632188414,-0.3887145651254728
629773,6000000.0,15.607270193858982,22,484,1,198.0,2450.0,64.47,0.0,0.0,0,0,GK,Goalkeeper,-0.7343879476989733,-0.742252973283055,0.4292499803526711,-0.258736329308271,-0.25880592100244865,-0.3887432632188414,-0.3887145651254728
59009,150000.0,11.918397239722838,34,1156,0,183.0,2999.0,78.92,15.0,0.0092,0,1,GK,Goalkeeper,1.4931202472553702,1.5379434139417094,0.09365646763058813,0.0029788893505025495,0.002957281915316288,-0.13230275145883957,-0.1336001753336193
585323,18000000.0,16.705882371415992,22,484,1,192.0,5400.0,142.11,0.0,0.0,0,0,GK,Goalkeeper,-0.7343879476989733,-0.742252973283055,0.2950125752638379,1.1475658474556307,1.1476504855397847,-0.3887432632188414,-0.3887145651254728
290088,175000.0,12.07254696717504,26,676,1,189.0,1821.0,47.92,165.0,0.1017,1,0,GK,Goalkeeper,0.008114783952474518,-0.09076829121883655,0.2278938727194213,-0.5585885561504724,-0.5586108350708922,2.4321023661411787,2.4314086350736037
29712,150000.0,11.918397239722838,38,1444,0,192.0,4140.0,108.95,0.0,0.0,0,0,GK,Goalkeeper,2.235622978906818,2.5151704370380368,0.2950125752638379,0.5469079685666421,0.5469537513700208,-0.3887432632188414,-0.3887145651254728
352015,100000.0,11.51293546492023,28,784,0,189.0,270.0,7.11,0.0,0.0,0,0,GK,Goalkeeper,0.37936614977819844,0.2756918424422863,0.2278938727194213,-1.2979698023066797,-1.2978880884324138,-0.3887432632188414,-0.3887145651254728
646353,3000000.0,14.914123179965662,23,529,1,191.0,4620.0,121.58,93.0,0.0573,1,0,GK,Goalkeeper,-0.5487622647861113,-0.5895612509242537,0.27263967441569903,0.7757300176672092,0.7757474712905308,1.2011879096931697,1.2002044060781365
101118,500000.0,13.122365377402328,34,1156,0,194.0,5611.0,147.66,35.0,0.0216,0,0,GK,Goalkeeper,1.4931202472553702,1.5379434139417094,0.3397583769601156,1.2481522065394215,1.2481892935808636,0.20961793088782954,0.21024965438583548
268335,75000.0,11.225256725762893,26,676,1,183.0,3030.0,79.74,0.0,0.0,0,1,GK,Goalkeeper,0.008114783952474518,-0.09076829121883655,0.09365646763058813,0.01775698002158084,0.017811664364628776,-0.3887432632188414,-0.3887145651254728
940915,250000.0,12.429220196836383,19,361,0,187.0,945.0,24.87,0.0,0.0,0,0,GK,Goalkeeper,-1.291264996437559,-1.159610347730445,0.18314807102314357,-0.9761887957590073,-0.97616390270096,-0.3887432632188414,-0.3887145651254728
260841,2500000.0,14.731801689838349,27,729,1,193.0,1710.0,45.0,0.0,0.0,0,0,GK,Goalkeeper,0.19374046686533647,0.08906862622597374,0.31738547611197676,-0.6115036550049786,-0.6115069286708834,-0.3887432632188414,-0.3887145651254728
532900,300000.0,12.611541086966115,24,576,1,185.0,675.0,17.76,42.0,0.0259,1,0,GK,Goalkeeper,-0.3631365818732494,-0.4300832297939503,0.13840226932686586,-1.1049011983780763,-1.1049622675968291,0.3292901697091637,0.3294879017885496
72476,10000000.0,16.118095750958314,32,1024,0,190.0,7320.0,192.63,17.0,0.0105,0,0,GK,Goalkeeper,1.1218688814296462,1.0900476950225593,0.25026677356756016,2.062854043857899,2.0628253652218245,-0.09811068322417266,-0.09755140286303127
159758,200000.0,12.206077645517674,30,900,0,190.0,3420.0,90.0,0.0,0.0,0,1,GK,Goalkeeper,0.7506175156039223,0.6692971711894182,0.25026677356756016,0.20367489491579158,0.2036725959865159,-0.3887432632188414,-0.3887145651254728
111465,250000.0,12.429220196836383,30,900,0,185.0,5670.0,149.21,0.0,0.0,0,1,GK,Goalkeeper,0.7506175156039223,0.6692971711894182,0.13840226932686586,1.2762782500746996,1.2762676994301743,-0.3887432632188414,-0.3887145651254728
64000,400000.0,12.899222326086994,35,1225,0,189.0,2160.0,56.84,0.0,0.0,0,0,GK,Goalkeeper,1.6787459301682321,1.7720707215585378,0.2278938727194213,-0.3969829839731969,-0.3970241381832476,-0.3887432632188414,-0.3887145651254728
905112,50000.0,10.819798284210286,18,324,0,186.0,1719.0,45.24,0.0,0.0,0,0,GK,Goalkeeper,-1.476890679350421,-1.285156875003237,0.16077517017500473,-0.6072132415843429,-0.6071593045393773,-0.3887432632188414,-0.3887145651254728
641458,4000000.0,15.201805169084134,26,676,1,204.0,239.0,6.29,50.0,0.0308,1,1,GK,Goalkeeper,0.008114783952474518,-0.09076829121883655,0.5634873854415042,-1.312747892977758,-1.3127424708817261,0.46605844264783136,0.465364044177689
400536,15000000.0,16.52356082573315,24,576,1,187.0,6435.0,169.34,136.0,0.0838,1,0,GK,Goalkeeper,-0.3631365818732494,-0.4300832297939503,0.18314807102314357,1.6409633908287284,1.6409246734602507,1.9363173767385085,1.9350447679785843
582078,350000.0,12.765691290604371,24,576,1,188.0,3944.0,103.79,0.0,0.0,0,0,GK,Goalkeeper,-0.3631365818732494,-0.4300832297939503,0.20552097187128243,0.4534722985172439,0.45347983254263907,-0.3887432632188414,-0.3887145651254728
349536,1500000.0,14.220976332738882,24,576,1,193.0,4140.0,108.95,11.0,0.0068,0,0,GK,Goalkeeper,-0.3631365818732494,-0.4300832297939503,0.31738547611197676,0.5469079685666421,0.5469537513700208,-0.20068688792817338,-0.20015175527932022
527026,4000000.0,15.201805169084134,26,676,1,188.0,5850.0,153.95,82.0,0.0506,1,0,GK,Goalkeeper,0.008114783952474518,-0.09076829121883655,0.20552097187128243,1.3620865184874122,1.3621332760274198,1.0131315344025018,1.0144145787297214
537475,100000.0,11.51293546492023,23,529,1,198.0,90.0,2.37,0.0,0.0,0,0,GK,Goalkeeper,-0.5487622647861113,-0.5895612509242537,0.4292499803526711,-1.3837780707193923,-1.3837536650296596,-0.3887432632188414,-0.3887145651254728
215810,200000.0,12.206077645517674,29,841,0,194.0,271.0,7.13,0.0,0.0,0,0,GK,Goalkeeper,0.5649918326910603,0.4691013574301011,0.3397583769601156,-1.2974930897043868,-1.2975257864214549,-0.3887432632188414,-0.3887145651254728
181773,300000.0,12.611541086966115,30,900,0,186.0,1395.0,36.71,19.0,0.0117,0,0,GK,Goalkeeper,0.7506175156039223,0.6692971711894182,0.16077517017500473,-0.7616681247272257,-0.7616811122133244,-0.06391861498950574,-0.06427561289018081
52570,1000000.0,13.815511557963774,36,1296,0,201.0,1260.0,33.16,253.0,0.156,1,0,GK,Goalkeeper,1.864371613081094,2.0129843279468687,0.49636868289708763,-0.8260243260367601,-0.8259897191585193,3.9365533684665226,3.937138131345087
120629,9000000.0,16.012735246411598,31,961,0,195.0,5139.0,135.24,19.0,0.0117,0,0,GK,Goalkeeper,0.9362431985167843,0.8762792837202377,0.3621312778082545,1.0231438582571972,1.0231997447754215,-0.06391861498950574,-0.06427561289018081
357153,40000000.0,17.50439003707821,25,625,1,186.0,7985.0,210.13,50.0,0.0308,1,0,GK,Goalkeeper,-0.17751089896038744,-0.26381890989214457,0.16077517017500473,2.379867924382643,2.379839624810813,0.46605844264783136,0.465364044177689
258919,20000000.0,16.811242881518265,27,729,1,188.0,5689.0,149.71,84.0,0.0518,1,0,GK,Goalkeeper,0.19374046686533647,0.08906862622597374,0.20552097187128243,1.2853357895182638,1.2853252497041452,1.0473236026371688,1.047690368702572
127202,7000000.0,15.76142084987672,32,1024,0,188.0,6961.0,183.18,8.0,0.0049,0,0,GK,Goalkeeper,1.1218688814296462,1.0900476950225593,0.20552097187128243,1.8917142196347665,1.891637665043771,-0.2519749902801737,-0.25283842273633345
610417,4000000.0,15.201805169084134,23,529,1,188.0,6120.0,161.05,0.0,0.0,0,0,GK,Goalkeeper,-0.5487622647861113,-0.5895612509242537,0.20552097187128243,1.4907989211064812,1.49075048991781,-0.3887432632188414,-0.3887145651254728
136401,1500000.0,14.220976332738882,31,961,0,193.0,922.0,24.26,0.0,0.0,0,0,GK,Goalkeeper,0.9362431985167843,0.8762792837202377,0.31738547611197676,-0.9871531856117428,-0.9872141140352048,-0.3887432632188414,-0.3887145651254728
425306,2500000.0,14.731801689838349,30,900,0,191.0,2280.0,60.0,5.0,0.0031,0,0,GK,Goalkeeper,0.7506175156039223,0.6692971711894182,0.27263967441569903,-0.33977747169805517,-0.33978042045175033,-0.3032630926321741,-0.3027521076956091
574164,200000.0,12.206077645517674,22,484,1,192.0,1426.0,37.53,0.0,0.0,0,0,GK,Goalkeeper,-0.7343879476989733,-0.742252973283055,0.2950125752638379,-0.7468900340561474,-0.7468267297640117,-0.3887432632188414,-0.3887145651254728
745716,150000.0,11.918397239722838,21,441,1,182.0,1890.0,49.74,0.0,0.0,0,0,GK,Goalkeeper,-0.9200136306118352,-0.8881583968703538,0.07128356678244926,-0.5256953865922659,-0.5256413520736374,-0.3887432632188414,-0.3887145651254728
538253,300000.0,12.611541086966115,31,961,0,187.0,2070.0,54.47,0.0,0.0,0,0,GK,Goalkeeper,0.9362431985167843,0.8762792837202377,0.18314807102314357,-0.4398871181795533,-0.43995692648187074,-0.3887432632188414,-0.3887145651254728
585550,9000000.0,16.012735246411598,22,484,1,188.0,4680.0,123.16,342.0,0.2109,1,0,GK,Goalkeeper,-0.7343879476989733,-0.742252973283055,0.20552097187128243,0.8043327738047801,0.8043693301562794,5.4581004049092,5.459505522602996
125714,10000000.0,16.118095750958314,31,961,0,195.0,6831.0,179.76,32.0,0.0197,0,0,GK,Goalkeeper,0.9362431985167843,0.8762792837202377,0.3621312778082545,1.8297415813366962,1.8296840211698084,0.15832982853582916,0.1575629869288222
234811,7000000.0,15.76142084987672,30,900,0,191.0,6915.0,181.97,0.0,0.0,0,1,GK,Goalkeeper,0.7506175156039223,0.6692971711894182,0.27263967441569903,1.8697854399292955,1.8697183933807608,-0.3887432632188414,-0.3887145651254728
403151,20000000.0,16.811242881518265,27,729,1,197.0,4944.0,130.11,141.0,0.0869,1,0,GK,Goalkeeper,0.19374046686533647,0.08906862622597374,0.4068770795045322,0.930184900810092,0.9302692789644781,2.0217975473251757,2.0210072254084483
110864,6000000.0,15.607270193858982,31,961,0,193.0,2978.0,78.37,232.0,0.143,1,0,GK,Goalkeeper,0.9362431985167843,0.8762792837202377,0.31738547611197676,-0.007032075297647259,-0.007006023386051875,3.57753665200252,3.576650406639206
262749,40000000.0,17.50439003707821,29,841,0,183.0,8700.0,228.95,5.0,0.0031,0,0,GK,Goalkeeper,0.5649918326910603,0.4691013574301011,0.09365646763058813,2.720717435022029,2.7207658171230853,-0.3032630926321741,-0.3027521076956091
93768,200000.0,12.206077645517674,31,961,0,194.0,5209.0,137.08,19.0,0.0117,0,0,GK,Goalkeeper,0.9362431985167843,0.8762792837202377,0.3397583769601156,1.0565137404176967,1.0565315297836353,-0.06391861498950574,-0.06427561289018081
124419,5000000.0,15.424948670398354,30,900,0,191.0,885.0,23.29,0.0,0.0,0,0,GK,Goalkeeper,0.7506175156039223,0.6692971711894182,0.27263967441569903,-1.0047915518965782,-1.0047857615667088,-0.3887432632188414,-0.3887145651254728
433163,150000.0,11.918397239722838,23,529,1,191.0,2268.0,59.68,0.0,0.0,0,0,GK,Goalkeeper,-0.5487622647861113,-0.5895612509242537,0.27263967441569903,-0.34549802292556936,-0.3455772526270918,-0.3887432632188414,-0.3887145651254728
238223,20000000.0,16.811242881518265,31,961,0,188.0,6849.0,180.24,173.0,0.1067,1,1,GK,Goalkeeper,0.9362431985167843,0.8762792837202377,0.20552097187128243,1.8383224081779674,1.838379269432821,2.5688706390798464,2.5700577599604806
263360,100000.0,11.51293546492023,26,676,1,188.0,851.0,22.39,583.0,0.3594,1,0,GK,Goalkeeper,0.008114783952474518,-0.09076829121883655,0.20552097187128243,-1.020999780374535,-1.0210893520598567,9.578244627186564,9.57738453174324
487167,3000000.0,14.914123179965662,23,529,1,193.0,3436.0,90.42,0.0,0.0,0,0,GK,Goalkeeper,-0.5487622647861113,-0.5895612509242537,0.31738547611197676,0.21130229655247715,0.21128093821665167,-0.3887432632188414,-0.3887145651254728
340918,20000000.0,16.811242881518265,26,676,1,188.0,4200.0,110.53,4.0,0.0025,0,0,GK,Goalkeeper,0.008114783952474518,-0.09076829121883655,0.20552097187128243,0.575510724704213,0.5755756102357694,-0.32035912674950756,-0.3193900026820343
488935,2500000.0,14.731801689838349,23,529,1,195.0,414.0,10.89,0.0,0.0,0,0,GK,Goalkeeper,-0.5487622647861113,-0.5895612509242537,0.3621312778082545,-1.2293231875765096,-1.229413008361192,-0.3887432632188414,-0.3887145651254728
555074,800000.0,13.592368256649284,20,400,0,193.0,3060.0,80.53,0.0,0.0,0,0,GK,Goalkeeper,-1.1056393135246971,-1.0272775216861505,0.31738547611197676,0.03205835809036628,0.032122593797503235,-0.3887432632188414,-0.3887145651254728
470788,200000.0,12.206077645517674,24,576,1,193.0,2862.0,75.32,0.0,0.0,0,0,GK,Goalkeeper,-0.3631365818732494,-0.4300832297939503,0.31738547611197676,-0.06233073716361763,-0.062257080057275815,-0.3887432632188414,-0.3887145651254728
564968,200000.0,12.206077645517674,23,529,1,190.0,1875.0,49.34,0.0,0.0,0,0,GK,Goalkeeper,-0.5487622647861113,-0.5895612509242537,0.25026677356756016,-0.5328460756266586,-0.5328873922928142,-0.3887432632188414,-0.3887145651254728
486604,4000000.0,15.201805169084134,23,529,1,190.0,1991.0,52.39,8.0,0.0049,0,0,GK,Goalkeeper,-0.5487622647861113,-0.5895612509242537,0.25026677356756016,-0.47754741376068827,-0.4776363356215905,-0.2519749902801737,-0.25283842273633345
234509,25000000.0,17.034386422832473,28,784,0,190.0,9210.0,242.37,0.0,0.0,0,0,GK,Goalkeeper,0.37936614977819844,0.2756918424422863,0.25026677356756016,2.9638408621913817,2.96387046647647,-0.3887432632188414,-0.3887145651254728
33873,250000.0,12.429220196836383,37,1369,0,199.0,4140.0,108.95,0.0,0.0,0,0,GK,Goalkeeper,2.049997295993956,2.260684233106702,0.4516228812008099,0.5469079685666421,0.5469537513700208,-0.3887432632188414,-0.3887145651254728
565093,30000000.0,17.216707972959764,22,484,1,194.0,6090.0,160.26,0.0,0.0,0,0,GK,Goalkeeper,-0.7343879476989733,-0.742252973283055,0.3397583769601156,1.4764975430376959,1.4764395604849352,-0.3887432632188414,-0.3887145651254728
685805,700000.0,13.45883704259595,24,576,1,188.0,3720.0,97.89,268.0,0.1652,1,0,GK,Goalkeeper,-0.3631365818732494,-0.4300832297939503,0.20552097187128243,0.34668867560364597,0.34660073930977997,4.192993880226524,4.192252521136941
401535,4000000.0,15.201805169084134,26,676,1,191.0,6299.0,165.76,0.0,0.0,0,0,GK,Goalkeeper,0.008114783952474518,-0.09076829121883655,0.27263967441569903,1.5761304769169011,1.5760726134986174,-0.3887432632188414,-0.3887145651254728
806469,75000.0,11.225256725762893,19,361,0,196.0,1955.0,51.45,0.0,0.0,0,1,GK,Goalkeeper,-1.291264996437559,-1.159610347730445,0.38450417865639336,-0.4947090674432308,-0.4946645301366561,-0.3887432632188414,-0.3887145651254728
85941,8000000.0,15.894952224644102,32,1024,0,185.0,3441.0,90.55,0.0,0.0,0,0,GK,Goalkeeper,1.1218688814296462,1.0900476950225593,0.13840226932686586,0.21368585956394137,0.2136359012878841,-0.3887432632188414,-0.3887145651254728
535881,25000.0,10.12667110305036,24,576,1,190.0,90.0,2.37,0.0,0.0,0,0,GK,Goalkeeper,-0.3631365818732494,-0.4300832297939503,0.25026677356756016,-1.3837780707193923,-1.3837536650296596,-0.3887432632188414,-0.3887145651254728
55000,100000.0,11.51293546492023,34,1156,0,190.0,1908.0,50.21,34.0,0.021,0,1,GK,Goalkeeper,1.4931202472553702,1.5379434139417094,0.25026677356756016,-0.5171145597509946,-0.5171272548161046,0.19252189677049608,0.19361175939941028
352020,100000.0,11.51293546492023,33,1089,0,189.0,4489.0,118.13,0.0,0.0,0,0,GK,Goalkeeper,1.3074945643425082,1.3106024050963831,0.2278938727194213,0.7132806667668461,0.7132503744001302,-0.3887432632188414,-0.3887145651254728
395653,50000.0,10.819798284210286,24,576,1,187.0,1440.0,37.89,0.0,0.0,0,0,GK,Goalkeeper,-0.3631365818732494,-0.4300832297939503,0.18314807102314357,-0.7402160576240475,-0.7403052935667526,-0.3887432632188414,-0.3887145651254728
338908,400000.0,12.899222326086994,30,900,0,201.0,4740.0,124.74,0.0,0.0,0,0,GK,Goalkeeper,0.7506175156039223,0.6692971711894182,0.49636868289708763,0.832935529942351,0.8329911890220282,-0.3887432632188414,-0.3887145651254728
916497,500000.0,13.122365377402328,23,529,1,202.0,2308.0,60.74,0.0,0.0,0,0,GK,Goalkeeper,-0.5487622647861113,-0.5895612509242537,0.5187415837452265,-0.32642951883385546,-0.32637524604627305,-0.3887432632188414,-0.3887145651254728
520056,100000.0,11.51293546492023,22,484,1,198.0,1800.0,47.37,0.0,0.0,0,0,GK,Goalkeeper,-0.7343879476989733,-0.742252973283055,0.4292499803526711,-0.5685995207986222,-0.5685741403722604,-0.3887432632188414,-0.3887145651254728
141364,100000.0,11.51293546492023,33,1089,0,181.0,1406.0,37.0,74.0,0.0456,1,0,GK,Goalkeeper,1.3074945643425082,1.3106024050963831,0.048910665934310406,-0.7564242861020044,-0.7564277330544211,0.8763632614638343,0.8757654538428448
215167,400000.0,12.899222326086994,29,841,0,184.0,6503.0,171.13,91.0,0.0561,1,0,GK,Goalkeeper,0.5649918326910603,0.4691013574301011,0.116029368478727,1.673379847784642,1.673350703441067,1.1669958414585029,1.166928616105286
621586,400000.0,12.899222326086994,23,529,1,189.0,4860.0,127.89,0.0,0.0,0,0,GK,Goalkeeper,-0.5487622647861113,-0.5895612509242537,0.2278938727194213,0.8901410422174927,0.8900537557480462,-0.3887432632188414,-0.3887145651254728
317057,3500000.0,15.068273812173887,26,676,1,194.0,6819.0,179.45,0.0,0.0,0,0,GK,Goalkeeper,0.008114783952474518,-0.09076829121883655,0.3397583769601156,1.824021030109182,1.8240683399999462,-0.3887432632188414,-0.3887145651254728
333175,800000.0,13.592368256649284,28,784,0,195.0,5850.0,153.95,27.0,0.0166,0,0,GK,Goalkeeper,0.37936614977819844,0.2756918424422863,0.3621312778082545,1.3620865184874122,1.3621332760274198,0.0728496579491619,0.07160052949895855
215125,25000.0,10.12667110305036,35,1225,0,198.0,1748.0,46.0,0.0,0.0,0,0,GK,Goalkeeper,1.6787459301682321,1.7720707215585378,0.4292499803526711,-0.5933885761178503,-0.5933918281229412,-0.3887432632188414,-0.3887145651254728
457859,100000.0,11.51293546492023,24,576,1,188.0,1485.0,39.08,0.0,0.0,0,1,GK,Goalkeeper,-0.3631365818732494,-0.4300832297939503,0.20552097187128243,-0.7187639905208694,-0.7187483239147013,-0.3887432632188414,-0.3887145651254728
385397,50000.0,10.819798284210286,25,625,1,182.0,12.0,0.32,0.0,0.0,0,0,GK,Goalkeeper,-0.17751089896038744,-0.26381890989214457,0.07128356678244926,-1.4209616536982346,-1.4208896211529414,-0.3887432632188414,-0.3887145651254728
369522,700000.0,13.45883704259595,24,576,1,191.0,180.0,4.74,0.0,0.0,0,1,GK,Goalkeeper,-0.3631365818732494,-0.4300832297939503,0.27263967441569903,-1.340873936513036,-1.3408208767310368,-0.3887432632188414,-0.3887145651254728
936567,50000.0,10.819798284210286,19,361,0,192.0,180.0,4.74,92.0,0.0567,1,0,GK,Goalkeeper,-1.291264996437559,-1.159610347730445,0.2950125752638379,-1.340873936513036,-1.3408208767310368,1.1840918755758363,1.1835665110917115
393883,25000.0,10.12667110305036,26,676,1,197.0,450.0,11.84,0.0,0.0,0,0,GK,Goalkeeper,0.008114783952474518,-0.09076829121883655,0.4068770795045322,-1.212161533893967,-1.212203662840647,-0.3887432632188414,-0.3887145651254728
51035,200000.0,12.206077645517674,36,1296,0,181.0,5940.0,156.32,0.0,0.0,0,0,GK,Goalkeeper,1.864371613081094,2.0129843279468687,0.048910665934310406,1.4049906526937685,1.405066064326043,-0.3887432632188414,-0.3887145651254728
568176,150000.0,11.918397239722838,22,484,1,191.0,2920.0,76.84,0.0,0.0,0,0,GK,Goalkeeper,-0.7343879476989733,-0.742252973283055,0.27263967441569903,-0.03468140623063244,-0.03472212722440347,-0.3887432632188414,-0.3887145651254728
750878,5000000.0,15.424948670398354,21,441,1,190.0,5760.0,151.58,0.0,0.0,0,0,GK,Goalkeeper,-0.9200136306118352,-0.8881583968703538,0.25026677356756016,1.319182384281056,1.3192004877287973,-0.3887432632188414,-0.3887145651254728
79422,1000000.0,13.815511557963774,38,1444,0,185.0,540.0,14.21,67.0,0.0413,1,0,GK,Goalkeeper,2.235622978906818,2.5151704370380368,0.13840226932686586,-1.1692573996876108,-1.1692708745420242,0.7566910226425001,0.7565272064401306
357983,300000.0,12.611541086966115,24,576,1,193.0,4674.0,123.0,88.0,0.0543,1,0,GK,Goalkeeper,-0.3631365818732494,-0.4300832297939503,0.31738547611197676,0.801472498191023,0.8014709140686088,1.1157077391065024,1.1170149311460107
99523,100000.0,11.51293546492023,36,1296,0,190.0,3060.0,80.53,0.0,0.0,0,0,GK,Goalkeeper,1.864371613081094,2.0129843279468687,0.25026677356756016,0.03205835809036628,0.032122593797503235,-0.3887432632188414,-0.3887145651254728
522142,200000.0,12.206077645517674,21,441,1,185.0,720.0,18.95,63.0,0.0388,1,0,GK,Goalkeeper,-0.9200136306118352,-0.8881583968703538,0.13840226932686586,-1.0834491312748982,-1.083405297944778,0.6883068861731663,0.6872026439966921
300340,400000.0,12.899222326086994,28,784,0,192.0,4249.0,111.82,23.0,0.0142,0,0,GK,Goalkeeper,0.37936614977819844,0.2756918424422863,0.2950125752638379,0.5988696422165626,0.5989440899426147,0.0044655214798280775,0.005048949553257654
525438,2200000.0,14.603968372873895,26,676,1,186.0,4500.0,118.42,0.0,0.0,0,0,GK,Goalkeeper,0.008114783952474518,-0.09076829121883655,0.16077517017500473,0.7185245053920675,0.7185037535590335,-0.3887432632188414,-0.3887145651254728
687463,450000.0,13.017005083966255,22,484,1,190.0,4140.0,108.95,0.0,0.0,0,1,GK,Goalkeeper,-0.7343879476989733,-0.742252973283055,0.25026677356756016,0.5469079685666421,0.5469537513700208,-0.3887432632188414,-0.3887145651254728
148028,100000.0,11.51293546492023,33,1089,0,193.0,2633.0,69.29,0.0,0.0,0,0,GK,Goalkeeper,1.3074945643425082,1.3106024050963831,0.31738547611197676,-0.17149792308867984,-0.1714911363613671,-0.3887432632188414,-0.3887145651254728
417414,50000.0,10.819798284210286,25,625,1,182.0,90.0,2.37,0.0,0.0,0,0,GK,Goalkeeper,-0.17751089896038744,-0.26381890989214457,0.07128356678244926,-1.3837780707193923,-1.3837536650296596,-0.3887432632188414,-0.3887145651254728
817974,75000.0,11.225256725762893,20,400,0,192.0,90.0,2.37,0.0,0.0,0,0,GK,Goalkeeper,-1.1056393135246971,-1.0272775216861505,0.2950125752638379,-1.3837780707193923,-1.3837536650296596,-0.3887432632188414,-0.3887145651254728
698931,200000.0,12.206077645517674,22,484,1,192.0,3597.0,94.66,124.0,0.0764,1,0,GK,Goalkeeper,-0.7343879476989733,-0.742252973283055,0.2950125752638379,0.28805302552162565,0.28808896453992655,1.731164967330507,1.7298440631460064
146918,400000.0,12.899222326086994,31,961,0,191.0,3720.0,97.89,0.0,0.0,0,0,GK,Goalkeeper,0.9362431985167843,0.8762792837202377,0.27263967441569903,0.34668867560364597,0.34660073930977997,-0.3887432632188414,-0.3887145651254728
300137,1000000.0,13.815511557963774,27,729,1,191.0,5476.0,144.11,29.0,0.0179,0,0,GK,Goalkeeper,0.19374046686533647,0.08906862622597374,0.27263967441569903,1.183796005229887,1.183880686635669,0.1070417261838288,0.10764930196954653
191188,100000.0,11.51293546492023,33,1089,0,186.0,900.0,23.68,0.0,0.0,0,0,GK,Goalkeeper,1.3074945643425082,1.3106024050963831,0.16077517017500473,-0.9976408628621855,-0.9977208723530113,-0.3887432632188414,-0.3887145651254728
188613,200000.0,12.206077645517674,32,1024,0,186.0,4590.0,120.79,60.0,0.037,1,0,GK,Goalkeeper,1.1218688814296462,1.0900476950225593,0.16077517017500473,0.7614286395984238,0.7614365418576566,0.637018783821166,0.6372889590374163
981998,200000.0,12.206077645517674,18,324,0,198.0,982.0,25.84,0.0,0.0,0,0,GK,Goalkeeper,-1.476890679350421,-1.285156875003237,0.4292499803526711,-0.9585504294741719,-0.9585922551694561,-0.3887432632188414,-0.3887145651254728
1182322,50000.0,10.819798284210286,19,361,0,180.0,4950.0,130.26,0.0,0.0,0,0,GK,Goalkeeper,-1.291264996437559,-1.159610347730445,0.02653776508617154,0.933045176423849,0.932986544046669,-0.3887432632188414,-0.3887145651254728
70348,50000.0,10.819798284210286,35,1225,0,190.0,1890.0,49.74,0.0,0.0,0,0,GK,Goalkeeper,1.6787459301682321,1.7720707215585378,0.25026677356756016,-0.5256953865922659,-0.5256413520736374,-0.3887432632188414,-0.3887145651254728
242716,800000.0,13.592368256649284,30,900,0,187.0,6750.0,177.63,0.0,0.0,0,0,GK,Goalkeeper,0.7506175156039223,0.6692971711894182,0.18314807102314357,1.7911278605509755,1.7910988570026916,-0.3887432632188414,-0.3887145651254728
222636,600000.0,13.304686600863562,28,784,0,184.0,6076.0,159.89,0.0,0.0,0,1,GK,Goalkeeper,0.37936614977819844,0.2756918424422863,0.116029368478727,1.4698235666055959,1.4697369732821965,-0.3887432632188414,-0.3887145651254728
176182,250000.0,12.429220196836383,29,841,0,189.0,1245.0,32.76,0.0,0.0,0,0,GK,Goalkeeper,0.5649918326910603,0.4691013574301011,0.2278938727194213,-0.8331750150711529,-0.8332357593776961,-0.3887432632188414,-0.3887145651254728
217652,300000.0,12.611541086966115,29,841,0,201.0,2970.0,78.16,31.0,0.0191,0,0,GK,Goalkeeper,0.5649918326910603,0.4691013574301011,0.49636868289708763,-0.010845776115990044,-0.010810194501119882,0.1412337944184957,0.14092509194239697
244491,400000.0,12.899222326086994,28,784,0,185.0,2430.0,63.95,5.0,0.0031,0,0,GK,Goalkeeper,0.37936614977819844,0.2756918424422863,0.13840226932686586,-0.26827058135412796,-0.26822577328737857,-0.3032630926321741,-0.3027521076956091
269784,200000.0,12.206077645517674,34,1156,0,184.0,90.0,2.37,7.0,0.0043,0,0,GK,Goalkeeper,1.4931202472553702,1.5379434139417094,0.116029368478727,-1.3837780707193923,-1.3837536650296596,-0.2690710243975072,-0.26947631772275865
596909,3800000.0,15.150511887854474,29,841,0,186.0,180.0,4.74,6.0,0.0037,0,0,GK,Goalkeeper,0.5649918326910603,0.4691013574301011,0.16077517017500473,-1.340873936513036,-1.3408208767310368,-0.28616705851484064,-0.28611421270918386
238635,100000.0,11.51293546492023,30,900,0,183.0,1350.0,35.53,0.0,0.0,0,0,GK,Goalkeeper,0.7506175156039223,0.6692971711894182,0.09365646763058813,-0.7831201918304038,-0.7830569308598961,-0.3887432632188414,-0.3887145651254728
288247,100000.0,11.51293546492023,28,784,0,184.0,180.0,4.74,0.0,0.0,0,0,GK,Goalkeeper,0.37936614977819844,0.2756918424422863,0.116029368478727,-1.340873936513036,-1.3408208767310368,-0.3887432632188414,-0.3887145651254728
256339,3200000.0,14.978661680269907,27,729,1,192.0,2618.0,68.89,0.0,0.0,0,0,GK,Goalkeeper,0.19374046686533647,0.08906862622597374,0.2950125752638379,-0.17864861212307254,-0.17873717658054408,-0.3887432632188414,-0.3887145651254728
400535,500000.0,13.122365377402328,24,576,1,192.0,4305.0,113.29,0.0,0.0,0,0,GK,Goalkeeper,-0.3631365818732494,-0.4300832297939503,0.2950125752638379,0.6255655479449621,0.6255732877480901,-0.3887432632188414,-0.3887145651254728
124901,150000.0,11.918397239722838,35,1225,0,184.0,3690.0,97.11,0.0,0.0,0,0,GK,Goalkeeper,1.6787459301682321,1.7720707215585378,0.116029368478727,0.3323872975348605,0.332470960882385,-0.3887432632188414,-0.3887145651254728
337360,700000.0,13.45883704259595,27,729,1,186.0,5439.0,143.13,5.0,0.0031,0,0,GK,Goalkeeper,0.19374046686533647,0.08906862622597374,0.16077517017500473,1.1661576389450516,1.1661278880986854,-0.3032630926321741,-0.3027521076956091
265153,900000.0,13.710151153416941,30,900,0,190.0,2385.0,62.76,78.0,0.0481,1,0,GK,Goalkeeper,0.7506175156039223,0.6692971711894182,0.25026677356756016,-0.28972264845730616,-0.28978274293942985,0.9447473979331681,0.945090016286283
55439,125000.0,11.736077016252437,34,1156,0,184.0,2340.0,61.58,0.0,0.0,0,0,GK,Goalkeeper,1.4931202472553702,1.5379434139417094,0.116029368478727,-0.3111747155604843,-0.31115856158600164,-0.3887432632188414,-0.3887145651254728
435406,1500000.0,14.220976332738882,26,676,1,202.0,7098.0,186.79,0.0,0.0,0,0,GK,Goalkeeper,0.008114783952474518,-0.09076829121883655,0.5187415837452265,1.9570238461488867,1.9570331780218422,-0.3887432632188414,-0.3887145651254728
916430,300000.0,12.611541086966115,19,361,0,194.0,3270.0,86.05,65.0,0.0401,1,0,GK,Goalkeeper,-1.291264996437559,-1.159610347730445,0.3397583769601156,0.13216800457186437,0.13211794882214414,0.7224989544078332,0.72325141646728
363010,75000.0,11.225256725762893,27,729,1,203.0,1363.0,35.87,0.0,0.0,0,0,GK,Goalkeeper,0.19374046686533647,0.08906862622597374,0.5411144845933654,-0.7769229280005968,-0.7768977966735958,-0.3887432632188414,-0.3887145651254728
54534,700000.0,13.45883704259595,36,1296,0,188.0,90.0,2.37,38.0,0.0234,0,0,GK,Goalkeeper,1.864371613081094,2.0129843279468687,0.20552097187128243,-1.3837780707193923,-1.3837536650296596,0.2609060332398299,0.26016333934511116
202098,10000.0,9.210440366976517,40,1600,0,188.0,1813.0,47.71,0.0,0.0,0,0,GK,Goalkeeper,2.606874344732542,3.0445017412152144,0.20552097187128243,-0.5624022569688152,-0.5624150061859601,-0.3887432632188414,-0.3887145651254728
340448,200000.0,12.206077645517674,27,729,1,196.0,3270.0,86.05,0.0,0.0,0,1,GK,Goalkeeper,0.19374046686533647,0.08906862622597374,0.38450417865639336,0.13216800457186437,0.13211794882214414,-0.3887432632188414,-0.3887145651254728
549318,250000.0,12.429220196836383,27,729,1,188.0,1710.0,45.0,0.0,0.0,0,0,GK,Goalkeeper,0.19374046686533647,0.08906862622597374,0.20552097187128243,-0.6115036550049786,-0.6115069286708834,-0.3887432632188414,-0.3887145651254728
338101,250000.0,12.429220196836383,27,729,1,190.0,1649.0,43.39,516.0,0.3181,1,0,GK,Goalkeeper,0.19374046686533647,0.08906862622597374,0.25026677356756016,-0.6405831237448423,-0.6406722405530704,8.43281034132522,8.432142760177635
402700,50000.0,10.819798284210286,22,484,1,192.0,1830.0,48.16,0.0,0.0,0,0,GK,Goalkeeper,-0.7343879476989733,-0.742252973283055,0.2950125752638379,-0.5542981427298368,-0.5542632109393861,-0.3887432632188414,-0.3887145651254728
548511,100000.0,11.51293546492023,22,484,1,0.0,824.0,21.68,0.0,0.0,0,0,GK,Goalkeeper,-0.7343879476989733,-0.742252973283055,-4.000584387578824,-1.0338710206364419,-1.0339510734488957,-0.3887432632188414,-0.3887145651254728
417278,2500000.0,14.731801689838349,26,676,1,186.0,4703.0,123.76,73.0,0.045,1,0,GK,Goalkeeper,0.008114783952474518,-0.09076829121883655,0.16077517017500473,0.8152971636575156,0.815238390485045,0.8592672273465009,0.8591275588564193
334992,2000000.0,14.508658238524095,27,729,1,195.0,2700.0,71.05,48.0,0.0296,1,0,GK,Goalkeeper,0.19374046686533647,0.08906862622597374,0.3621312778082545,-0.13955817873505902,-0.13960855939698896,0.43186637441316444,0.43208825420483854
85240,50000.0,10.819798284210286,35,1225,0,187.0,270.0,7.11,168.0,0.1036,1,0,GK,Goalkeeper,1.6787459301682321,1.7720707215585378,0.18314807102314357,-1.2979698023066797,-1.2978880884324138,2.483390468493179,2.484095302530617
25508,200000.0,12.206077645517674,37,1369,0,192.0,2070.0,54.47,0.0,0.0,0,0,GK,Goalkeeper,2.049997295993956,2.260684233106702,0.2950125752638379,-0.4398871181795533,-0.43995692648187074,-0.3887432632188414,-0.3887145651254728
920218,25000.0,10.12667110305036,22,484,1,191.0,3195.0,84.08,0.0,0.0,0,0,GK,Goalkeeper,-0.7343879476989733,-0.742252973283055,0.27263967441569903,0.09641455939990076,0.09643120074269802,-0.3887432632188414,-0.3887145651254728
1176371,200000.0,12.206077645517674,18,324,0,191.0,3526.0,92.79,0.0,0.0,0,0,GK,Goalkeeper,-1.476890679350421,-1.285156875003237,0.27263967441569903,0.2542064307588335,0.2542137265152748,-0.3887432632188414,-0.3887145651254728
42796,50000.0,10.819798284210286,36,1296,0,184.0,457.0,12.03,0.0,0.0,0,0,GK,Goalkeeper,1.864371613081094,2.0129843279468687,0.116029368478727,-1.2088245456779172,-1.208761793736538,-0.3887432632188414,-0.3887145651254728
165893,450000.0,13.017005083966255,31,961,0,184.0,7230.0,190.26,0.0,0.0,0,0,GK,Goalkeeper,0.9362431985167843,0.8762792837202377,0.116029368478727,2.0199499096515425,2.0198925769232017,-0.3887432632188414,-0.3887145651254728
526448,1000000.0,13.815511557963774,24,576,1,196.0,3056.0,80.42,0.0,0.0,0,0,GK,Goalkeeper,-0.3631365818732494,-0.4300832297939503,0.38450417865639336,0.030151507681194886,0.0301299327372296,-0.3887432632188414,-0.3887145651254728
804632,50000.0,10.819798284210286,21,441,1,187.0,1806.0,47.53,0.0,0.0,0,0,GK,Goalkeeper,-0.9200136306118352,-0.8881583968703538,0.18314807102314357,-0.5657392451848652,-0.5656757242845897,-0.3887432632188414,-0.3887145651254728
395251,200000.0,12.206077645517674,26,676,1,192.0,1865.0,49.08,27.0,0.0166,0,0,GK,Goalkeeper,0.008114783952474518,-0.09076829121883655,0.2950125752638379,-0.5376132016495871,-0.5375973184352792,0.0728496579491619,0.07160052949895855
743515,1500000.0,14.220976332738882,20,400,0,193.0,4500.0,118.42,0.0,0.0,0,0,GK,Goalkeeper,-1.1056393135246971,-1.0272775216861505,0.31738547611197676,0.7185245053920675,0.7185037535590335,-0.3887432632188414,-0.3887145651254728
110925,350000.0,12.765691290604371,32,1024,0,188.0,6045.0,159.08,76.0,0.0469,1,0,GK,Goalkeeper,1.1218688814296462,1.0900476950225593,0.20552097187128243,1.4550454759345177,1.4550637418383638,0.9105553296985012,0.9118142263134327
951303,50000.0,10.819798284210286,20,400,0,195.0,2340.0,61.58,0.0,0.0,0,0,GK,Goalkeeper,-1.1056393135246971,-1.0272775216861505,0.3621312778082545,-0.3111747155604843,-0.31115856158600164,-0.3887432632188414,-0.3887145651254728
258608,500000.0,13.122365377402328,27,729,1,189.0,5895.0,155.13,74.0,0.0456,1,0,GK,Goalkeeper,0.19374046686533647,0.08906862622597374,0.2278938727194213,1.3835385855905904,1.3835090946739919,0.8763632614638343,0.8757654538428448
35865,250000.0,12.429220196836383,37,1369,0,189.0,3270.0,86.05,107.0,0.066,1,0,GK,Goalkeeper,2.049997295993956,2.260684233106702,0.2278938727194213,0.13216800457186437,0.13211794882214414,1.4405323873358382,1.4414538833813026
257660,325000.0,12.691583538230217,32,1024,0,190.0,6930.0,182.37,0.0,0.0,0,0,GK,Goalkeeper,1.1218688814296462,1.0900476950225593,0.25026677356756016,1.876936128963688,1.8769644335999378,-0.3887432632188414,-0.3887145651254728
705355,300000.0,12.611541086966115,20,400,0,0.0,3489.0,91.82,0.0,0.0,0,0,GK,Goalkeeper,-1.1056393135246971,-1.0272775216861505,-4.000584387578824,0.23656806447399809,0.23664207898377063,-0.3887432632188414,-0.3887145651254728
198418,150000.0,11.918397239722838,31,961,0,190.0,2317.0,60.97,0.0,0.0,0,1,GK,Goalkeeper,0.9362431985167843,0.8762792837202377,0.25026677356756016,-0.32213910541321983,-0.3222087729202464,-0.3887432632188414,-0.3887145651254728
198981,300000.0,12.611541086966115,28,784,0,188.0,3330.0,87.63,15.0,0.0092,0,0,GK,Goalkeeper,0.37936614977819844,0.2756918424422863,0.20552097187128243,0.16077076070943525,0.1607398076878928,-0.13230275145883957,-0.1336001753336193
568728,300000.0,12.611541086966115,27,729,1,206.0,2045.0,53.82,0.0,0.0,0,0,GK,Goalkeeper,0.19374046686533647,0.08906862622597374,0.608233187137782,-0.4518049332368745,-0.45173174183803316,-0.3887432632188414,-0.3887145651254728
358505,400000.0,12.899222326086994,29,841,0,195.0,4889.0,128.66,0.0,0.0,0,0,GK,Goalkeeper,0.5649918326910603,0.4691013574301011,0.3621312778082545,0.9039657076839853,0.9040023831699616,-0.3887432632188414,-0.3887145651254728
421766,150000.0,11.918397239722838,23,529,1,191.0,1560.0,41.05,22.0,0.0136,0,0,GK,Goalkeeper,-0.5487622647861113,-0.5895612509242537,0.27263967441569903,-0.6830105453489057,-0.6830615758352552,-0.012630512637505377,-0.01158894543316762
56809,250000.0,12.429220196836383,36,1296,0,184.0,4703.0,123.76,0.0,0.0,0,0,GK,Goalkeeper,1.864371613081094,2.0129843279468687,0.116029368478727,0.8152971636575156,0.815238390485045,-0.3887432632188414,-0.3887145651254728
542588,500000.0,13.122365377402328,22,484,1,190.0,726.0,19.11,0.0,0.0,0,0,GK,Goalkeeper,-0.7343879476989733,-0.742252973283055,0.25026677356756016,-1.080588855661141,-1.0805068818571073,-0.3887432632188414,-0.3887145651254728
567465,2000000.0,14.508658238524095,21,441,1,189.0,2213.0,58.24,57.0,0.0351,1,1,GK,Goalkeeper,-0.9200136306118352,-0.8881583968703538,0.2278938727194213,-0.371717216051676,-0.37166299741612857,0.5857306814691655,0.5846022915804031
290559,1000000.0,13.815511557963774,28,784,0,186.0,5400.0,142.11,18.0,0.0111,0,0,GK,Goalkeeper,0.37936614977819844,0.2756918424422863,0.16077517017500473,1.1475658474556307,1.1476504855397847,-0.0810146491068392,-0.08091350787660605
509510,200000.0,12.206077645517674,23,529,1,198.0,1800.0,47.37,0.0,0.0,0,0,GK,Goalkeeper,-0.5487622647861113,-0.5895612509242537,0.4292499803526711,-0.5685995207986222,-0.5685741403722604,-0.3887432632188414,-0.3887145651254728
370701,700000.0,13.45883704259595,25,625,1,188.0,4305.0,113.29,16.0,0.0099,0,0,GK,Goalkeeper,-0.17751089896038744,-0.26381890989214457,0.20552097187128243,0.6255655479449621,0.6255732877480901,-0.1152067173415061,-0.11418929784945649
746646,400000.0,12.899222326086994,23,529,1,193.0,3262.0,85.84,0.0,0.0,0,0,GK,Goalkeeper,-0.5487622647861113,-0.5895612509242537,0.31738547611197676,0.12835430375352158,0.1283137777070764,-0.3887432632188414,-0.3887145651254728
420179,300000.0,12.611541086966115,24,576,1,187.0,1170.0,30.79,0.0,0.0,0,0,GK,Goalkeeper,-0.3631365818732494,-0.4300832297939503,0.18314807102314357,-0.8689284602431165,-0.8689225074571422,-0.3887432632188414,-0.3887145651254728
323255,400000.0,12.899222326086994,25,625,1,188.0,2085.0,54.87,0.0,0.0,0,0,GK,Goalkeeper,-0.17751089896038744,-0.26381890989214457,0.20552097187128243,-0.43273642914516053,-0.4327108862626939,-0.3887432632188414,-0.3887145651254728
530253,50000.0,10.819798284210286,24,576,1,192.0,585.0,15.39,0.0,0.0,0,0,GK,Goalkeeper,-0.3631365818732494,-0.4300832297939503,0.2950125752638379,-1.1478053325844326,-1.1478950558954522,-0.3887432632188414,-0.3887145651254728
537548,50000.0,10.819798284210286,23,529,1,189.0,270.0,7.11,0.0,0.0,0,0,GK,Goalkeeper,-0.5487622647861113,-0.5895612509242537,0.2278938727194213,-1.2979698023066797,-1.2978880884324138,-0.3887432632188414,-0.3887145651254728
18940,100000.0,11.51293546492023,37,1369,0,191.0,498.0,13.11,19.0,0.0117,0,0,GK,Goalkeeper,2.049997295993956,2.260684233106702,0.27263967441569903,-1.1892793289839103,-1.1891974851447604,-0.06391861498950574,-0.06427561289018081
386567,250000.0,12.429220196836383,25,625,1,195.0,720.0,18.95,0.0,0.0,0,0,GK,Goalkeeper,-0.17751089896038744,-0.26381890989214457,0.3621312778082545,-1.0834491312748982,-1.083405297944778,-0.3887432632188414,-0.3887145651254728
947911,50000.0,10.819798284210286,21,441,1,188.0,115.0,3.03,0.0,0.0,0,0,GK,Goalkeeper,-0.9200136306118352,-0.8881583968703538,0.20552097187128243,-1.3718602556620711,-1.3717976986680178,-0.3887432632188414,-0.3887145651254728
918827,500000.0,13.122365377402328,19,361,0,195.0,3773.0,99.29,0.0,0.0,0,0,GK,Goalkeeper,-1.291264996437559,-1.159610347730445,0.3621312778082545,0.37195444352516693,0.3719618800768991,-0.3887432632188414,-0.3887145651254728
691340,50000.0,10.819798284210286,29,841,0,196.0,630.0,16.58,0.0,0.0,0,0,GK,Goalkeeper,0.5649918326910603,0.4691013574301011,0.38450417865639336,-1.1263532654812545,-1.126338086243401,-0.3887432632188414,-0.3887145651254728
331977,400000.0,12.899222326086994,30,900,0,182.0,4230.0,111.32,15.0,0.0092,0,0,GK,Goalkeeper,0.7506175156039223,0.6692971711894182,0.07128356678244926,0.5898121027729984,0.5898865396686437,-0.13230275145883957,-0.1336001753336193
715616,150000.0,11.918397239722838,20,400,0,196.0,744.0,19.58,29.0,0.0179,0,0,GK,Goalkeeper,-1.1056393135246971,-1.0272775216861505,0.38450417865639336,-1.0720080288198697,-1.0719927845995745,0.1070417261838288,0.10764930196954653
72422,200000.0,12.206077645517674,34,1156,0,198.0,6154.0,161.95,0.0,0.0,0,0,GK,Goalkeeper,1.4931202472553702,1.5379434139417094,0.4292499803526711,1.5070071495844382,1.5070540804109576,-0.3887432632188414,-0.3887145651254728
191882,150000.0,11.918397239722838,33,1089,0,187.0,1080.0,28.42,0.0,0.0,0,0,GK,Goalkeeper,1.3074945643425082,1.3106024050963831,0.18314807102314357,-0.9118325944494728,-0.9118552957557652,-0.3887432632188414,-0.3887145651254728
135747,350000.0,12.765691290604371,29,841,0,195.0,5790.0,152.37,105.0,0.0647,1,0,GK,Goalkeeper,0.5649918326910603,0.4691013574301011,0.3621312778082545,1.3334837623498415,1.3335114171616715,1.4063403191011712,1.4054051109107144
95736,250000.0,12.429220196836383,34,1156,0,185.0,4421.0,116.34,0.0,0.0,0,0,GK,Goalkeeper,1.4931202472553702,1.5379434139417094,0.13840226932686586,0.6808642098109324,0.6808243444193137,-0.3887432632188414,-0.3887145651254728
715382,350000.0,12.765691290604371,19,361,0,191.0,1980.0,52.11,0.0,0.0,0,0,GK,Goalkeeper,-1.291264996437559,-1.159610347730445,0.27263967441569903,-0.4827912523859096,-0.48270856377501437,-0.3887432632188414,-0.3887145651254728
164904,800000.0,13.592368256649284,31,961,0,197.0,3690.0,97.11,0.0,0.0,0,0,GK,Goalkeeper,0.9362431985167843,0.8762792837202377,0.4068770795045322,0.3323872975348605,0.332470960882385,-0.3887432632188414,-0.3887145651254728
577714,350000.0,12.765691290604371,25,625,1,196.0,3420.0,90.0,0.0,0.0,0,0,GK,Goalkeeper,-0.17751089896038744,-0.26381890989214457,0.38450417865639336,0.20367489491579158,0.2036725959865159,-0.3887432632188414,-0.3887145651254728
293828,250000.0,12.429220196836383,31,961,0,193.0,2103.0,55.34,0.0,0.0,0,1,GK,Goalkeeper,0.9362431985167843,0.8762792837202377,0.31738547611197676,-0.42415560230388927,-0.42419678900516095,-0.3887432632188414,-0.3887145651254728
327326,200000.0,12.206077645517674,36,1296,0,186.0,5190.0,136.58,15.0,0.0092,0,1,GK,Goalkeeper,1.864371613081094,2.0129843279468687,0.16077517017500473,1.0474562009741326,1.0474739795096641,-0.13230275145883957,-0.1336001753336193
599150,275000.0,12.524530013005734,24,576,1,192.0,810.0,21.32,0.0,0.0,0,0,GK,Goalkeeper,-0.3631365818732494,-0.4300832297939503,0.2950125752638379,-1.0405449970685419,-1.040472509646155,-0.3887432632188414,-0.3887145651254728
230014,2000000.0,14.508658238524095,32,1024,0,187.0,120.0,3.16,22.0,0.0136,0,1,GK,Goalkeeper,1.1218688814296462,1.0900476950225593,0.18314807102314357,-1.369476692650607,-1.3694427355967855,-0.012630512637505377,-0.01158894543316762
471936,1500000.0,14.220976332738882,25,625,1,190.0,2760.0,72.63,81.0,0.0499,1,0,GK,Goalkeeper,-0.17751089896038744,-0.26381890989214457,0.25026677356756016,-0.11095542259748813,-0.11098670053124031,0.9960355002851684,0.9950037012455589
99254,250000.0,12.429220196836383,33,1089,0,185.0,1665.0,43.82,52.0,0.0321,1,1,GK,Goalkeeper,1.3074945643425082,1.3106024050963831,0.13840226932686586,-0.6329557221081568,-0.6328827473174552,0.5002505108824983,0.5014128166482769
85380,200000.0,12.206077645517674,34,1156,0,190.0,3376.0,88.84,0.0,0.0,0,0,GK,Goalkeeper,1.4931202472553702,1.5379434139417094,0.25026677356756016,0.18269954041490624,0.18265907935090303,-0.3887432632188414,-0.3887145651254728
421764,100000.0,11.51293546492023,23,529,1,190.0,1931.0,50.82,98.0,0.0604,1,0,GK,Goalkeeper,-0.5487622647861113,-0.5895612509242537,0.25026677356756016,-0.5061501698982591,-0.5060770434818598,1.2866680802798371,1.2861668635080004
168444,200000.0,12.206077645517674,33,1089,0,188.0,4780.0,125.79,6.0,0.0037,0,0,GK,Goalkeeper,1.3074945643425082,1.3106024050963831,0.20552097187128243,0.8520040340340649,0.8520120445973677,-0.28616705851484064,-0.28611421270918386
350082,300000.0,12.611541086966115,26,676,1,184.0,768.0,20.21,0.0,0.0,0,0,GK,Goalkeeper,0.008114783952474518,-0.09076829121883655,0.116029368478727,-1.0605669263648414,-1.0605802712543708,-0.3887432632188414,-0.3887145651254728
274958,150000.0,11.918397239722838,31,961,0,189.0,1080.0,28.42,0.0,0.0,0,0,GK,Goalkeeper,0.9362431985167843,0.8762792837202377,0.2278938727194213,-0.9118325944494728,-0.9118552957557652,-0.3887432632188414,-0.3887145651254728
249761,150000.0,11.918397239722838,28,784,0,199.0,450.0,11.84,160.0,0.0986,1,0,GK,Goalkeeper,0.37936614977819844,0.2756918424422863,0.4516228812008099,-1.212161533893967,-1.212203662840647,2.3466221955545112,2.3454461776437396
234880,200000.0,12.206077645517674,29,841,0,188.0,945.0,24.87,172.0,0.106,1,0,GK,Goalkeeper,0.5649918326910603,0.4691013574301011,0.20552097187128243,-0.9761887957590073,-0.97616390270096,2.5517746049625125,2.5506468824763178
482789,300000.0,12.611541086966115,23,529,1,194.0,630.0,16.58,0.0,0.0,0,0,GK,Goalkeeper,-0.5487622647861113,-0.5895612509242537,0.3397583769601156,-1.1263532654812545,-1.126338086243401,-0.3887432632188414,-0.3887145651254728
598828,500000.0,13.122365377402328,25,625,1,189.0,2610.0,68.68,31.0,0.0191,0,0,GK,Goalkeeper,-0.17751089896038744,-0.26381890989214457,0.2278938727194213,-0.18246231294141532,-0.18254134769561184,0.1412337944184957,0.14092509194239697
629587,50000.0,10.819798284210286,27,729,1,178.0,990.0,26.05,0.0,0.0,0,0,GK,Goalkeeper,0.19374046686533647,0.08906862622597374,-0.018208036610106185,-0.9547367286558291,-0.9547880840543883,-0.3887432632188414,-0.3887145651254728
481344,300000.0,12.611541086966115,23,529,1,193.0,3240.0,85.26,0.0,0.0,0,0,GK,Goalkeeper,-0.5487622647861113,-0.5895612509242537,0.31738547611197676,0.11786662650307893,0.11780701938926995,-0.3887432632188414,-0.3887145651254728
39918,150000.0,11.918397239722838,38,1444,0,182.0,6120.0,161.05,0.0,0.0,0,0,GK,Goalkeeper,2.235622978906818,2.5151704370380368,0.07128356678244926,1.4907989211064812,1.49075048991781,-0.3887432632188414,-0.3887145651254728
301240,400000.0,12.899222326086994,27,729,1,192.0,328.0,8.63,348.0,0.2145,1,1,GK,Goalkeeper,0.19374046686533647,0.08906862622597374,0.2950125752638379,-1.2703204713736944,-1.2703531355995417,5.560676609613201,5.559332892521547
167685,300000.0,12.611541086966115,31,961,0,186.0,6804.0,179.05,0.0,0.0,0,0,GK,Goalkeeper,0.9362431985167843,0.8762792837202377,0.16077517017500473,1.8168703410747893,1.8168222997807697,-0.3887432632188414,-0.3887145651254728
530847,100000.0,11.51293546492023,23,529,1,185.0,380.0,10.0,0.0,0.0,0,0,GK,Goalkeeper,-0.5487622647861113,-0.5895612509242537,0.13840226932686586,-1.2455314160544664,-1.2455354478488607,-0.3887432632188414,-0.3887145651254728
985658,25000.0,10.12667110305036,19,361,0,190.0,1598.0,42.05,167.0,0.103,1,1,GK,Goalkeeper,-1.291264996437559,-1.159610347730445,0.25026677356756016,-0.6648954664617776,-0.664946475287313,2.4662944343758455,2.4674574075441917
917147,1000000.0,13.815511557963774,24,576,1,204.0,2700.0,71.05,0.0,0.0,0,0,GK,Goalkeeper,-0.3631365818732494,-0.4300832297939503,0.5634873854415042,-0.13955817873505902,-0.13960855939698896,-0.3887432632188414,-0.3887145651254728
685086,50000.0,10.819798284210286,21,441,1,195.0,180.0,4.74,0.0,0.0,0,0,GK,Goalkeeper,-0.9200136306118352,-0.8881583968703538,0.3621312778082545,-1.340873936513036,-1.3408208767310368,-0.3887432632188414,-0.3887145651254728
459697,300000.0,12.611541086966115,23,529,1,187.0,3397.0,89.39,0.0,0.0,0,0,GK,Goalkeeper,-0.5487622647861113,-0.5895612509242537,0.18314807102314357,0.19271050506305606,0.1926223846522712,-0.3887432632188414,-0.3887145651254728
394194,275000.0,12.524530013005734,29,841,0,190.0,2190.0,57.63,0.0,0.0,0,0,GK,Goalkeeper,0.5649918326910603,0.4691013574301011,0.25026677356756016,-0.3826816059044115,-0.3827132087503733,-0.3887432632188414,-0.3887145651254728
314862,150000.0,11.918397239722838,33,1089,0,185.0,900.0,23.68,0.0,0.0,0,0,GK,Goalkeeper,1.3074945643425082,1.3106024050963831,0.13840226932686586,-0.9976408628621855,-0.9977208723530113,-0.3887432632188414,-0.3887145651254728
163568,450000.0,13.017005083966255,31,961,0,196.0,217.0,5.71,332.0,0.2047,1,0,GK,Goalkeeper,0.9362431985167843,0.8762792837202377,0.38450417865639336,-1.3232355702282006,-1.3232492291995328,5.287140063735865,5.287580607743267
459102,100000.0,11.51293546492023,24,576,1,190.0,2553.0,67.18,6.0,0.0037,0,0,GK,Goalkeeper,-0.3631365818732494,-0.4300832297939503,0.25026677356756016,-0.20963493127210767,-0.20971399851752515,-0.28616705851484064,-0.28611421270918386
954016,50000.0,10.819798284210286,18,324,0,180.0,2700.0,71.05,0.0,0.0,0,0,GK,Goalkeeper,-1.476890679350421,-1.285156875003237,0.02653776508617154,-0.13955817873505902,-0.13960855939698896,-0.3887432632188414,-0.3887145651254728
925504,50000.0,10.819798284210286,19,361,0,193.0,3645.0,95.92,0.0,0.0,0,0,GK,Goalkeeper,-1.291264996437559,-1.159610347730445,0.31738547611197676,0.31093523043168236,0.3109139912303338,-0.3887432632188414,-0.3887145651254728
692563,100000.0,11.51293546492023,22,484,1,196.0,360.0,9.47,0.0,0.0,0,1,GK,Goalkeeper,-0.7343879476989733,-0.742252973283055,0.38450417865639336,-1.2550656681003234,-1.2551364511392702,-0.3887432632188414,-0.3887145651254728
142033,400000.0,12.899222326086994,31,961,0,187.0,5130.0,135.0,60.0,0.037,1,1,GK,Goalkeeper,0.9362431985167843,0.8762792837202377,0.18314807102314357,1.0188534448365616,1.0188521206439152,0.637018783821166,0.6372889590374163
147051,3000000.0,14.914123179965662,30,900,0,190.0,6030.0,158.68,0.0,0.0,0,0,GK,Goalkeeper,0.7506175156039223,0.6692971711894182,0.25026677356756016,1.4478947869001249,1.4478177016191869,-0.3887432632188414,-0.3887145651254728
1001686,800000.0,13.592368256649284,23,529,1,190.0,4211.0,110.82,0.0,0.0,0,0,GK,Goalkeeper,-0.5487622647861113,-0.5895612509242537,0.25026677356756016,0.5807545633294343,0.5808289893946725,-0.3887432632188414,-0.3887145651254728
431706,350000.0,12.765691290604371,23,529,1,188.0,2430.0,63.95,0.0,0.0,0,1,GK,Goalkeeper,-0.5487622647861113,-0.5895612509242537,0.20552097187128243,-0.26827058135412796,-0.26822577328737857,-0.3887432632188414,-0.3887145651254728
111041,150000.0,11.918397239722838,32,1024,0,181.0,1080.0,28.42,0.0,0.0,0,0,GK,Goalkeeper,1.1218688814296462,1.0900476950225593,0.048910665934310406,-0.9118325944494728,-0.9118552957557652,-0.3887432632188414,-0.3887145651254728
235347,300000.0,12.611541086966115,28,784,0,190.0,810.0,21.32,0.0,0.0,0,0,GK,Goalkeeper,0.37936614977819844,0.2756918424422863,0.25026677356756016,-1.0405449970685419,-1.040472509646155,-0.3887432632188414,-0.3887145651254728
164915,400000.0,12.899222326086994,30,900,0,182.0,3419.0,89.97,106.0,0.0654,1,0,GK,Goalkeeper,0.7506175156039223,0.6692971711894182,0.07128356678244926,0.20319818231349873,0.20312914297007764,1.4234363532185048,1.4248159883948772
654420,25000.0,10.12667110305036,22,484,1,192.0,2055.0,54.08,0.0,0.0,0,0,GK,Goalkeeper,-0.7343879476989733,-0.742252973283055,0.2950125752638379,-0.447037807213946,-0.4470218156955682,-0.3887432632188414,-0.3887145651254728
373939,700000.0,13.45883704259595,27,729,1,189.0,3195.0,84.08,96.0,0.0592,1,1,GK,Goalkeeper,0.19374046686533647,0.08906862622597374,0.2278938727194213,0.09641455939990076,0.09643120074269802,1.2524760120451701,1.25289107353515
593315,150000.0,11.918397239722838,26,676,1,182.0,944.0,24.84,0.0,0.0,0,1,GK,Goalkeeper,0.008114783952474518,-0.09076829121883655,0.07128356678244926,-0.9766655083613002,-0.9767073557173983,-0.3887432632188414,-0.3887145651254728
12907,750000.0,13.527829818844937,30,900,0,184.0,1811.0,47.66,279.0,0.172,1,0,GK,Goalkeeper,0.7506175156039223,0.6692971711894182,0.116029368478727,-0.5633556821734009,-0.5633207612133572,4.381050255517192,4.380815330983093
928873,100000.0,11.51293546492023,19,361,0,192.0,2925.0,76.97,0.0,0.0,0,0,GK,Goalkeeper,-1.291264996437559,-1.159610347730445,0.2950125752638379,-0.032297843219168204,-0.03236716415317107,-0.3887432632188414,-0.3887145651254728
60543,300000.0,12.611541086966115,34,1156,0,187.0,1800.0,47.37,33.0,0.0203,0,1,GK,Goalkeeper,1.4931202472553702,1.5379434139417094,0.18314807102314357,-0.5685995207986222,-0.5685741403722604,0.17542586265316262,0.17420088191524744
866916,50000.0,10.819798284210286,21,441,1,192.0,1798.0,47.32,0.0,0.0,0,0,GK,Goalkeeper,-0.9200136306118352,-0.8881583968703538,0.2950125752638379,-0.5695529460032079,-0.5694798953996575,-0.3887432632188414,-0.3887145651254728
51975,200000.0,12.206077645517674,35,1225,0,194.0,3428.0,90.21,21.0,0.0129,0,0,GK,Goalkeeper,1.6787459301682321,1.7720707215585378,0.3397583769601156,0.20748859573413436,0.20747676710158366,-0.029726546754838833,-0.030999822917330364
395602,200000.0,12.206077645517674,28,784,0,193.0,360.0,9.47,0.0,0.0,0,0,GK,Goalkeeper,0.37936614977819844,0.2756918424422863,0.31738547611197676,-1.2550656681003234,-1.2551364511392702,-0.3887432632188414,-0.3887145651254728
112822,300000.0,12.611541086966115,34,1156,0,188.0,2790.0,73.42,14.0,0.0086,0,0,GK,Goalkeeper,1.4931202472553702,1.5379434139417094,0.20552097187128243,-0.09665404452870269,-0.09667577109836585,-0.149398785576173,-0.15023807032004452
290838,350000.0,12.765691290604371,28,784,0,197.0,3330.0,87.63,0.0,0.0,0,0,GK,Goalkeeper,0.37936614977819844,0.2756918424422863,0.4068770795045322,0.16077076070943525,0.1607398076878928,-0.3887432632188414,-0.3887145651254728
371816,1000000.0,13.815511557963774,26,676,1,180.0,900.0,23.68,0.0,0.0,0,0,GK,Goalkeeper,0.008114783952474518,-0.09076829121883655,0.02653776508617154,-0.9976408628621855,-0.9977208723530113,-0.3887432632188414,-0.3887145651254728
415383,1200000.0,13.997832948091215,28,784,0,186.0,3776.0,99.37,35.0,0.0216,0,0,GK,Goalkeeper,0.37936614977819844,0.2756918424422863,0.16077517017500473,0.37338458133204544,0.3734110881207345,0.20961793088782954,0.21024965438583548
548347,300000.0,12.611541086966115,22,484,1,187.0,1350.0,35.53,0.0,0.0,0,1,GK,Goalkeeper,-0.7343879476989733,-0.742252973283055,0.18314807102314357,-0.7831201918304038,-0.7830569308598961,-0.3887432632188414,-0.3887145651254728
419996,50000.0,10.819798284210286,34,1156,0,179.0,58.0,1.53,0.0,0.0,0,1,GK,Goalkeeper,1.4931202472553702,1.5379434139417094,0.0041648642380326785,-1.3990328739927635,-1.3989703494899313,-0.3887432632188414,-0.3887145651254728
1001899,100000.0,11.51293546492023,20,400,0,189.0,405.0,10.66,0.0,0.0,0,0,GK,Goalkeeper,-1.1056393135246971,-1.0272775216861505,0.2278938727194213,-1.2336136009971452,-1.233579481487219,-0.3887432632188414,-0.3887145651254728
448632,12000000.0,16.300417291085605,25,625,1,188.0,6780.0,178.42,0.0,0.0,0,0,GK,Goalkeeper,-0.17751089896038744,-0.26381890989214457,0.20552097187128243,1.805429238619761,1.8054097864355658,-0.3887432632188414,-0.3887145651254728
695422,300000.0,12.611541086966115,23,529,1,185.0,630.0,16.58,32.0,0.0197,0,0,GK,Goalkeeper,-0.5487622647861113,-0.5895612509242537,0.13840226932686586,-1.1263532654812545,-1.126338086243401,0.15832982853582916,0.1575629869288222
1110729,100000.0,11.51293546492023,19,361,0,187.0,90.0,2.37,0.0,0.0,0,0,GK,Goalkeeper,-1.291264996437559,-1.159610347730445,0.18314807102314357,-1.3837780707193923,-1.3837536650296596,-0.3887432632188414,-0.3887145651254728
350347,200000.0,12.206077645517674,25,625,1,196.0,360.0,9.47,0.0,0.0,0,1,GK,Goalkeeper,-0.17751089896038744,-0.26381890989214457,0.38450417865639336,-1.2550656681003234,-1.2551364511392702,-0.3887432632188414,-0.3887145651254728
418651,7000000.0,15.76142084987672,24,576,1,194.0,5940.0,156.32,0.0,0.0,0,0,GK,Goalkeeper,-0.3631365818732494,-0.4300832297939503,0.3397583769601156,1.4049906526937685,1.405066064326043,-0.3887432632188414,-0.3887145651254728
346546,6000000.0,15.607270193858982,25,625,1,193.0,3420.0,90.0,84.0,0.0518,1,0,GK,Goalkeeper,-0.17751089896038744,-0.26381890989214457,0.31738547611197676,0.20367489491579158,0.2036725959865159,1.0473236026371688,1.047690368702572
127188,900000.0,13.710151153416941,31,961,0,188.0,1260.0,33.16,0.0,0.0,0,0,GK,Goalkeeper,0.9362431985167843,0.8762792837202377,0.20552097187128243,-0.8260243260367601,-0.8259897191585193,-0.3887432632188414,-0.3887145651254728
215677,450000.0,13.017005083966255,29,841,0,186.0,3107.0,81.76,180.0,0.111,1,0,GK,Goalkeeper,0.5649918326910603,0.4691013574301011,0.16077517017500473,0.054463850398130134,0.05440416747147222,2.68854287790118,2.6892960073631946
12029,100000.0,11.51293546492023,41,1681,0,188.0,90.0,2.37,0.0,0.0,0,1,GK,Goalkeeper,2.7925000276454037,3.3193468414610567,0.20552097187128243,-1.3837780707193923,-1.3837536650296596,-0.3887432632188414,-0.3887145651254728
465555,20000000.0,16.811242881518265,25,625,1,194.0,5526.0,145.42,0.0,0.0,0,0,GK,Goalkeeper,-0.17751089896038744,-0.26381890989214457,0.3397583769601156,1.2076316353445296,1.2076114683534729,-0.3887432632188414,-0.3887145651254728
199321,1000000.0,13.815511557963774,29,841,0,188.0,300.0,7.89,123.0,0.0758,1,0,GK,Goalkeeper,0.5649918326910603,0.4691013574301011,0.20552097187128243,-1.2836684242378942,-1.2837583100050187,1.7140689332131733,1.7132061681595814
466783,3000000.0,14.914123179965662,23,529,1,185.0,708.0,18.63,0.0,0.0,0,0,GK,Goalkeeper,-0.5487622647861113,-0.5895612509242537,0.13840226932686586,-1.0891696825024122,-1.0892021301201196,-0.3887432632188414,-0.3887145651254728
28356,100000.0,11.51293546492023,36,1296,0,186.0,23.0,0.61,126.0,0.0777,1,0,GK,Goalkeeper,1.864371613081094,2.0129843279468687,0.16077517017500473,-1.4157178150730132,-1.415636241994038,1.7653570355651738,1.7658928356165946
124780,150000.0,11.918397239722838,32,1024,0,184.0,900.0,23.68,0.0,0.0,0,0,GK,Goalkeeper,1.1218688814296462,1.0900476950225593,0.116029368478727,-0.9976408628621855,-0.9977208723530113,-0.3887432632188414,-0.3887145651254728
1001362,100000.0,11.51293546492023,19,361,0,192.0,1215.0,31.97,37.0,0.0228,0,1,GK,Goalkeeper,-1.291264996437559,-1.159610347730445,0.2950125752638379,-0.8474763931399383,-0.8475466888105704,0.24380999912249646,0.24352544435868595
433164,300000.0,12.611541086966115,23,529,1,185.0,3330.0,87.63,5.0,0.0031,0,0,GK,Goalkeeper,-0.5487622647861113,-0.5895612509242537,0.13840226932686586,0.16077076070943525,0.1607398076878928,-0.3032630926321741,-0.3027521076956091
910016,50000.0,10.819798284210286,19,361,0,184.0,90.0,2.37,0.0,0.0,0,0,GK,Goalkeeper,-1.291264996437559,-1.159610347730445,0.116029368478727,-1.3837780707193923,-1.3837536650296596,-0.3887432632188414,-0.3887145651254728
124884,3000000.0,14.914123179965662,33,1089,0,193.0,6567.0,172.82,9.0,0.0055,0,0,GK,Goalkeeper,1.3074945643425082,1.3106024050963831,0.31738547611197676,1.7038894543313843,1.7039652233670894,-0.2348789561628403,-0.2362005277499082
1075582,200000.0,12.206077645517674,17,289,0,186.0,1717.0,45.18,0.0,0.0,0,1,GK,Goalkeeper,-1.662516362263283,-1.4039171035045268,0.16077517017500473,-0.6081666667889286,-0.6082462105722538,-0.3887432632188414,-0.3887145651254728
428671,550000.0,13.217675375388819,30,900,0,188.0,810.0,21.32,0.0,0.0,0,0,GK,Goalkeeper,0.7506175156039223,0.6692971711894182,0.20552097187128243,-1.0405449970685419,-1.040472509646155,-0.3887432632188414,-0.3887145651254728
251322,5000000.0,15.424948670398354,26,676,1,190.0,4050.0,106.58,0.0,0.0,0,0,GK,Goalkeeper,0.008114783952474518,-0.09076829121883655,0.25026677356756016,0.5040038343602858,0.5040209630713977,-0.3887432632188414,-0.3887145651254728
127181,1500000.0,14.220976332738882,33,1089,0,186.0,5670.0,149.21,32.0,0.0197,0,1,GK,Goalkeeper,1.3074945643425082,1.3106024050963831,0.16077517017500473,1.2762782500746996,1.2762676994301743,0.15832982853582916,0.1575629869288222
912902,20000000.0,16.811242881518265,19,361,0,188.0,6595.0,173.55,34.0,0.021,0,1,GK,Goalkeeper,-1.291264996437559,-1.159610347730445,0.20552097187128243,1.717237407195584,1.7171892467670875,0.19252189677049608,0.19361175939941028
104376,375000.0,12.834683971615659,33,1089,0,192.0,5250.0,138.16,7.0,0.0043,0,0,GK,Goalkeeper,1.3074945643425082,1.3106024050963831,0.2950125752638379,1.0760589571117034,1.0760958383754127,-0.2690710243975072,-0.26947631772275865
525155,500000.0,13.122365377402328,25,625,1,192.0,1081.0,28.45,0.0,0.0,0,1,GK,Goalkeeper,-0.17751089896038744,-0.26381890989214457,0.2950125752638379,-0.91135588184718,-0.911311842739327,-0.3887432632188414,-0.3887145651254728
260171,800000.0,13.592368256649284,33,1089,0,189.0,1634.0,43.0,20.0,0.0123,0,0,GK,Goalkeeper,1.3074945643425082,1.3106024050963831,0.2278938727194213,-0.647733812779235,-0.6477371297667679,-0.04682258087217229,-0.047637717903755594
727086,50000.0,10.819798284210286,20,400,0,191.0,1530.0,40.26,0.0,0.0,0,0,GK,Goalkeeper,-1.1056393135246971,-1.0272775216861505,0.27263967441569903,-0.6973119234176912,-0.6973725052681295,-0.3887432632188414,-0.3887145651254728
1071430,50000.0,10.819798284210286,22,484,1,190.0,1115.0,29.34,0.0,0.0,0,0,GK,Goalkeeper,-0.7343879476989733,-0.742252973283055,0.25026677356756016,-0.8951476533692231,-0.8951894032516583,-0.3887432632188414,-0.3887145651254728
352041,10000000.0,16.118095750958314,27,729,1,197.0,4440.0,116.84,0.0,0.0,0,0,GK,Goalkeeper,0.19374046686533647,0.08906862622597374,0.4068770795045322,0.6899217492544966,0.6898818946932849,-0.3887432632188414,-0.3887145651254728
677820,50000.0,10.819798284210286,23,529,1,189.0,1530.0,40.26,0.0,0.0,0,0,GK,Goalkeeper,-0.5487622647861113,-0.5895612509242537,0.2278938727194213,-0.6973119234176912,-0.6973725052681295,-0.3887432632188414,-0.3887145651254728
379869,1200000.0,13.997832948091215,30,900,0,196.0,4590.0,120.79,4.0,0.0025,0,0,GK,Goalkeeper,0.7506175156039223,0.6692971711894182,0.38450417865639336,0.7614286395984238,0.7614365418576566,-0.32035912674950756,-0.3193900026820343
315858,40000000.0,17.50439003707821,25,625,1,196.0,7262.0,191.11,16.0,0.0099,0,0,GK,Goalkeeper,-0.17751089896038744,-0.26381890989214457,0.38450417865639336,2.0352047129249136,2.0352904123889526,-0.1152067173415061,-0.11418929784945649
667991,400000.0,12.899222326086994,22,484,1,189.0,1980.0,52.11,174.0,0.1073,1,0,GK,Goalkeeper,-0.7343879476989733,-0.742252973283055,0.2278938727194213,-0.4827912523859096,-0.48270856377501437,2.5859666731971798,2.5866956549469062
170911,1000000.0,13.815511557963774,32,1024,0,187.0,6210.0,163.42,25.0,0.0154,0,0,GK,Goalkeeper,1.1218688814296462,1.0900476950225593,0.18314807102314357,1.5337030553128375,1.5336832782164327,0.03865758971449499,0.038324739526108105
205465,100000.0,11.51293546492023,30,900,0,192.0,360.0,9.47,0.0,0.0,0,0,GK,Goalkeeper,0.7506175156039223,0.6692971711894182,0.2950125752638379,-1.2550656681003234,-1.2551364511392702,-0.3887432632188414,-0.3887145651254728
894585,75000.0,11.225256725762893,20,400,0,191.0,2115.0,55.66,0.0,0.0,0,0,GK,Goalkeeper,-1.1056393135246971,-1.0272775216861505,0.27263967441569903,-0.41843505107637513,-0.41839995682981956,-0.3887432632188414,-0.3887145651254728
60561,1200000.0,13.997832948091215,34,1156,0,184.0,4531.0,119.24,26.0,0.016,0,1,GK,Goalkeeper,1.4931202472553702,1.5379434139417094,0.116029368478727,0.7333025960631457,0.733358136008346,0.05575362383182844,0.05496263451253333
181337,375000.0,12.834683971615659,32,1024,0,191.0,3555.0,93.55,113.0,0.0697,1,0,GK,Goalkeeper,1.1218688814296462,1.0900476950225593,0.27263967441569903,0.26803109622532606,0.2679812029317107,1.5431085920398389,1.5440542357975915
463600,30000000.0,17.216707972959764,23,529,1,189.0,8370.0,220.26,3.0,0.0018,0,0,GK,Goalkeeper,-0.5487622647861113,-0.5895612509242537,0.2278938727194213,2.563402276265389,2.5633455933614675,-0.337455160866841,-0.33880088016619714
576033,1500000.0,14.220976332738882,22,484,1,192.0,3375.0,88.82,286.0,0.1763,1,0,GK,Goalkeeper,-0.7343879476989733,-0.742252973283055,0.2950125752638379,0.1822228278126134,0.18229677733994398,4.500722494338526,4.500053578385807
155998,100000.0,11.51293546492023,37,1369,0,187.0,90.0,2.37,0.0,0.0,0,0,GK,Goalkeeper,2.049997295993956,2.260684233106702,0.18314807102314357,-1.3837780707193923,-1.3837536650296596,-0.3887432632188414,-0.3887145651254728
282028,1200000.0,13.997832948091215,28,784,0,196.0,900.0,23.68,0.0,0.0,0,0,GK,Goalkeeper,0.37936614977819844,0.2756918424422863,0.38450417865639336,-0.9976408628621855,-0.9977208723530113,-0.3887432632188414,-0.3887145651254728
836132,50000.0,10.819798284210286,23,529,1,198.0,871.0,22.92,0.0,0.0,0,1,GK,Goalkeeper,-0.5487622647861113,-0.5895612509242537,0.4292499803526711,-1.011465528328678,-1.0114883487694473,-0.3887432632188414,-0.3887145651254728
639090,450000.0,13.017005083966255,23,529,1,188.0,1260.0,33.16,0.0,0.0,0,0,GK,Goalkeeper,-0.5487622647861113,-0.5895612509242537,0.20552097187128243,-0.8260243260367601,-0.8259897191585193,-0.3887432632188414,-0.3887145651254728
561484,350000.0,12.765691290604371,24,576,1,194.0,3060.0,80.53,0.0,0.0,0,0,GK,Goalkeeper,-0.3631365818732494,-0.4300832297939503,0.3397583769601156,0.03205835809036628,0.032122593797503235,-0.3887432632188414,-0.3887145651254728
718207,100000.0,11.51293546492023,22,484,1,189.0,535.0,14.08,0.0,0.0,0,0,GK,Goalkeeper,-0.7343879476989733,-0.742252973283055,0.2278938727194213,-1.171640962699075,-1.1716258376132564,-0.3887432632188414,-0.3887145651254728
78047,200000.0,12.206077645517674,35,1225,0,192.0,3420.0,90.0,30.0,0.0185,0,0,GK,Goalkeeper,1.6787459301682321,1.7720707215585378,0.2950125752638379,0.20367489491579158,0.2036725959865159,0.12413776030116226,0.12428719695597175
191056,12000000.0,16.300417291085605,30,900,0,187.0,6960.0,183.16,11.0,0.0068,0,1,GK,Goalkeeper,0.7506175156039223,0.6692971711894182,0.18314807102314357,1.8912375070324736,1.8912753630328119,-0.20068688792817338,-0.20015175527932022
193256,800000.0,13.592368256649284,31,961,0,187.0,585.0,15.39,0.0,0.0,0,0,GK,Goalkeeper,0.9362431985167843,0.8762792837202377,0.18314807102314357,-1.1478053325844326,-1.1478950558954522,-0.3887432632188414,-0.3887145651254728
128969,2500000.0,14.731801689838349,32,1024,0,184.0,4890.0,128.68,48.0,0.0296,1,0,GK,Goalkeeper,1.1218688814296462,1.0900476950225593,0.116029368478727,0.9044424202862782,0.9043646851809206,0.43186637441316444,0.43208825420483854
357047,3000000.0,14.914123179965662,27,729,1,181.0,6330.0,166.58,37.0,0.0228,0,0,GK,Goalkeeper,0.19374046686533647,0.08906862622597374,0.048910665934310406,1.5909085675879793,1.5909269959479304,0.24380999912249646,0.24352544435868595
465955,20000000.0,16.811242881518265,25,625,1,199.0,7020.0,184.74,0.0,0.0,0,0,GK,Goalkeeper,-0.17751089896038744,-0.26381890989214457,0.4516228812008099,1.9198402631700444,1.9198972218985608,-0.3887432632188414,-0.3887145651254728
318470,20000000.0,16.811242881518265,25,625,1,192.0,4163.0,109.55,9.0,0.0055,0,0,GK,Goalkeeper,-0.17751089896038744,-0.26381890989214457,0.2950125752638379,0.5578723584193777,0.557822811698786,-0.2348789561628403,-0.2362005277499082
171382,200000.0,12.206077645517674,31,961,0,189.0,1710.0,45.0,13.0,0.008,0,0,GK,Goalkeeper,0.9362431985167843,0.8762792837202377,0.2278938727194213,-0.6115036550049786,-0.6115069286708834,-0.16649481969350646,-0.16687596530646973
33781,150000.0,11.918397239722838,36,1296,0,188.0,811.0,21.34,0.0,0.0,0,0,GK,Goalkeeper,1.864371613081094,2.0129843279468687,0.20552097187128243,-1.040068284466249,-1.040110207635196,-0.3887432632188414,-0.3887145651254728
357117,3000000.0,14.914123179965662,25,625,1,196.0,4297.0,113.08,50.0,0.0308,1,0,GK,Goalkeeper,-0.17751089896038744,-0.26381890989214457,0.38450417865639336,0.6217518471266192,0.621769116633022,0.46605844264783136,0.465364044177689
190280,600000.0,13.304686600863562,32,1024,0,189.0,3656.0,96.21,0.0,0.0,0,0,GK,Goalkeeper,1.1218688814296462,1.0900476950225593,0.2278938727194213,0.3161790690569037,0.3161673703892369,-0.3887432632188414,-0.3887145651254728
983578,500000.0,13.122365377402328,21,441,1,190.0,2610.0,68.68,5.0,0.0031,0,1,GK,Goalkeeper,-0.9200136306118352,-0.8881583968703538,0.25026677356756016,-0.18246231294141532,-0.18254134769561184,-0.3032630926321741,-0.3027521076956091
745416,150000.0,11.918397239722838,20,400,0,182.0,720.0,18.95,35.0,0.0216,0,0,GK,Goalkeeper,-1.1056393135246971,-1.0272775216861505,0.07128356678244926,-1.0834491312748982,-1.083405297944778,0.20961793088782954,0.21024965438583548
315253,2000000.0,14.508658238524095,26,676,1,190.0,3810.0,100.26,0.0,0.0,0,0,GK,Goalkeeper,0.008114783952474518,-0.09076829121883655,0.25026677356756016,0.38959280981000227,0.38953352760840304,-0.3887432632188414,-0.3887145651254728
483007,100000.0,11.51293546492023,23,529,1,189.0,1485.0,39.08,41.0,0.0253,1,0,GK,Goalkeeper,-0.5487622647861113,-0.5895612509242537,0.2278938727194213,-0.7187639905208694,-0.7187483239147013,0.3121941355918303,0.3128500068021244
328770,600000.0,13.304686600863562,26,676,1,191.0,707.0,18.61,0.0,0.0,0,0,GK,Goalkeeper,0.008114783952474518,-0.09076829121883655,0.27263967441569903,-1.089646395104705,-1.0895644321310782,-0.3887432632188414,-0.3887145651254728
229604,8000000.0,15.894952224644102,32,1024,0,189.0,3722.0,97.95,104.0,0.0641,1,0,GK,Goalkeeper,1.1218688814296462,1.0900476950225593,0.2278938727194213,0.34764210080823166,0.3476876453426565,1.3892442849838378,1.3887672159242894
399981,300000.0,12.611541086966115,25,625,1,188.0,2700.0,71.05,22.0,0.0136,0,0,GK,Goalkeeper,-0.17751089896038744,-0.26381890989214457,0.20552097187128243,-0.13955817873505902,-0.13960855939698896,-0.012630512637505377,-0.01158894543316762
471494,200000.0,12.206077645517674,23,529,1,195.0,630.0,16.58,14.0,0.0086,0,0,GK,Goalkeeper,-0.5487622647861113,-0.5895612509242537,0.3621312778082545,-1.1263532654812545,-1.126338086243401,-0.149398785576173,-0.15023807032004452
745341,100000.0,11.51293546492023,21,441,1,194.0,90.0,2.37,0.0,0.0,0,0,GK,Goalkeeper,-0.9200136306118352,-0.8881583968703538,0.3397583769601156,-1.3837780707193923,-1.3837536650296596,-0.3887432632188414,-0.3887145651254728
402434,1000000.0,13.815511557963774,29,841,0,187.0,5071.0,133.45,0.0,0.0,0,0,GK,Goalkeeper,0.5649918326910603,0.4691013574301011,0.18314807102314357,0.9907274013012837,0.9907737147946046,-0.3887432632188414,-0.3887145651254728
421045,1500000.0,14.220976332738882,25,625,1,190.0,3357.0,88.34,254.0,0.1566,1,0,GK,Goalkeeper,-0.17751089896038744,-0.26381890989214457,0.25026677356756016,0.17364200097134214,0.1736015290769319,3.953649402583856,3.9537760263315116
156680,400000.0,12.899222326086994,30,900,0,187.0,2520.0,66.32,14.0,0.0086,0,0,GK,Goalkeeper,0.7506175156039223,0.6692971711894182,0.18314807102314357,-0.22536644714777165,-0.2252929849887557,-0.149398785576173,-0.15023807032004452
534477,300000.0,12.611541086966115,25,625,1,189.0,1170.0,30.79,143.0,0.0882,1,0,GK,Goalkeeper,-0.17751089896038744,-0.26381890989214457,0.2278938727194213,-0.8689284602431165,-0.8689225074571422,2.0559896155598425,2.057055997879036
617520,7500000.0,15.830413711839864,22,484,1,189.0,3765.0,99.08,6.0,0.0037,0,0,GK,Goalkeeper,-0.7343879476989733,-0.742252973283055,0.2278938727194213,0.3681407427068241,0.36815770896183114,-0.28616705851484064,-0.28611421270918386
743231,300000.0,12.611541086966115,22,484,1,194.0,2010.0,52.89,0.0,0.0,0,0,GK,Goalkeeper,-0.7343879476989733,-0.742252973283055,0.3397583769601156,-0.46848987431712413,-0.46857878534761943,-0.3887432632188414,-0.3887145651254728
47004,50000.0,10.819798284210286,37,1369,0,194.0,2977.0,78.34,0.0,0.0,0,0,GK,Goalkeeper,2.049997295993956,2.260684233106702,0.3397583769601156,-0.007508787899940107,-0.007549476402490162,-0.3887432632188414,-0.3887145651254728
58971,300000.0,12.611541086966115,36,1296,0,190.0,5175.0,136.18,21.0,0.0129,0,1,GK,Goalkeeper,1.864371613081094,2.0129843279468687,0.25026677356756016,1.0403055119397397,1.0402279392904872,-0.029726546754838833,-0.030999822917330364
451244,1200000.0,13.997832948091215,23,529,1,192.0,4050.0,106.58,0.0,0.0,0,0,GK,Goalkeeper,-0.5487622647861113,-0.5895612509242537,0.2950125752638379,0.5040038343602858,0.5040209630713977,-0.3887432632188414,-0.3887145651254728
27706,200000.0,12.206077645517674,37,1369,0,190.0,2070.0,54.47,173.0,0.1067,1,0,GK,Goalkeeper,2.049997295993956,2.260684233106702,0.25026677356756016,-0.4398871181795533,-0.43995692648187074,2.5688706390798464,2.5700577599604806
740517,50000.0,10.819798284210286,20,400,0,194.0,2914.0,76.68,0.0,0.0,0,0,GK,Goalkeeper,-1.1056393135246971,-1.0272775216861505,0.3397583769601156,-0.03754168184438953,-0.037620543312074164,-0.3887432632188414,-0.3887145651254728
440135,250000.0,12.429220196836383,26,676,1,189.0,960.0,25.26,122.0,0.0752,1,0,GK,Goalkeeper,0.008114783952474518,-0.09076829121883655,0.2278938727194213,-0.9690381067246145,-0.9690990134872626,1.69697289909584,1.6965682731731562
558631,250000.0,12.429220196836383,22,484,1,185.0,1620.0,42.63,0.0,0.0,0,0,GK,Goalkeeper,-0.7343879476989733,-0.742252973283055,0.13840226932686586,-0.6544077892113349,-0.6544397169695064,-0.3887432632188414,-0.3887145651254728
15570,1000000.0,13.815511557963774,38,1444,0,187.0,5190.0,136.58,0.0,0.0,0,0,GK,Goalkeeper,2.235622978906818,2.5151704370380368,0.18314807102314357,1.0474562009741326,1.0474739795096641,-0.3887432632188414,-0.3887145651254728
718755,800000.0,13.592368256649284,20,400,0,193.0,3138.0,82.58,185.0,0.1141,1,0,GK,Goalkeeper,-1.1056393135246971,-1.0272775216861505,0.31738547611197676,0.06924194106920842,0.0692585499207847,2.7740230484878476,2.7752584647930583
243679,300000.0,12.611541086966115,28,784,0,196.0,2881.0,75.82,0.0,0.0,0,0,GK,Goalkeeper,0.37936614977819844,0.2756918424422863,0.38450417865639336,-0.05327319772005352,-0.05319952978330471,-0.3887432632188414,-0.3887145651254728
217686,1200000.0,13.997832948091215,28,784,0,195.0,3341.0,87.92,0.0,0.0,0,0,GK,Goalkeeper,0.37936614977819844,0.2756918424422863,0.3621312778082545,0.16601459933465657,0.16599318684679615,-0.3887432632188414,-0.3887145651254728
112541,1200000.0,13.997832948091215,33,1089,0,190.0,5775.0,151.97,40.0,0.0247,1,0,GK,Goalkeeper,1.3074945643425082,1.3106024050963831,0.25026677356756016,1.3263330733154486,1.3262653769424946,0.29509810147449683,0.2962121118156991
197520,100000.0,11.51293546492023,29,841,0,189.0,1290.0,33.95,0.0,0.0,0,0,GK,Goalkeeper,0.5649918326910603,0.4691013574301011,0.2278938727194213,-0.8117229479679747,-0.8116787897256448,-0.3887432632188414,-0.3887145651254728
70074,400000.0,12.899222326086994,33,1089,0,194.0,3420.0,90.0,0.0,0.0,0,0,GK,Goalkeeper,1.3074945643425082,1.3106024050963831,0.3397583769601156,0.20367489491579158,0.2036725959865159,-0.3887432632188414,-0.3887145651254728
555135,800000.0,13.592368256649284,21,441,1,190.0,3448.0,90.74,13.0,0.008,0,0,GK,Goalkeeper,-0.9200136306118352,-0.8881583968703538,0.25026677356756016,0.2170228477799913,0.21707777039199305,-0.16649481969350646,-0.16687596530646973
517821,800000.0,13.592368256649284,25,625,1,190.0,3612.0,95.05,124.0,0.0764,1,0,GK,Goalkeeper,-0.17751089896038744,-0.26381890989214457,0.25026677356756016,0.2952037145560184,0.295153853753624,1.731164967330507,1.7298440631460064
799095,500000.0,13.122365377402328,23,529,1,187.0,450.0,11.84,0.0,0.0,0,0,GK,Goalkeeper,-0.5487622647861113,-0.5895612509242537,0.18314807102314357,-1.212161533893967,-1.212203662840647,-0.3887432632188414,-0.3887145651254728
177350,50000.0,10.819798284210286,36,1296,0,194.0,270.0,7.11,0.0,0.0,0,0,GK,Goalkeeper,1.864371613081094,2.0129843279468687,0.3397583769601156,-1.2979698023066797,-1.2978880884324138,-0.3887432632188414,-0.3887145651254728
697721,200000.0,12.206077645517674,20,400,0,194.0,2250.0,59.21,116.0,0.0715,1,0,GK,Goalkeeper,-1.1056393135246971,-1.0272775216861505,0.3397583769601156,-0.3540788497668406,-0.35409134988462465,1.5943966943918393,1.593967920756867
260677,1800000.0,14.403297778421795,28,784,0,189.0,2880.0,75.79,0.0,0.0,0,0,GK,Goalkeeper,0.37936614977819844,0.2756918424422863,0.2278938727194213,-0.05374991032234636,-0.05374298279974274,-0.3887432632188414,-0.3887145651254728
334477,1000000.0,13.815511557963774,26,676,1,196.0,2876.0,75.68,0.0,0.0,0,0,GK,Goalkeeper,0.008114783952474518,-0.09076829121883655,0.38450417865639336,-0.055656760731517756,-0.05573564386001637,-0.3887432632188414,-0.3887145651254728
351419,4500000.0,15.319588176962746,26,676,1,187.0,5355.0,140.92,0.0,0.0,0,1,GK,Goalkeeper,0.008114783952474518,-0.09076829121883655,0.18314807102314357,1.1261137803524526,1.126093515887733,-0.3887432632188414,-0.3887145651254728
424022,1500000.0,14.220976332738882,26,676,1,194.0,3092.0,81.37,10.0,0.0062,0,0,GK,Goalkeeper,0.008114783952474518,-0.09076829121883655,0.3397583769601156,0.047313161363737415,0.04733927825777475,-0.21778292204550684,-0.21678965026574543
188881,400000.0,12.899222326086994,28,784,0,189.0,5400.0,142.11,0.0,0.0,0,0,GK,Goalkeeper,0.37936614977819844,0.2756918424422863,0.2278938727194213,1.1475658474556307,1.1476504855397847,-0.3887432632188414,-0.3887145651254728
228660,300000.0,12.611541086966115,36,1296,0,187.0,3060.0,80.53,0.0,0.0,0,0,GK,Goalkeeper,1.864371613081094,2.0129843279468687,0.18314807102314357,0.03205835809036628,0.032122593797503235,-0.3887432632188414,-0.3887145651254728
538954,1500000.0,14.220976332738882,21,441,1,187.0,5104.0,134.32,0.0,0.0,0,0,GK,Goalkeeper,-0.9200136306118352,-0.8881583968703538,0.18314807102314357,1.0064589171769476,1.0065338522713145,-0.3887432632188414,-0.3887145651254728
168527,700000.0,13.45883704259595,28,784,0,188.0,2740.0,72.11,8.0,0.0049,0,1,GK,Goalkeeper,0.37936614977819844,0.2756918424422863,0.20552097187128243,-0.12048967464334509,-0.12040655281617019,-0.2519749902801737,-0.25283842273633345
230946,2500000.0,14.731801689838349,29,841,0,195.0,5160.0,135.79,0.0,0.0,0,0,GK,Goalkeeper,0.5649918326910603,0.4691013574301011,0.3621312778082545,1.033154822905347,1.0331630500767894,-0.3887432632188414,-0.3887145651254728
61397,300000.0,12.611541086966115,36,1296,0,199.0,3903.0,102.71,57.0,0.0351,1,0,GK,Goalkeeper,1.864371613081094,2.0129843279468687,0.4516228812008099,0.43392708182323714,0.43391552395086125,0.5857306814691655,0.5846022915804031
215213,900000.0,13.710151153416941,29,841,0,190.0,1979.0,52.08,12.0,0.0074,0,0,GK,Goalkeeper,0.5649918326910603,0.4691013574301011,0.25026677356756016,-0.48326796498820246,-0.48325201679145263,-0.18359085381083992,-0.18351386029289496
183793,500000.0,13.122365377402328,28,784,0,193.0,6375.0,167.76,0.0,0.0,0,1,GK,Goalkeeper,0.37936614977819844,0.2756918424422863,0.31738547611197676,1.6123606346911574,1.6123028145945018,-0.3887432632188414,-0.3887145651254728
312891,4000000.0,15.201805169084134,26,676,1,189.0,5502.0,144.79,62.0,0.0382,1,0,GK,Goalkeeper,0.008114783952474518,-0.09076829121883655,0.2278938727194213,1.196190532889501,1.1961989550082694,0.6712108520558329,0.6705647490102667
555146,1000000.0,13.815511557963774,21,441,1,191.0,2616.0,68.84,52.0,0.0321,1,1,GK,Goalkeeper,-0.9200136306118352,-0.8881583968703538,0.27263967441569903,-0.17960203732765825,-0.17964293160794115,0.5002505108824983,0.5014128166482769
190188,400000.0,12.899222326086994,29,841,0,192.0,3060.0,80.53,0.0,0.0,0,1,GK,Goalkeeper,0.5649918326910603,0.4691013574301011,0.2950125752638379,0.03205835809036628,0.032122593797503235,-0.3887432632188414,-0.3887145651254728
99617,200000.0,12.206077645517674,38,1444,0,195.0,270.0,7.11,42.0,0.0259,1,0,GK,Goalkeeper,2.235622978906818,2.5151704370380368,0.3621312778082545,-1.2979698023066797,-1.2978880884324138,0.3292901697091637,0.3294879017885496
607720,12000000.0,16.300417291085605,21,441,1,189.0,5102.0,134.26,25.0,0.0154,0,0,GK,Goalkeeper,-0.9200136306118352,-0.8881583968703538,0.2278938727194213,1.005505491972362,1.0054469462384379,0.03865758971449499,0.038324739526108105
257814,40000000.0,17.50439003707821,27,729,1,196.0,7931.0,208.71,67.0,0.0413,1,0,GK,Goalkeeper,0.19374046686533647,0.08906862622597374,0.38450417865639336,2.354125443858829,2.354116182032736,0.7566910226425001,0.7565272064401306
17259,4000000.0,15.201805169084134,38,1444,0,193.0,5954.0,156.68,124.0,0.0764,1,0,GK,Goalkeeper,2.235622978906818,2.5151704370380368,0.31738547611197676,1.4116646291258685,1.4115875005233025,1.731164967330507,1.7298440631460064
40680,500000.0,13.122365377402328,36,1296,0,192.0,1485.0,39.08,18.0,0.0111,0,0,GK,Goalkeeper,1.864371613081094,2.0129843279468687,0.2950125752638379,-0.7187639905208694,-0.7187483239147013,-0.0810146491068392,-0.08091350787660605
161057,350000.0,12.765691290604371,30,900,0,189.0,1684.0,44.32,0.0,0.0,0,0,GK,Goalkeeper,0.7506175156039223,0.6692971711894182,0.2278938727194213,-0.6238981826645926,-0.6238251970434842,-0.3887432632188414,-0.3887145651254728
251299,9000000.0,16.012735246411598,26,676,1,186.0,4980.0,131.05,153.0,0.0943,1,0,GK,Goalkeeper,0.008114783952474518,-0.09076829121883655,0.16077517017500473,0.9473465544926345,0.9472974734795437,2.226949956733177,2.2262079302410256
997861,2500000.0,14.731801689838349,21,441,1,197.0,2385.0,62.76,119.0,0.0734,1,0,GK,Goalkeeper,-0.9200136306118352,-0.8881583968703538,0.4068770795045322,-0.28972264845730616,-0.28978274293942985,1.6456847967438397,1.6466545882138806
40034,200000.0,12.206077645517674,36,1296,0,192.0,405.0,10.66,0.0,0.0,0,0,GK,Goalkeeper,1.864371613081094,2.0129843279468687,0.2950125752638379,-1.2336136009971452,-1.233579481487219,-0.3887432632188414,-0.3887145651254728
620295,2000000.0,14.508658238524095,20,400,0,194.0,2971.0,78.18,5.0,0.0031,0,0,GK,Goalkeeper,-1.1056393135246971,-1.0272775216861505,0.3397583769601156,-0.010369063513697195,-0.010447892490160853,-0.3032630926321741,-0.3027521076956091
486046,8000000.0,15.894952224644102,22,484,1,192.0,5618.0,147.84,0.0,0.0,0,0,GK,Goalkeeper,-0.7343879476989733,-0.742252973283055,0.2950125752638379,1.2514891947554716,1.2514500116794933,-0.3887432632188414,-0.3887145651254728
747967,200000.0,12.206077645517674,23,529,1,189.0,370.0,9.74,0.0,0.0,0,0,GK,Goalkeeper,-0.5487622647861113,-0.5895612509242537,0.2278938727194213,-1.2502985420773949,-1.2502453739913257,-0.3887432632188414,-0.3887145651254728
401361,175000.0,12.07254696717504,27,729,1,188.0,90.0,2.37,0.0,0.0,0,0,GK,Goalkeeper,0.19374046686533647,0.08906862622597374,0.20552097187128243,-1.3837780707193923,-1.3837536650296596,-0.3887432632188414,-0.3887145651254728
94192,500000.0,13.122365377402328,31,961,0,194.0,4950.0,130.26,4.0,0.0025,0,0,GK,Goalkeeper,0.9362431985167843,0.8762792837202377,0.3397583769601156,0.933045176423849,0.932986544046669,-0.32035912674950756,-0.3193900026820343
93763,500000.0,13.122365377402328,32,1024,0,190.0,630.0,16.58,7.0,0.0043,0,0,GK,Goalkeeper,1.1218688814296462,1.0900476950225593,0.25026677356756016,-1.1263532654812545,-1.126338086243401,-0.2690710243975072,-0.26947631772275865
45672,2500000.0,14.731801689838349,34,1156,0,189.0,7020.0,184.74,94.0,0.058,1,0,GK,Goalkeeper,1.4931202472553702,1.5379434139417094,0.2278938727194213,1.9198402631700444,1.9198972218985608,1.2182839438105033,1.2196152835622993
637410,150000.0,11.918397239722838,28,784,0,195.0,90.0,2.37,0.0,0.0,0,0,GK,Goalkeeper,0.37936614977819844,0.2756918424422863,0.3621312778082545,-1.3837780707193923,-1.3837536650296596,-0.3887432632188414,-0.3887145651254728
453742,500000.0,13.122365377402328,24,576,1,195.0,3568.0,93.89,90.0,0.0555,1,0,GK,Goalkeeper,-0.3631365818732494,-0.4300832297939503,0.3621312778082545,0.27422836005513307,0.2741403371180111,1.1498998073411695,1.1502907211188609
130768,500000.0,13.122365377402328,31,961,0,193.0,1157.0,30.45,0.0,0.0,0,0,GK,Goalkeeper,0.9362431985167843,0.8762792837202377,0.31738547611197676,-0.8751257240729235,-0.8750816416434425,-0.3887432632188414,-0.3887145651254728
354886,125000.0,11.736077016252437,32,1024,0,191.0,180.0,4.74,0.0,0.0,0,0,GK,Goalkeeper,1.1218688814296462,1.0900476950225593,0.27263967441569903,-1.340873936513036,-1.3408208767310368,-0.3887432632188414,-0.3887145651254728
124080,175000.0,12.07254696717504,31,961,0,191.0,90.0,2.37,0.0,0.0,0,0,GK,Goalkeeper,0.9362431985167843,0.8762792837202377,0.27263967441569903,-1.3837780707193923,-1.3837536650296596,-0.3887432632188414,-0.3887145651254728
59027,1500000.0,14.220976332738882,34,1156,0,187.0,180.0,4.74,62.0,0.0382,1,0,GK,Goalkeeper,1.4931202472553702,1.5379434139417094,0.18314807102314357,-1.340873936513036,-1.3408208767310368,0.6712108520558329,0.6705647490102667
371167,250000.0,12.429220196836383,24,576,1,185.0,4680.0,123.16,0.0,0.0,0,1,GK,Goalkeeper,-0.3631365818732494,-0.4300832297939503,0.13840226932686586,0.8043327738047801,0.8043693301562794,-0.3887432632188414,-0.3887145651254728
526845,18000000.0,16.705882371415992,22,484,1,190.0,6433.0,169.29,63.0,0.0388,1,0,GK,Goalkeeper,-0.7343879476989733,-0.742252973283055,0.25026677356756016,1.6400099656241427,1.6400189184328535,0.6883068861731663,0.6872026439966921
452192,50000.0,10.819798284210286,23,529,1,193.0,1320.0,34.74,0.0,0.0,0,0,GK,Goalkeeper,-0.5487622647861113,-0.5895612509242537,0.31738547611197676,-0.7974215698991893,-0.7973678602927704,-0.3887432632188414,-0.3887145651254728
115979,400000.0,12.899222326086994,30,900,0,193.0,1080.0,28.42,114.0,0.0703,1,0,GK,Goalkeeper,0.7506175156039223,0.6692971711894182,0.31738547611197676,-0.9118325944494728,-0.9118552957557652,1.5602046261571723,1.5606921307840167
57796,250000.0,12.429220196836383,34,1156,0,191.0,180.0,4.74,0.0,0.0,0,1,GK,Goalkeeper,1.4931202472553702,1.5379434139417094,0.27263967441569903,-1.340873936513036,-1.3408208767310368,-0.3887432632188414,-0.3887145651254728
396107,300000.0,12.611541086966115,27,729,1,185.0,2700.0,71.05,0.0,0.0,0,0,GK,Goalkeeper,0.19374046686533647,0.08906862622597374,0.13840226932686586,-0.13955817873505902,-0.13960855939698896,-0.3887432632188414,-0.3887145651254728
103916,200000.0,12.206077645517674,34,1156,0,186.0,180.0,4.74,0.0,0.0,0,0,GK,Goalkeeper,1.4931202472553702,1.5379434139417094,0.16077517017500473,-1.340873936513036,-1.3408208767310368,-0.3887432632188414,-0.3887145651254728
309196,3000000.0,14.914123179965662,28,784,0,183.0,810.0,21.32,0.0,0.0,0,0,GK,Goalkeeper,0.37936614977819844,0.2756918424422863,0.09365646763058813,-1.0405449970685419,-1.040472509646155,-0.3887432632188414,-0.3887145651254728
635673,200000.0,12.206077645517674,26,676,1,188.0,90.0,2.37,0.0,0.0,0,0,GK,Goalkeeper,0.008114783952474518,-0.09076829121883655,0.20552097187128243,-1.3837780707193923,-1.3837536650296596,-0.3887432632188414,-0.3887145651254728
649397,3500000.0,15.068273812173887,23,529,1,193.0,840.0,22.11,50.0,0.0308,1,0,GK,Goalkeeper,-0.5487622647861113,-0.5895612509242537,0.31738547611197676,-1.0262436189997564,-1.0261615802132806,0.46605844264783136,0.465364044177689
432671,750000.0,13.527829818844937,24,576,1,192.0,1110.0,29.21,0.0,0.0,0,0,GK,Goalkeeper,-0.3631365818732494,-0.4300832297939503,0.2950125752638379,-0.8975312163806873,-0.8975443663228909,-0.3887432632188414,-0.3887145651254728
296428,1000000.0,13.815511557963774,25,625,1,191.0,5340.0,140.53,0.0,0.0,0,0,GK,Goalkeeper,-0.17751089896038744,-0.26381890989214457,0.27263967441569903,1.1189630913180597,1.1190286266740357,-0.3887432632188414,-0.3887145651254728
55089,3000000.0,14.914123179965662,34,1156,0,187.0,6570.0,172.89,48.0,0.0296,1,0,GK,Goalkeeper,1.4931202472553702,1.5379434139417094,0.18314807102314357,1.705319592138263,1.7052332804054453,0.43186637441316444,0.43208825420483854
187624,800000.0,13.592368256649284,29,841,0,190.0,630.0,16.58,36.0,0.0222,0,0,GK,Goalkeeper,0.5649918326910603,0.4691013574301011,0.25026677356756016,-1.1263532654812545,-1.126338086243401,0.226713965005163,0.22688754937226072
459842,300000.0,12.611541086966115,26,676,1,195.0,720.0,18.95,0.0,0.0,0,0,GK,Goalkeeper,0.008114783952474518,-0.09076829121883655,0.3621312778082545,-1.0834491312748982,-1.083405297944778,-0.3887432632188414,-0.3887145651254728
972454,2500000.0,14.731801689838349,24,576,1,191.0,630.0,16.58,29.0,0.0179,0,0,GK,Goalkeeper,-0.3631365818732494,-0.4300832297939503,0.27263967441569903,-1.1263532654812545,-1.126338086243401,0.1070417261838288,0.10764930196954653
468539,3000000.0,14.914123179965662,24,576,1,190.0,1077.0,28.34,177.0,0.1091,1,0,GK,Goalkeeper,-0.3631365818732494,-0.4300832297939503,0.25026677356756016,-0.9132627322563514,-0.9133045037996006,2.63725477554918,2.6366093399061814
65841,10000.0,9.210440366976517,39,1521,0,181.0,2985.0,78.55,0.0,0.0,0,0,GK,Goalkeeper,2.42124866181968,2.7764429397408747,0.048910665934310406,-0.0036950870815973228,-0.0037453052874224114,-0.3887432632188414,-0.3887145651254728
244149,600000.0,13.304686600863562,34,1156,0,188.0,270.0,7.11,126.0,0.0777,1,0,GK,Goalkeeper,1.4931202472553702,1.5379434139417094,0.20552097187128243,-1.2979698023066797,-1.2978880884324138,1.7653570355651738,1.7658928356165946
160954,400000.0,12.899222326086994,30,900,0,185.0,1350.0,35.53,33.0,0.0203,0,0,GK,Goalkeeper,0.7506175156039223,0.6692971711894182,0.13840226932686586,-0.7831201918304038,-0.7830569308598961,0.17542586265316262,0.17420088191524744
84938,800000.0,13.592368256649284,31,961,0,192.0,1440.0,37.89,22.0,0.0136,0,1,GK,Goalkeeper,0.9362431985167843,0.8762792837202377,0.2950125752638379,-0.7402160576240475,-0.7403052935667526,-0.012630512637505377,-0.01158894543316762
43824,700000.0,13.45883704259595,33,1089,0,190.0,6900.0,181.58,12.0,0.0074,0,0,GK,Goalkeeper,1.3074945643425082,1.3106024050963831,0.25026677356756016,1.8626347508949026,1.8626535041670635,-0.18359085381083992,-0.18351386029289496
346551,14000000.0,16.454567959008102,25,625,1,195.0,7416.0,195.16,36.0,0.0222,0,0,GK,Goalkeeper,-0.17751089896038744,-0.26381890989214457,0.3621312778082545,2.1086184536780124,2.1086565696081183,0.226713965005163,0.22688754937226072
354667,200000.0,12.206077645517674,28,784,0,193.0,360.0,9.47,143.0,0.0882,1,0,GK,Goalkeeper,0.37936614977819844,0.2756918424422863,0.31738547611197676,-1.2550656681003234,-1.2551364511392702,2.0559896155598425,2.057055997879036
99451,300000.0,12.611541086966115,34,1156,0,187.0,3183.0,83.76,0.0,0.0,0,0,GK,Goalkeeper,1.4931202472553702,1.5379434139417094,0.18314807102314357,0.09069400817238658,0.09063436856735664,-0.3887432632188414,-0.3887145651254728
271718,500000.0,13.122365377402328,32,1024,0,190.0,360.0,9.47,0.0,0.0,0,0,GK,Goalkeeper,1.1218688814296462,1.0900476950225593,0.25026677356756016,-1.2550656681003234,-1.2551364511392702,-0.3887432632188414,-0.3887145651254728
107775,3000000.0,14.914123179965662,32,1024,0,188.0,6390.0,168.16,88.0,0.0543,1,0,GK,Goalkeeper,1.1218688814296462,1.0900476950225593,0.20552097187128243,1.6195113237255503,1.6195488548136787,1.1157077391065024,1.1170149311460107
57071,2000000.0,14.508658238524095,34,1156,0,193.0,4882.0,128.47,30.0,0.0185,0,0,GK,Goalkeeper,1.4931202472553702,1.5379434139417094,0.31738547611197676,0.9006287194679353,0.9005605140658527,0.12413776030116226,0.12428719695597175
248454,3500000.0,15.068273812173887,29,841,0,193.0,6240.0,164.21,0.0,0.0,0,0,GK,Goalkeeper,0.5649918326910603,0.4691013574301011,0.31738547611197676,1.548004433381623,1.5479942076493074,-0.3887432632188414,-0.3887145651254728
577858,600000.0,13.304686600863562,23,529,1,188.0,180.0,4.74,0.0,0.0,0,0,GK,Goalkeeper,-0.5487622647861113,-0.5895612509242537,0.20552097187128243,-1.340873936513036,-1.3408208767310368,-0.3887432632188414,-0.3887145651254728
247915,2500000.0,14.731801689838349,30,900,0,190.0,1789.0,47.08,302.0,0.1862,1,0,GK,Goalkeeper,0.7506175156039223,0.6692971711894182,0.25026677356756016,-0.5738433594238436,-0.5738275195311636,4.774259040215862,4.774578845661823
158873,100000.0,11.51293546492023,33,1089,0,187.0,3540.0,93.16,0.0,0.0,0,0,GK,Goalkeeper,1.3074945643425082,1.3106024050963831,0.18314807102314357,0.2608804071909333,0.2609163137180132,-0.3887432632188414,-0.3887145651254728
3755,100000.0,11.51293546492023,38,1444,0,183.0,990.0,26.05,0.0,0.0,0,0,GK,Goalkeeper,2.235622978906818,2.5151704370380368,0.09365646763058813,-0.9547367286558291,-0.9547880840543883,-0.3887432632188414,-0.3887145651254728
810205,250000.0,12.429220196836383,26,676,1,184.0,2730.0,71.84,0.0,0.0,0,0,GK,Goalkeeper,0.008114783952474518,-0.09076829121883655,0.116029368478727,-0.12525680066627357,-0.1252976299641145,-0.3887432632188414,-0.3887145651254728
76158,800000.0,13.592368256649284,33,1089,0,195.0,1099.0,28.92,5.0,0.0031,0,0,GK,Goalkeeper,1.3074945643425082,1.3106024050963831,0.3621312778082545,-0.9027750550059087,-0.9027977454817941,-0.3032630926321741,-0.3027521076956091
196813,4500000.0,15.319588176962746,29,841,0,187.0,5850.0,153.95,0.0,0.0,0,0,GK,Goalkeeper,0.5649918326910603,0.4691013574301011,0.18314807102314357,1.3620865184874122,1.3621332760274198,-0.3887432632188414,-0.3887145651254728
354715,275000.0,12.524530013005734,29,841,0,191.0,990.0,26.05,0.0,0.0,0,1,GK,Goalkeeper,0.5649918326910603,0.4691013574301011,0.27263967441569903,-0.9547367286558291,-0.9547880840543883,-0.3887432632188414,-0.3887145651254728
497190,100000.0,11.51293546492023,28,784,0,204.0,1596.0,42.0,411.0,0.2534,1,0,GK,Goalkeeper,0.37936614977819844,0.2756918424422863,0.5634873854415042,-0.6658488916663632,-0.6658522303147101,6.637726759005209,6.638023084141449
718460,250000.0,12.429220196836383,20,400,0,195.0,2880.0,75.79,42.0,0.0259,1,0,GK,Goalkeeper,-1.1056393135246971,-1.0272775216861505,0.3621312778082545,-0.05374991032234636,-0.05374298279974274,0.3292901697091637,0.3294879017885496
802143,300000.0,12.611541086966115,23,529,1,188.0,180.0,4.74,0.0,0.0,0,0,GK,Goalkeeper,-0.5487622647861113,-0.5895612509242537,0.20552097187128243,-1.340873936513036,-1.3408208767310368,-0.3887432632188414,-0.3887145651254728
353860,125000.0,11.736077016252437,26,676,1,198.0,2115.0,55.66,0.0,0.0,0,0,GK,Goalkeeper,0.008114783952474518,-0.09076829121883655,0.4292499803526711,-0.41843505107637513,-0.41839995682981956,-0.3887432632188414,-0.3887145651254728
152460,300000.0,12.611541086966115,29,841,0,193.0,1800.0,47.37,0.0,0.0,0,0,GK,Goalkeeper,0.5649918326910603,0.4691013574301011,0.31738547611197676,-0.5685995207986222,-0.5685741403722604,-0.3887432632188414,-0.3887145651254728
550829,5000000.0,15.424948670398354,24,576,1,196.0,2910.0,76.58,3.0,0.0018,0,0,GK,Goalkeeper,-0.3631365818732494,-0.4300832297939503,0.38450417865639336,-0.039448532253560924,-0.03943205336686854,-0.337455160866841,-0.33880088016619714
687817,10000.0,9.210440366976517,25,625,1,178.0,300.0,7.89,0.0,0.0,0,0,GK,Goalkeeper,-0.17751089896038744,-0.26381890989214457,-0.018208036610106185,-1.2836684242378942,-1.2837583100050187,-0.3887432632188414,-0.3887145651254728
175615,200000.0,12.206077645517674,36,1296,0,193.0,270.0,7.11,0.0,0.0,0,1,GK,Goalkeeper,1.864371613081094,2.0129843279468687,0.31738547611197676,-1.2979698023066797,-1.2978880884324138,-0.3887432632188414,-0.3887145651254728
95172,500000.0,13.122365377402328,34,1156,0,189.0,270.0,7.11,0.0,0.0,0,1,GK,Goalkeeper,1.4931202472553702,1.5379434139417094,0.2278938727194213,-1.2979698023066797,-1.2978880884324138,-0.3887432632188414,-0.3887145651254728
51977,300000.0,12.611541086966115,37,1369,0,194.0,900.0,23.68,11.0,0.0068,0,0,GK,Goalkeeper,2.049997295993956,2.260684233106702,0.3397583769601156,-0.9976408628621855,-0.9977208723530113,-0.20068688792817338,-0.20015175527932022
242082,200000.0,12.206077645517674,28,784,0,188.0,1200.0,31.58,0.0,0.0,0,1,GK,Goalkeeper,0.37936614977819844,0.2756918424422863,0.20552097187128243,-0.854627082174331,-0.8546115780242679,-0.3887432632188414,-0.3887145651254728
392124,150000.0,11.918397239722838,23,529,1,193.0,917.0,24.13,44.0,0.0271,1,0,GK,Goalkeeper,-0.5487622647861113,-0.5895612509242537,0.31738547611197676,-0.9895367486232071,-0.9895690771064374,0.3634822379438306,0.36276369176140005
195778,12000000.0,16.300417291085605,28,784,0,193.0,7200.0,189.47,37.0,0.0228,0,0,GK,Goalkeeper,0.37936614977819844,0.2756918424422863,0.31738547611197676,2.0056485315827572,2.0055816474903274,0.24380999912249646,0.24352544435868595
31653,300000.0,12.611541086966115,36,1296,0,183.0,58.0,1.53,8.0,0.0049,0,0,GK,Goalkeeper,1.864371613081094,2.0129843279468687,0.09365646763058813,-1.3990328739927635,-1.3989703494899313,-0.2519749902801737,-0.25283842273633345
806948,500000.0,13.122365377402328,20,400,0,183.0,510.0,13.42,0.0,0.0,0,0,GK,Goalkeeper,-1.1056393135246971,-1.0272775216861505,0.09365646763058813,-1.1835587777563963,-1.1835818039748984,-0.3887432632188414,-0.3887145651254728
48015,2000000.0,14.508658238524095,35,1225,0,192.0,6300.0,165.79,6.0,0.0037,0,0,GK,Goalkeeper,1.6787459301682321,1.7720707215585378,0.2950125752638379,1.5766071895191938,1.5766160665150557,-0.28616705851484064,-0.28611421270918386
1123332,200000.0,12.206077645517674,22,484,1,0.0,2160.0,56.84,0.0,0.0,0,0,GK,Goalkeeper,-0.7343879476989733,-0.742252973283055,-4.000584387578824,-0.3969829839731969,-0.3970241381832476,-0.3887432632188414,-0.3887145651254728
253169,200000.0,12.206077645517674,26,676,1,191.0,120.0,3.16,0.0,0.0,0,0,GK,Goalkeeper,0.008114783952474518,-0.09076829121883655,0.27263967441569903,-1.369476692650607,-1.3694427355967855,-0.3887432632188414,-0.3887145651254728
375564,150000.0,11.918397239722838,28,784,0,190.0,90.0,2.37,0.0,0.0,0,0,GK,Goalkeeper,0.37936614977819844,0.2756918424422863,0.25026677356756016,-1.3837780707193923,-1.3837536650296596,-0.3887432632188414,-0.3887145651254728
203411,250000.0,12.429220196836383,31,961,0,189.0,1401.0,36.87,0.0,0.0,0,0,GK,Goalkeeper,0.9362431985167843,0.8762792837202377,0.2278938727194213,-0.7588078491134685,-0.7587826961256536,-0.3887432632188414,-0.3887145651254728
284769,1200000.0,13.997832948091215,27,729,1,190.0,1067.0,28.08,30.0,0.0185,0,1,GK,Goalkeeper,0.19374046686533647,0.08906862622597374,0.25026677356756016,-0.9180298582792799,-0.9180144299420656,0.12413776030116226,0.12428719695597175
160963,4000000.0,15.201805169084134,30,900,0,194.0,5970.0,157.11,48.0,0.0296,1,0,GK,Goalkeeper,0.7506175156039223,0.6692971711894182,0.3397583769601156,1.419292030762554,1.4193769937589178,0.43186637441316444,0.43208825420483854
90317,250000.0,12.429220196836383,33,1089,0,191.0,360.0,9.47,0.0,0.0,0,0,GK,Goalkeeper,1.3074945643425082,1.3106024050963831,0.27263967441569903,-1.2550656681003234,-1.2551364511392702,-0.3887432632188414,-0.3887145651254728
221624,2000000.0,14.508658238524095,29,841,0,191.0,180.0,4.74,56.0,0.0345,1,0,GK,Goalkeeper,0.5649918326910603,0.4691013574301011,0.27263967441569903,-1.340873936513036,-1.3408208767310368,0.5686346473518321,0.567964396593978
17965,1000000.0,13.815511557963774,38,1444,0,188.0,660.0,17.37,0.0,0.0,0,1,GK,Goalkeeper,2.235622978906818,2.5151704370380368,0.20552097187128243,-1.112051887412469,-1.1120271568105267,-0.3887432632188414,-0.3887145651254728
610190,2500000.0,14.731801689838349,25,625,1,196.0,5250.0,138.16,0.0,0.0,0,0,GK,Goalkeeper,-0.17751089896038744,-0.26381890989214457,0.38450417865639336,1.0760589571117034,1.0760958383754127,-0.3887432632188414,-0.3887145651254728
263065,200000.0,12.206077645517674,29,841,0,204.0,2820.0,74.21,0.0,0.0,0,0,GK,Goalkeeper,0.5649918326910603,0.4691013574301011,0.5634873854415042,-0.08235266645991725,-0.08236484166549166,-0.3887432632188414,-0.3887145651254728
85543,250000.0,12.429220196836383,31,961,0,186.0,90.0,2.37,0.0,0.0,0,0,GK,Goalkeeper,0.9362431985167843,0.8762792837202377,0.16077517017500473,-1.3837780707193923,-1.3837536650296596,-0.3887432632188414,-0.3887145651254728
531010,150000.0,11.918397239722838,23,529,1,189.0,2066.0,54.37,0.0,0.0,0,0,GK,Goalkeeper,-0.5487622647861113,-0.5895612509242537,0.2278938727194213,-0.44179396858872466,-0.441768436536665,-0.3887432632188414,-0.3887145651254728
463527,5000000.0,15.424948670398354,24,576,1,206.0,6060.0,159.47,231.0,0.1424,1,0,GK,Goalkeeper,-0.3631365818732494,-0.4300832297939503,0.608233187137782,1.4621961649689104,1.4621286310520611,3.5604406178851864,3.5600125116527814
194457,100000.0,11.51293546492023,30,900,0,184.0,540.0,14.21,102.0,0.0629,1,0,GK,Goalkeeper,0.7506175156039223,0.6692971711894182,0.116029368478727,-1.1692573996876108,-1.1692708745420242,1.355052216749171,1.3554914259514388
400871,50000.0,10.819798284210286,25,625,1,191.0,848.0,22.32,0.0,0.0,0,0,GK,Goalkeeper,-0.17751089896038744,-0.26381890989214457,0.27263967441569903,-1.0224299181814136,-1.0223574090982126,-0.3887432632188414,-0.3887145651254728
236243,75000.0,11.225256725762893,33,1089,0,201.0,480.0,12.63,0.0,0.0,0,0,GK,Goalkeeper,1.3074945643425082,1.3106024050963831,0.49636868289708763,-1.1978601558251816,-1.1978927334077727,-0.3887432632188414,-0.3887145651254728
528402,300000.0,12.611541086966115,24,576,1,194.0,2066.0,54.37,0.0,0.0,0,0,GK,Goalkeeper,-0.3631365818732494,-0.4300832297939503,0.3397583769601156,-0.44179396858872466,-0.441768436536665,-0.3887432632188414,-0.3887145651254728
299561,300000.0,12.611541086966115,29,841,0,192.0,5670.0,149.21,0.0,0.0,0,0,GK,Goalkeeper,0.5649918326910603,0.4691013574301011,0.2950125752638379,1.2762782500746996,1.2762676994301743,-0.3887432632188414,-0.3887145651254728
443936,100000.0,11.51293546492023,23,529,1,187.0,3502.0,92.16,0.0,0.0,0,0,GK,Goalkeeper,-0.5487622647861113,-0.5895612509242537,0.18314807102314357,0.2427653283038051,0.24280121317007103,-0.3887432632188414,-0.3887145651254728
584112,500000.0,13.122365377402328,21,441,1,191.0,2775.0,73.03,45.0,0.0277,1,0,GK,Goalkeeper,-0.9200136306118352,-0.8881583968703538,0.27263967441569903,-0.10380473356309541,-0.10374066031206333,0.38057827206116407,0.37940158674782526
469658,100000.0,11.51293546492023,24,576,1,190.0,900.0,23.68,0.0,0.0,0,0,GK,Goalkeeper,-0.3631365818732494,-0.4300832297939503,0.25026677356756016,-0.9976408628621855,-0.9977208723530113,-0.3887432632188414,-0.3887145651254728
432859,250000.0,12.429220196836383,22,484,1,184.0,360.0,9.47,0.0,0.0,0,0,GK,Goalkeeper,-0.7343879476989733,-0.742252973283055,0.116029368478727,-1.2550656681003234,-1.2551364511392702,-0.3887432632188414,-0.3887145651254728
1142392,25000.0,10.12667110305036,19,361,0,0.0,3772.0,99.26,0.0,0.0,0,0,GK,Goalkeeper,-1.291264996437559,-1.159610347730445,-4.000584387578824,0.37147773092287406,0.37141842706046085,-0.3887432632188414,-0.3887145651254728
805834,4000000.0,15.201805169084134,20,400,0,189.0,6315.0,166.18,0.0,0.0,0,1,GK,Goalkeeper,-1.1056393135246971,-1.0272775216861505,0.2278938727194213,1.5837578785535866,1.5836809557287534,-0.3887432632188414,-0.3887145651254728
260706,250000.0,12.429220196836383,28,784,0,190.0,2865.0,75.39,0.0,0.0,0,0,GK,Goalkeeper,0.37936614977819844,0.2756918424422863,0.25026677356756016,-0.06090059935673908,-0.06098902301891972,-0.3887432632188414,-0.3887145651254728
697880,150000.0,11.918397239722838,21,441,1,188.0,2774.0,73.0,0.0,0.0,0,0,GK,Goalkeeper,-0.9200136306118352,-0.8881583968703538,0.20552097187128243,-0.10428144616538826,-0.10428411332850161,-0.3887432632188414,-0.3887145651254728
123220,25000.0,10.12667110305036,36,1296,0,199.0,4260.0,112.11,0.0,0.0,0,0,GK,Goalkeeper,1.864371613081094,2.0129843279468687,0.4516228812008099,0.604113480841784,0.6041974691015182,-0.3887432632188414,-0.3887145651254728
77563,700000.0,13.45883704259595,32,1024,0,198.0,3733.0,98.24,0.0,0.0,0,0,GK,Goalkeeper,1.1218688814296462,1.0900476950225593,0.4292499803526711,0.352885939433453,0.3529410245015596,-0.3887432632188414,-0.3887145651254728
910780,350000.0,12.765691290604371,21,441,1,191.0,5880.0,154.74,0.0,0.0,0,0,GK,Goalkeeper,-0.9200136306118352,-0.8881583968703538,0.27263967441569903,1.3763878965561978,1.3764442054602946,-0.3887432632188414,-0.3887145651254728
307511,300000.0,12.611541086966115,27,729,1,183.0,1080.0,28.42,52.0,0.0321,1,0,GK,Goalkeeper,0.19374046686533647,0.08906862622597374,0.09365646763058813,-0.9118325944494728,-0.9118552957557652,0.5002505108824983,0.5014128166482769
993957,250000.0,12.429220196836383,20,400,0,199.0,2520.0,66.32,0.0,0.0,0,0,GK,Goalkeeper,-1.1056393135246971,-1.0272775216861505,0.4516228812008099,-0.22536644714777165,-0.2252929849887557,-0.3887432632188414,-0.3887145651254728
994229,200000.0,12.206077645517674,20,400,0,194.0,232.0,6.11,0.0,0.0,0,0,GK,Goalkeeper,-1.1056393135246971,-1.0272775216861505,0.3397583769601156,-1.316084881193808,-1.3160031889803558,-0.3887432632188414,-0.3887145651254728
911502,450000.0,13.017005083966255,19,361,0,187.0,4560.0,120.0,0.0,0.0,0,0,GK,Goalkeeper,-1.291264996437559,-1.159610347730445,0.18314807102314357,0.7471272615296383,0.7471256124247821,-0.3887432632188414,-0.3887145651254728
172874,150000.0,11.918397239722838,34,1156,0,191.0,2460.0,64.74,0.0,0.0,0,0,GK,Goalkeeper,1.4931202472553702,1.5379434139417094,0.27263967441569903,-0.25396920328534256,-0.25391484385450436,-0.3887432632188414,-0.3887145651254728
81173,700000.0,13.45883704259595,33,1089,0,193.0,4341.0,114.24,60.0,0.037,1,0,GK,Goalkeeper,1.3074945643425082,1.3106024050963831,0.31738547611197676,0.6427272016275046,0.6427826332686349,0.637018783821166,0.6372889590374163
155158,300000.0,12.611541086966115,32,1024,0,188.0,930.0,24.47,0.0,0.0,0,0,GK,Goalkeeper,1.1218688814296462,1.0900476950225593,0.20552097187128243,-0.9833394847934,-0.983409942920137,-0.3887432632188414,-0.3887145651254728
432914,8000000.0,15.894952224644102,28,784,0,197.0,1170.0,30.79,74.0,0.0456,1,0,GK,Goalkeeper,0.37936614977819844,0.2756918424422863,0.4068770795045322,-0.8689284602431165,-0.8689225074571422,0.8763632614638343,0.8757654538428448
307598,200000.0,12.206077645517674,26,676,1,190.0,540.0,14.21,0.0,0.0,0,0,GK,Goalkeeper,0.008114783952474518,-0.09076829121883655,0.25026677356756016,-1.1692573996876108,-1.1692708745420242,-0.3887432632188414,-0.3887145651254728
447343,250000.0,12.429220196836383,25,625,1,189.0,1800.0,47.37,0.0,0.0,0,0,GK,Goalkeeper,-0.17751089896038744,-0.26381890989214457,0.2278938727194213,-0.5685995207986222,-0.5685741403722604,-0.3887432632188414,-0.3887145651254728
266239,250000.0,12.429220196836383,32,1024,0,190.0,6120.0,161.05,0.0,0.0,0,0,GK,Goalkeeper,1.1218688814296462,1.0900476950225593,0.25026677356756016,1.4907989211064812,1.49075048991781,-0.3887432632188414,-0.3887145651254728
596470,150000.0,11.918397239722838,24,576,1,192.0,1260.0,33.16,0.0,0.0,0,0,GK,Goalkeeper,-0.3631365818732494,-0.4300832297939503,0.2950125752638379,-0.8260243260367601,-0.8259897191585193,-0.3887432632188414,-0.3887145651254728
393686,2500000.0,14.731801689838349,24,576,1,195.0,5963.0,156.92,123.0,0.0758,1,0,GK,Goalkeeper,-0.3631365818732494,-0.4300832297939503,0.3621312778082545,1.4159550425465042,1.4159351246548082,1.7140689332131733,1.7132061681595814
795231,500000.0,13.122365377402328,20,400,0,196.0,4590.0,120.79,0.0,0.0,0,0,GK,Goalkeeper,-1.1056393135246971,-1.0272775216861505,0.38450417865639336,0.7614286395984238,0.7614365418576566,-0.3887432632188414,-0.3887145651254728
1063079,25000.0,10.12667110305036,18,324,0,187.0,1887.0,49.66,0.0,0.0,0,0,GK,Goalkeeper,-1.476890679350421,-1.285156875003237,0.18314807102314357,-0.5271255243991445,-0.5270905601174728,-0.3887432632188414,-0.3887145651254728
28308,25000.0,10.12667110305036,37,1369,0,193.0,2087.0,54.92,0.0,0.0,0,0,GK,Goalkeeper,2.049997295993956,2.260684233106702,0.31738547611197676,-0.43178300394057484,-0.4318051312352967,-0.3887432632188414,-0.3887145651254728
404345,300000.0,12.611541086966115,32,1024,0,192.0,5835.0,153.55,0.0,0.0,0,1,GK,Goalkeeper,1.1218688814296462,1.0900476950225593,0.2950125752638379,1.3549358294530196,1.3548872358082433,-0.3887432632188414,-0.3887145651254728
240457,350000.0,12.765691290604371,28,784,0,188.0,4533.0,119.29,0.0,0.0,0,0,GK,Goalkeeper,0.37936614977819844,0.2756918424422863,0.20552097187128243,0.7342560212677314,0.7342638910357433,-0.3887432632188414,-0.3887145651254728
516822,200000.0,12.206077645517674,22,484,1,188.0,90.0,2.37,0.0,0.0,0,0,GK,Goalkeeper,-0.7343879476989733,-0.742252973283055,0.20552097187128243,-1.3837780707193923,-1.3837536650296596,-0.3887432632188414,-0.3887145651254728
279144,150000.0,11.918397239722838,29,841,0,190.0,4994.0,131.42,0.0,0.0,0,0,GK,Goalkeeper,0.5649918326910603,0.4691013574301011,0.25026677356756016,0.9540205309247344,0.9540000606822819,-0.3887432632188414,-0.3887145651254728
115989,600000.0,13.304686600863562,31,961,0,196.0,5244.0,138.0,44.0,0.0271,1,1,GK,Goalkeeper,0.9362431985167843,0.8762792837202377,0.38450417865639336,1.0731986814979464,1.0731974222877418,0.3634822379438306,0.36276369176140005
659375,100000.0,11.51293546492023,20,400,0,186.0,2439.0,64.18,0.0,0.0,0,0,GK,Goalkeeper,-1.1056393135246971,-1.0272775216861505,0.16077517017500473,-0.2639801679334923,-0.26405930016135176,-0.3887432632188414,-0.3887145651254728
572949,100000.0,11.51293546492023,23,529,1,190.0,2206.0,58.05,0.0,0.0,0,0,GK,Goalkeeper,-0.5487622647861113,-0.5895612509242537,0.25026677356756016,-0.37505420426772595,-0.37510486652023767,-0.3887432632188414,-0.3887145651254728
555557,150000.0,11.918397239722838,22,484,1,188.0,2070.0,54.47,0.0,0.0,0,0,GK,Goalkeeper,-0.7343879476989733,-0.742252973283055,0.20552097187128243,-0.4398871181795533,-0.43995692648187074,-0.3887432632188414,-0.3887145651254728
31886,25000.0,10.12667110305036,39,1521,0,194.0,90.0,2.37,0.0,0.0,0,0,GK,Goalkeeper,2.42124866181968,2.7764429397408747,0.3397583769601156,-1.3837780707193923,-1.3837536650296596,-0.3887432632188414,-0.3887145651254728
662334,200000.0,12.206077645517674,22,484,1,193.0,810.0,21.32,0.0,0.0,0,0,GK,Goalkeeper,-0.7343879476989733,-0.742252973283055,0.31738547611197676,-1.0405449970685419,-1.040472509646155,-0.3887432632188414,-0.3887145651254728
1059439,25000.0,10.12667110305036,19,361,0,196.0,2610.0,68.68,0.0,0.0,0,0,GK,Goalkeeper,-1.291264996437559,-1.159610347730445,0.38450417865639336,-0.18246231294141532,-0.18254134769561184,-0.3887432632188414,-0.3887145651254728
278676,350000.0,12.765691290604371,29,841,0,190.0,3960.0,104.21,0.0,0.0,0,1,GK,Goalkeeper,0.5649918326910603,0.4691013574301011,0.25026677356756016,0.4610997001539295,0.4610881747727746,-0.3887432632188414,-0.3887145651254728
540631,50000.0,10.819798284210286,22,484,1,195.0,180.0,4.74,434.0,0.2676,1,0,GK,Goalkeeper,-0.7343879476989733,-0.742252973283055,0.3621312778082545,-1.340873936513036,-1.3408208767310368,7.030935543703878,7.0317865988201795
227671,1000000.0,13.815511557963774,34,1156,0,189.0,5310.0,139.74,0.0,0.0,0,0,GK,Goalkeeper,1.4931202472553702,1.5379434139417094,0.2278938727194213,1.1046617132492744,1.1047176972411614,-0.3887432632188414,-0.3887145651254728
438682,900000.0,13.710151153416941,27,729,1,190.0,1086.0,28.58,0.0,0.0,0,0,GK,Goalkeeper,0.19374046686533647,0.08906862622597374,0.25026677356756016,-0.9089723188357157,-0.9089568796680945,-0.3887432632188414,-0.3887145651254728
177276,250000.0,12.429220196836383,29,841,0,187.0,4170.0,109.74,40.0,0.0247,1,0,GK,Goalkeeper,0.5649918326910603,0.4691013574301011,0.18314807102314357,0.5612093466354275,0.561264680802895,0.29509810147449683,0.2962121118156991
266269,150000.0,11.918397239722838,31,961,0,192.0,1215.0,31.97,0.0,0.0,0,0,GK,Goalkeeper,0.9362431985167843,0.8762792837202377,0.2950125752638379,-0.8474763931399383,-0.8475466888105704,-0.3887432632188414,-0.3887145651254728
554278,350000.0,12.765691290604371,21,441,1,190.0,3150.0,82.89,0.0,0.0,0,0,GK,Goalkeeper,-0.9200136306118352,-0.8881583968703538,0.25026677356756016,0.0749624922967226,0.07487423109064684,-0.3887432632188414,-0.3887145651254728
255109,200000.0,12.206077645517674,30,900,0,191.0,3660.0,96.32,0.0,0.0,0,0,GK,Goalkeeper,0.7506175156039223,0.6692971711894182,0.27263967441569903,0.3180859194660751,0.31816003144951055,-0.3887432632188414,-0.3887145651254728
520503,300000.0,12.611541086966115,25,625,1,194.0,4050.0,106.58,57.0,0.0351,1,0,GK,Goalkeeper,-0.17751089896038744,-0.26381890989214457,0.3397583769601156,0.5040038343602858,0.5040209630713977,0.5857306814691655,0.5846022915804031
699400,500000.0,13.122365377402328,21,441,1,188.0,4440.0,116.84,34.0,0.021,0,0,GK,Goalkeeper,-0.9200136306118352,-0.8881583968703538,0.20552097187128243,0.6899217492544966,0.6898818946932849,0.19252189677049608,0.19361175939941028
274047,450000.0,13.017005083966255,29,841,0,194.0,2449.0,64.45,357.0,0.2201,1,0,GK,Goalkeeper,0.5649918326910603,0.4691013574301011,0.3397583769601156,-0.2592130419105639,-0.2591682230134074,5.714540916669202,5.7146199123948485
555016,1000000.0,13.815511557963774,25,625,1,190.0,2940.0,77.37,0.0,0.0,0,0,GK,Goalkeeper,-0.17751089896038744,-0.26381890989214457,0.25026677356756016,-0.025147154184775485,-0.025121123933994082,-0.3887432632188414,-0.3887145651254728
925734,25000.0,10.12667110305036,19,361,0,188.0,1530.0,40.26,0.0,0.0,0,0,GK,Goalkeeper,-1.291264996437559,-1.159610347730445,0.20552097187128243,-0.6973119234176912,-0.6973725052681295,-0.3887432632188414,-0.3887145651254728
176966,50000.0,10.819798284210286,33,1089,0,191.0,4106.0,108.05,0.0,0.0,0,0,GK,Goalkeeper,1.3074945643425082,1.3106024050963831,0.27263967441569903,0.5306997400886853,0.5306501608768727,-0.3887432632188414,-0.3887145651254728
45047,25000.0,10.12667110305036,37,1369,0,193.0,3600.0,94.74,0.0,0.0,0,0,GK,Goalkeeper,2.049997295993956,2.260684233106702,0.31738547611197676,0.2894831633285042,0.2895381725837619,-0.3887432632188414,-0.3887145651254728
181135,350000.0,12.765691290604371,31,961,0,190.0,2310.0,60.79,0.0,0.0,0,1,GK,Goalkeeper,0.9362431985167843,0.8762792837202377,0.25026677356756016,-0.3254760936292697,-0.325469491018876,-0.3887432632188414,-0.3887145651254728
273533,250000.0,12.429220196836383,28,784,0,196.0,5580.0,146.84,0.0,0.0,0,1,GK,Goalkeeper,0.37936614977819844,0.2756918424422863,0.38450417865639336,1.2333741158683433,1.233334911131551,-0.3887432632188414,-0.3887145651254728
750934,25000.0,10.12667110305036,20,400,0,190.0,1890.0,49.74,0.0,0.0,0,0,GK,Goalkeeper,-1.1056393135246971,-1.0272775216861505,0.25026677356756016,-0.5256953865922659,-0.5256413520736374,-0.3887432632188414,-0.3887145651254728
807782,700000.0,13.45883704259595,20,400,0,192.0,6037.0,158.87,0.0,0.0,0,0,GK,Goalkeeper,-1.1056393135246971,-1.0272775216861505,0.2950125752638379,1.4512317751161747,1.4512595707232958,-0.3887432632188414,-0.3887145651254728
316729,200000.0,12.206077645517674,26,676,1,191.0,1181.0,31.08,292.0,0.18,1,1,GK,Goalkeeper,0.008114783952474518,-0.09076829121883655,0.27263967441569903,-0.8636846216178952,-0.863669128298239,4.6032986990425275,4.602653930802096
200616,700000.0,13.45883704259595,29,841,0,195.0,6630.0,174.47,0.0,0.0,0,0,GK,Goalkeeper,0.5649918326910603,0.4691013574301011,0.3621312778082545,1.7339223482758337,1.7338551392711943,-0.3887432632188414,-0.3887145651254728
727318,700000.0,13.45883704259595,21,441,1,195.0,2400.0,63.16,0.0,0.0,0,0,GK,Goalkeeper,-0.9200136306118352,-0.8881583968703538,0.3621312778082545,-0.2825719594229134,-0.282536702720253,-0.3887432632188414,-0.3887145651254728
658111,2000000.0,14.508658238524095,22,484,1,191.0,6735.0,177.24,68.0,0.0419,1,1,GK,Goalkeeper,-0.7343879476989733,-0.742252973283055,0.27263967441569903,1.7839771715165829,1.7840339677889943,0.7737870567598335,0.7731651014265557
286546,250000.0,12.429220196836383,27,729,1,187.0,4260.0,112.11,0.0,0.0,0,0,GK,Goalkeeper,0.19374046686533647,0.08906862622597374,0.18314807102314357,0.604113480841784,0.6041974691015182,-0.3887432632188414,-0.3887145651254728
325896,600000.0,13.304686600863562,27,729,1,195.0,4140.0,108.95,0.0,0.0,0,0,GK,Goalkeeper,0.19374046686533647,0.08906862622597374,0.3621312778082545,0.5469079685666421,0.5469537513700208,-0.3887432632188414,-0.3887145651254728
629011,300000.0,12.611541086966115,20,400,0,193.0,2916.0,76.74,138.0,0.0851,1,0,GK,Goalkeeper,-1.1056393135246971,-1.0272775216861505,0.31738547611197676,-0.036588256639803834,-0.036533637279197846,1.9705094449731753,1.9710935404491723
186374,2500000.0,14.731801689838349,28,784,0,184.0,5976.0,157.26,169.0,0.1042,1,0,GK,Goalkeeper,0.37936614977819844,0.2756918424422863,0.116029368478727,1.422152306376311,1.4220942588411087,2.5004865026105123,2.500733197517042
790518,50000.0,10.819798284210286,21,441,1,189.0,300.0,7.89,58.0,0.0358,1,0,GK,Goalkeeper,-0.9200136306118352,-0.8881583968703538,0.2278938727194213,-1.2836684242378942,-1.2837583100050187,0.602826715586499,0.6040131690645658
790524,25000.0,10.12667110305036,20,400,0,188.0,270.0,7.11,0.0,0.0,0,0,GK,Goalkeeper,-1.1056393135246971,-1.0272775216861505,0.20552097187128243,-1.2979698023066797,-1.2978880884324138,-0.3887432632188414,-0.3887145651254728
700643,400000.0,12.899222326086994,21,441,1,190.0,1980.0,52.11,0.0,0.0,0,1,GK,Goalkeeper,-0.9200136306118352,-0.8881583968703538,0.25026677356756016,-0.4827912523859096,-0.48270856377501437,-0.3887432632188414,-0.3887145651254728
559998,400000.0,12.899222326086994,22,484,1,190.0,3406.0,89.63,0.0,0.0,0,0,GK,Goalkeeper,-0.7343879476989733,-0.742252973283055,0.25026677356756016,0.1970009184836917,0.1969700087837772,-0.3887432632188414,-0.3887145651254728
36789,75000.0,11.225256725762893,36,1296,0,196.0,4613.0,121.39,239.0,0.1473,1,0,GK,Goalkeeper,1.864371613081094,2.0129843279468687,0.38450417865639336,0.7723930294511593,0.7723056021864219,3.697208890823854,3.6958886540419202
717910,50000.0,10.819798284210286,19,361,0,193.0,1735.0,45.66,0.0,0.0,0,0,GK,Goalkeeper,-1.291264996437559,-1.159610347730445,0.31738547611197676,-0.5995858399476574,-0.5995509623092417,-0.3887432632188414,-0.3887145651254728
818068,300000.0,12.611541086966115,24,576,1,197.0,630.0,16.58,0.0,0.0,0,0,GK,Goalkeeper,-0.3631365818732494,-0.4300832297939503,0.4068770795045322,-1.1263532654812545,-1.126338086243401,-0.3887432632188414,-0.3887145651254728
325448,400000.0,12.899222326086994,27,729,1,189.0,3510.0,92.37,0.0,0.0,0,0,GK,Goalkeeper,0.19374046686533647,0.08906862622597374,0.2278938727194213,0.24657902912214788,0.24660538428513903,-0.3887432632188414,-0.3887145651254728
720120,4000000.0,15.201805169084134,21,441,1,193.0,4080.0,107.37,0.0,0.0,0,0,GK,Goalkeeper,-0.9200136306118352,-0.8881583968703538,0.31738547611197676,0.5183052124290712,0.5183318925042721,-0.3887432632188414,-0.3887145651254728
1260503,25000.0,10.12667110305036,17,289,0,188.0,2250.0,59.21,0.0,0.0,0,0,GK,Goalkeeper,-1.662516362263283,-1.4039171035045268,0.20552097187128243,-0.3540788497668406,-0.35409134988462465,-0.3887432632188414,-0.3887145651254728
120970,250000.0,12.429220196836383,32,1024,0,187.0,6390.0,168.16,0.0,0.0,0,0,GK,Goalkeeper,1.1218688814296462,1.0900476950225593,0.18314807102314357,1.6195113237255503,1.6195488548136787,-0.3887432632188414,-0.3887145651254728
225360,600000.0,13.304686600863562,29,841,0,196.0,6840.0,180.0,0.0,0.0,0,0,GK,Goalkeeper,0.5649918326910603,0.4691013574301011,0.38450417865639336,1.8340319947573318,1.8340316453013146,-0.3887432632188414,-0.3887145651254728
746156,150000.0,11.918397239722838,22,484,1,0.0,958.0,25.21,0.0,0.0,0,0,GK,Goalkeeper,-0.7343879476989733,-0.742252973283055,-4.000584387578824,-0.9699915319292003,-0.9700047685146597,-0.3887432632188414,-0.3887145651254728
718756,800000.0,13.592368256649284,20,400,0,194.0,450.0,11.84,8.0,0.0049,0,0,GK,Goalkeeper,-1.1056393135246971,-1.0272775216861505,0.3397583769601156,-1.212161533893967,-1.212203662840647,-0.2519749902801737,-0.25283842273633345
429070,3000000.0,14.914123179965662,26,676,1,192.0,6060.0,159.47,41.0,0.0253,1,0,GK,Goalkeeper,0.008114783952474518,-0.09076829121883655,0.2950125752638379,1.4621961649689104,1.4621286310520611,0.3121941355918303,0.3128500068021244
531538,150000.0,11.918397239722838,23,529,1,190.0,3741.0,98.45,0.0,0.0,0,0,GK,Goalkeeper,-0.5487622647861113,-0.5895612509242537,0.25026677356756016,0.3566996402517958,0.35674519561662765,-0.3887432632188414,-0.3887145651254728
629032,250000.0,12.429220196836383,20,400,0,190.0,4680.0,123.16,0.0,0.0,0,0,GK,Goalkeeper,-1.1056393135246971,-1.0272775216861505,0.25026677356756016,0.8043327738047801,0.8043693301562794,-0.3887432632188414,-0.3887145651254728
965043,350000.0,12.765691290604371,18,324,0,189.0,3960.0,104.21,0.0,0.0,0,0,GK,Goalkeeper,-1.476890679350421,-1.285156875003237,0.2278938727194213,0.4610997001539295,0.4610881747727746,-0.3887432632188414,-0.3887145651254728
281791,300000.0,12.611541086966115,28,784,0,189.0,5220.0,137.37,0.0,0.0,0,0,GK,Goalkeeper,0.37936614977819844,0.2756918424422863,0.2278938727194213,1.061757579042918,1.0617849089425384,-0.3887432632188414,-0.3887145651254728
345452,3500000.0,15.068273812173887,24,576,1,191.0,5940.0,156.32,0.0,0.0,0,0,GK,Goalkeeper,-0.3631365818732494,-0.4300832297939503,0.27263967441569903,1.4049906526937685,1.405066064326043,-0.3887432632188414,-0.3887145651254728
574901,10000000.0,16.118095750958314,25,625,1,199.0,2430.0,63.95,27.0,0.0166,0,0,GK,Goalkeeper,-0.17751089896038744,-0.26381890989214457,0.4516228812008099,-0.26827058135412796,-0.26822577328737857,0.0728496579491619,0.07160052949895855
345408,100000.0,11.51293546492023,29,841,0,188.0,2130.0,56.05,0.0,0.0,0,0,GK,Goalkeeper,0.5649918326910603,0.4691013574301011,0.20552097187128243,-0.4112843620419824,-0.4113350676161221,-0.3887432632188414,-0.3887145651254728
924895,25000.0,10.12667110305036,18,324,0,189.0,3600.0,94.74,0.0,0.0,0,0,GK,Goalkeeper,-1.476890679350421,-1.285156875003237,0.2278938727194213,0.2894831633285042,0.2895381725837619,-0.3887432632188414,-0.3887145651254728
1070002,25000.0,10.12667110305036,18,324,0,193.0,2070.0,54.47,0.0,0.0,0,0,GK,Goalkeeper,-1.476890679350421,-1.285156875003237,0.31738547611197676,-0.4398871181795533,-0.43995692648187074,-0.3887432632188414,-0.3887145651254728
78339,250000.0,12.429220196836383,37,1369,0,190.0,5160.0,135.79,7.0,0.0043,0,0,GK,Goalkeeper,2.049997295993956,2.260684233106702,0.25026677356756016,1.033154822905347,1.0331630500767894,-0.2690710243975072,-0.26947631772275865
622236,2000000.0,14.508658238524095,21,441,1,198.0,4320.0,113.68,31.0,0.0191,0,0,GK,Goalkeeper,-0.9200136306118352,-0.8881583968703538,0.4292499803526711,0.6327162369793548,0.6326381769617875,0.1412337944184957,0.14092509194239697
689207,250000.0,12.429220196836383,24,576,1,191.0,4350.0,114.47,59.0,0.0364,1,0,GK,Goalkeeper,-0.3631365818732494,-0.4300832297939503,0.27263967441569903,0.6470176150481403,0.6469491063946617,0.6199227497038324,0.6206510640509911
663899,200000.0,12.206077645517674,21,441,1,190.0,2078.0,54.68,0.0,0.0,0,0,GK,Goalkeeper,-0.9200136306118352,-0.8881583968703538,0.25026677356756016,-0.43607341736121047,-0.43615275536680287,-0.3887432632188414,-0.3887145651254728
493513,3000000.0,14.914123179965662,22,484,1,193.0,3195.0,84.08,41.0,0.0253,1,0,GK,Goalkeeper,-0.7343879476989733,-0.742252973283055,0.31738547611197676,0.09641455939990076,0.09643120074269802,0.3121941355918303,0.3128500068021244
538073,400000.0,12.899222326086994,26,676,1,183.0,6852.0,180.32,0.0,0.0,0,0,GK,Goalkeeper,0.008114783952474518,-0.09076829121883655,0.09365646763058813,1.839752545984846,1.839828477476656,-0.3887432632188414,-0.3887145651254728
976481,25000.0,10.12667110305036,19,361,0,191.0,720.0,18.95,0.0,0.0,0,0,GK,Goalkeeper,-1.291264996437559,-1.159610347730445,0.27263967441569903,-1.0834491312748982,-1.083405297944778,-0.3887432632188414,-0.3887145651254728
248738,3000000.0,14.914123179965662,31,961,0,192.0,6553.0,172.45,0.0,0.0,0,0,GK,Goalkeeper,0.9362431985167843,0.8762792837202377,0.2950125752638379,1.6972154778992845,1.6972626361643508,-0.3887432632188414,-0.3887145651254728
796490,75000.0,11.225256725762893,20,400,0,194.0,900.0,23.68,0.0,0.0,0,0,GK,Goalkeeper,-1.1056393135246971,-1.0272775216861505,0.3397583769601156,-0.9976408628621855,-0.9977208723530113,-0.3887432632188414,-0.3887145651254728
172015,800000.0,13.592368256649284,32,1024,0,187.0,2700.0,71.05,44.0,0.0271,1,1,GK,Goalkeeper,1.1218688814296462,1.0900476950225593,0.18314807102314357,-0.13955817873505902,-0.13960855939698896,0.3634822379438306,0.36276369176140005
357788,500000.0,13.122365377402328,25,625,1,189.0,5291.0,139.24,0.0,0.0,0,0,GK,Goalkeeper,-0.17751089896038744,-0.26381890989214457,0.2278938727194213,1.0956041738057103,1.0956601469671905,-0.3887432632188414,-0.3887145651254728
236918,100000.0,11.51293546492023,32,1024,0,187.0,2910.0,76.58,0.0,0.0,0,0,GK,Goalkeeper,1.1218688814296462,1.0900476950225593,0.18314807102314357,-0.039448532253560924,-0.03943205336686854,-0.3887432632188414,-0.3887145651254728
750003,50000.0,10.819798284210286,20,400,0,193.0,180.0,4.74,0.0,0.0,0,0,GK,Goalkeeper,-1.1056393135246971,-1.0272775216861505,0.31738547611197676,-1.340873936513036,-1.3408208767310368,-0.3887432632188414,-0.3887145651254728
388815,350000.0,12.765691290604371,23,529,1,187.0,6069.0,159.71,31.0,0.0191,0,0,GK,Goalkeeper,-0.5487622647861113,-0.5895612509242537,0.18314807102314357,1.466486578389546,1.4664762551835673,0.1412337944184957,0.14092509194239697
357770,1200000.0,13.997832948091215,25,625,1,189.0,3445.0,90.66,0.0,0.0,0,0,GK,Goalkeeper,-0.17751089896038744,-0.26381890989214457,0.2278938727194213,0.21559270997311278,0.21562856234815772,-0.3887432632188414,-0.3887145651254728
271549,450000.0,13.017005083966255,29,841,0,188.0,6375.0,167.76,0.0,0.0,0,0,GK,Goalkeeper,0.5649918326910603,0.4691013574301011,0.20552097187128243,1.6123606346911574,1.6123028145945018,-0.3887432632188414,-0.3887145651254728
712107,10000000.0,16.118095750958314,23,529,1,192.0,4877.0,128.34,0.0,0.0,0,1,GK,Goalkeeper,-0.5487622647861113,-0.5895612509242537,0.2950125752638379,0.8982451564564712,0.8982055509946202,-0.3887432632188414,-0.3887145651254728
820331,50000.0,10.819798284210286,19,361,0,188.0,631.0,16.61,0.0,0.0,0,0,GK,Goalkeeper,-1.291264996437559,-1.159610347730445,0.20552097187128243,-1.1258765528789616,-1.1257946332269628,-0.3887432632188414,-0.3887145651254728
118997,700000.0,13.45883704259595,33,1089,0,182.0,1217.0,32.03,0.0,0.0,0,0,GK,Goalkeeper,1.3074945643425082,1.3106024050963831,0.07128356678244926,-0.8465229679353526,-0.8464597827776938,-0.3887432632188414,-0.3887145651254728
164145,1300000.0,14.077875591662238,29,841,0,194.0,6056.0,159.37,96.0,0.0592,1,0,GK,Goalkeeper,0.5649918326910603,0.4691013574301011,0.3397583769601156,1.4602893145597389,1.460317120997267,1.2524760120451701,1.25289107353515
119061,100000.0,11.51293546492023,33,1089,0,186.0,1021.0,26.87,0.0,0.0,0,0,GK,Goalkeeper,1.3074945643425082,1.3106024050963831,0.16077517017500473,-0.9399586379847509,-0.9399337016050756,-0.3887432632188414,-0.3887145651254728
283170,8000000.0,15.894952224644102,25,625,1,184.0,3526.0,92.79,0.0,0.0,0,0,GK,Goalkeeper,-0.17751089896038744,-0.26381890989214457,0.116029368478727,0.2542064307588335,0.2542137265152748,-0.3887432632188414,-0.3887145651254728
298197,6000000.0,15.607270193858982,28,784,0,185.0,6082.0,160.05,0.0,0.0,0,0,GK,Goalkeeper,0.37936614977819844,0.2756918424422863,0.13840226932686586,1.4726838422193531,1.4726353893698678,-0.3887432632188414,-0.3887145651254728
121483,20000000.0,16.811242881518265,31,961,0,188.0,9120.0,240.0,0.0,0.0,0,0,GK,Goalkeeper,0.9362431985167843,0.8762792837202377,0.20552097187128243,2.9209367279850253,2.9209376781778467,-0.3887432632188414,-0.3887145651254728
631693,900000.0,13.710151153416941,23,529,1,186.0,1206.0,31.74,34.0,0.021,0,0,GK,Goalkeeper,-0.5487622647861113,-0.5895612509242537,0.16077517017500473,-0.8517668065605739,-0.8517131619365972,0.19252189677049608,0.19361175939941028
74857,12000000.0,16.300417291085605,32,1024,0,187.0,4005.0,105.39,300.0,0.185,1,0,GK,Goalkeeper,1.1218688814296462,1.0900476950225593,0.18314807102314357,0.48255176725710763,0.48246399341934654,4.740066971981195,4.741303055688973
159896,175000.0,12.07254696717504,34,1156,0,187.0,6269.0,164.97,0.0,0.0,0,0,GK,Goalkeeper,1.4931202472553702,1.5379434139417094,0.18314807102314357,1.5618290988481156,1.5617616840657431,-0.3887432632188414,-0.3887145651254728
653066,400000.0,12.899222326086994,21,441,1,188.0,2302.0,60.58,127.0,0.0783,1,0,GK,Goalkeeper,-0.9200136306118352,-0.8881583968703538,0.20552097187128243,-0.3292897944476125,-0.3292736621339439,1.7824530696825072,1.7825307306030196
190687,400000.0,12.899222326086994,32,1024,0,190.0,5760.0,151.58,0.0,0.0,0,0,GK,Goalkeeper,1.1218688814296462,1.0900476950225593,0.25026677356756016,1.319182384281056,1.3192004877287973,-0.3887432632188414,-0.3887145651254728
543098,200000.0,12.206077645517674,25,625,1,0.0,960.0,25.26,0.0,0.0,0,0,GK,Goalkeeper,-0.17751089896038744,-0.26381890989214457,-4.000584387578824,-0.9690381067246145,-0.9690990134872626,-0.3887432632188414,-0.3887145651254728
226012,3000000.0,14.914123179965662,31,961,0,192.0,7014.0,184.58,0.0,0.0,0,0,GK,Goalkeeper,0.9362431985167843,0.8762792837202377,0.2950125752638379,1.9169799875562874,1.9169988058108902,-0.3887432632188414,-0.3887145651254728
131310,50000.0,10.819798284210286,37,1369,0,186.0,2610.0,68.68,0.0,0.0,0,0,GK,Goalkeeper,2.049997295993956,2.260684233106702,0.16077517017500473,-0.18246231294141532,-0.18254134769561184,-0.3887432632188414,-0.3887145651254728
461963,650000.0,13.384729180332174,24,576,1,188.0,1920.0,50.53,0.0,0.0,0,0,GK,Goalkeeper,-0.3631365818732494,-0.4300832297939503,0.20552097187128243,-0.5113940085234805,-0.511330422640763,-0.3887432632188414,-0.3887145651254728
372015,350000.0,12.765691290604371,30,900,0,193.0,3600.0,94.74,0.0,0.0,0,0,GK,Goalkeeper,0.7506175156039223,0.6692971711894182,0.31738547611197676,0.2894831633285042,0.2895381725837619,-0.3887432632188414,-0.3887145651254728
434861,150000.0,11.918397239722838,25,625,1,187.0,1260.0,33.16,0.0,0.0,0,1,GK,Goalkeeper,-0.17751089896038744,-0.26381890989214457,0.18314807102314357,-0.8260243260367601,-0.8259897191585193,-0.3887432632188414,-0.3887145651254728
159143,125000.0,11.736077016252437,33,1089,0,185.0,2773.0,72.97,0.0,0.0,0,0,GK,Goalkeeper,1.3074945643425082,1.3106024050963831,0.13840226932686586,-0.1047581587676811,-0.10482756634493991,-0.3887432632188414,-0.3887145651254728
262396,28000000.0,17.147715103853763,27,729,1,190.0,5254.0,138.26,124.0,0.0764,1,0,GK,Goalkeeper,0.19374046686533647,0.08906862622597374,0.25026677356756016,1.077965807520875,1.0779073484302066,1.731164967330507,1.7298440631460064
248349,700000.0,13.45883704259595,27,729,1,194.0,4265.0,112.24,0.0,0.0,0,1,GK,Goalkeeper,0.19374046686533647,0.08906862622597374,0.3397583769601156,0.6064970438532481,0.6065524321727506,-0.3887432632188414,-0.3887145651254728
275218,6000000.0,15.607270193858982,28,784,0,186.0,4410.0,116.05,0.0,0.0,0,0,GK,Goalkeeper,0.37936614977819844,0.2756918424422863,0.16077517017500473,0.675620371185711,0.6755709652604104,-0.3887432632188414,-0.3887145651254728
297194,900000.0,13.710151153416941,27,729,1,186.0,2125.0,55.92,0.0,0.0,0,0,GK,Goalkeeper,0.19374046686533647,0.08906862622597374,0.16077517017500473,-0.41366792505344663,-0.4136900306873545,-0.3887432632188414,-0.3887145651254728
830280,50000.0,10.819798284210286,23,529,1,193.0,360.0,9.47,0.0,0.0,0,1,GK,Goalkeeper,-0.5487622647861113,-0.5895612509242537,0.31738547611197676,-1.2550656681003234,-1.2551364511392702,-0.3887432632188414,-0.3887145651254728
547248,800000.0,13.592368256649284,23,529,1,190.0,5400.0,142.11,0.0,0.0,0,0,GK,Goalkeeper,-0.5487622647861113,-0.5895612509242537,0.25026677356756016,1.1475658474556307,1.1476504855397847,-0.3887432632188414,-0.3887145651254728
76254,50000.0,10.819798284210286,34,1156,0,195.0,1050.0,27.63,0.0,0.0,0,0,GK,Goalkeeper,1.4931202472553702,1.5379434139417094,0.3621312778082545,-0.9261339725182582,-0.9261662251886397,-0.3887432632188414,-0.3887145651254728
71271,500000.0,13.122365377402328,37,1369,0,190.0,2340.0,61.58,0.0,0.0,0,0,GK,Goalkeeper,2.049997295993956,2.260684233106702,0.25026677356756016,-0.3111747155604843,-0.31115856158600164,-0.3887432632188414,-0.3887145651254728
738480,250000.0,12.429220196836383,19,361,0,196.0,4825.0,126.97,0.0,0.0,0,0,GK,Goalkeeper,-1.291264996437559,-1.159610347730445,0.38450417865639336,0.873456101137243,0.8733878632439394,-0.3887432632188414,-0.3887145651254728
879509,25000.0,10.12667110305036,20,400,0,0.0,1440.0,37.89,0.0,0.0,0,0,GK,Goalkeeper,-1.1056393135246971,-1.0272775216861505,-4.000584387578824,-0.7402160576240475,-0.7403052935667526,-0.3887432632188414,-0.3887145651254728
108390,20000000.0,16.811242881518265,32,1024,0,200.0,4713.0,124.03,346.0,0.2133,1,1,GK,Goalkeeper,1.1218688814296462,1.0900476950225593,0.47399578204894877,0.8200642896804441,0.8201294676329893,5.526484541378534,5.5260571025486955
955285,50000.0,10.819798284210286,19,361,0,188.0,720.0,18.95,0.0,0.0,0,0,GK,Goalkeeper,-1.291264996437559,-1.159610347730445,0.20552097187128243,-1.0834491312748982,-1.083405297944778,-0.3887432632188414,-0.3887145651254728
1137943,100000.0,11.51293546492023,17,289,0,0.0,1980.0,52.11,0.0,0.0,0,0,GK,Goalkeeper,-1.662516362263283,-1.4039171035045268,-4.000584387578824,-0.4827912523859096,-0.48270856377501437,-0.3887432632188414,-0.3887145651254728
316884,6000000.0,15.607270193858982,27,729,1,197.0,3690.0,97.11,5.0,0.0031,0,0,GK,Goalkeeper,0.19374046686533647,0.08906862622597374,0.4068770795045322,0.3323872975348605,0.332470960882385,-0.3032630926321741,-0.3027521076956091
46405,100000.0,11.51293546492023,34,1156,0,201.0,648.0,17.05,0.0,0.0,0,1,GK,Goalkeeper,1.4931202472553702,1.5379434139417094,0.49636868289708763,-1.1177724386399832,-1.117823988985868,-0.3887432632188414,-0.3887145651254728
514287,500000.0,13.122365377402328,23,529,1,192.0,5880.0,154.74,0.0,0.0,0,0,GK,Goalkeeper,-0.5487622647861113,-0.5895612509242537,0.2950125752638379,1.3763878965561978,1.3764442054602946,-0.3887432632188414,-0.3887145651254728
1169436,200000.0,12.206077645517674,19,361,0,188.0,180.0,4.74,0.0,0.0,0,0,GK,Goalkeeper,-1.291264996437559,-1.159610347730445,0.20552097187128243,-1.340873936513036,-1.3408208767310368,-0.3887432632188414,-0.3887145651254728
625014,15000000.0,16.52356082573315,24,576,1,187.0,3603.0,94.82,39.0,0.024,0,1,GK,Goalkeeper,-0.3631365818732494,-0.4300832297939503,0.18314807102314357,0.2909133011353828,0.2909873806275972,0.2780020673571634,0.2768012343315364
471797,75000.0,11.225256725762893,24,576,1,197.0,1305.0,34.34,0.0,0.0,0,0,GK,Goalkeeper,-0.3631365818732494,-0.4300832297939503,0.4068770795045322,-0.804572258933582,-0.8046139005119473,-0.3887432632188414,-0.3887145651254728
495320,2000000.0,14.508658238524095,26,676,1,190.0,4637.0,122.03,0.0,0.0,0,0,GK,Goalkeeper,0.008114783952474518,-0.09076829121883655,0.25026677356756016,0.7838341319061876,0.7838992665371048,-0.3887432632188414,-0.3887145651254728
94308,800000.0,13.592368256649284,32,1024,0,189.0,4590.0,120.79,3.0,0.0018,0,1,GK,Goalkeeper,1.1218688814296462,1.0900476950225593,0.2278938727194213,0.7614286395984238,0.7614365418576566,-0.337455160866841,-0.33880088016619714
628487,300000.0,12.611541086966115,23,529,1,183.0,1710.0,45.0,0.0,0.0,0,0,GK,Goalkeeper,-0.5487622647861113,-0.5895612509242537,0.09365646763058813,-0.6115036550049786,-0.6115069286708834,-0.3887432632188414,-0.3887145651254728
412946,100000.0,11.51293546492023,23,529,1,187.0,1440.0,37.89,0.0,0.0,0,0,GK,Goalkeeper,-0.5487622647861113,-0.5895612509242537,0.18314807102314357,-0.7402160576240475,-0.7403052935667526,-0.3887432632188414,-0.3887145651254728
424187,500000.0,13.122365377402328,27,729,1,203.0,5760.0,151.58,0.0,0.0,0,0,GK,Goalkeeper,0.19374046686533647,0.08906862622597374,0.5411144845933654,1.319182384281056,1.3192004877287973,-0.3887432632188414,-0.3887145651254728
740040,50000.0,10.819798284210286,20,400,0,191.0,1620.0,42.63,0.0,0.0,0,0,GK,Goalkeeper,-1.1056393135246971,-1.0272775216861505,0.27263967441569903,-0.6544077892113349,-0.6544397169695064,-0.3887432632188414,-0.3887145651254728
494847,650000.0,13.384729180332174,25,625,1,190.0,5991.0,157.66,0.0,0.0,0,0,GK,Goalkeeper,-0.17751089896038744,-0.26381890989214457,0.25026677356756016,1.429302995410704,1.4293402990602857,-0.3887432632188414,-0.3887145651254728
339079,2000000.0,14.508658238524095,25,625,1,196.0,3390.0,89.21,0.0,0.0,0,0,GK,Goalkeeper,-0.17751089896038744,-0.26381890989214457,0.38450417865639336,0.18937351684700612,0.18936166655364145,-0.3887432632188414,-0.3887145651254728
833313,300000.0,12.611541086966115,20,400,0,196.0,1657.0,43.61,0.0,0.0,0,0,GK,Goalkeeper,-1.1056393135246971,-1.0272775216861505,0.38450417865639336,-0.6367694229264995,-0.6366869184325231,-0.3887432632188414,-0.3887145651254728
436061,150000.0,11.918397239722838,23,529,1,187.0,2852.0,75.05,9.0,0.0055,0,0,GK,Goalkeeper,-0.5487622647861113,-0.5895612509242537,0.18314807102314357,-0.0670978631865461,-0.06714815720522013,-0.2348789561628403,-0.2362005277499082
120705,100000.0,11.51293546492023,36,1296,0,187.0,360.0,9.47,0.0,0.0,0,0,GK,Goalkeeper,1.864371613081094,2.0129843279468687,0.18314807102314357,-1.2550656681003234,-1.2551364511392702,-0.3887432632188414,-0.3887145651254728
559319,400000.0,12.899222326086994,21,441,1,188.0,4170.0,109.74,0.0,0.0,0,1,GK,Goalkeeper,-0.9200136306118352,-0.8881583968703538,0.20552097187128243,0.5612093466354275,0.561264680802895,-0.3887432632188414,-0.3887145651254728
591878,50000.0,10.819798284210286,21,441,1,181.0,92.0,2.42,0.0,0.0,0,0,GK,Goalkeeper,-0.9200136306118352,-0.8881583968703538,0.048910665934310406,-1.3828246455148065,-1.3828479100022626,-0.3887432632188414,-0.3887145651254728
587505,750000.0,13.527829818844937,22,484,1,192.0,4215.0,110.92,0.0,0.0,0,0,GK,Goalkeeper,-0.7343879476989733,-0.742252973283055,0.2950125752638379,0.5826614137386057,0.5826404994494669,-0.3887432632188414,-0.3887145651254728
646708,400000.0,12.899222326086994,20,400,0,193.0,2735.0,71.97,0.0,0.0,0,0,GK,Goalkeeper,-1.1056393135246971,-1.0272775216861505,0.31738547611197676,-0.12287323765480933,-0.12294266689288211,-0.3887432632188414,-0.3887145651254728
278190,450000.0,13.017005083966255,30,900,0,191.0,2730.0,71.84,0.0,0.0,0,0,GK,Goalkeeper,0.7506175156039223,0.6692971711894182,0.27263967441569903,-0.12525680066627357,-0.1252976299641145,-0.3887432632188414,-0.3887145651254728
587606,200000.0,12.206077645517674,22,484,1,192.0,3960.0,104.21,0.0,0.0,0,0,GK,Goalkeeper,-0.7343879476989733,-0.742252973283055,0.2950125752638379,0.4610997001539295,0.4610881747727746,-0.3887432632188414,-0.3887145651254728
738514,300000.0,12.611541086966115,19,361,0,192.0,3870.0,101.84,0.0,0.0,0,0,GK,Goalkeeper,-1.291264996437559,-1.159610347730445,0.2950125752638379,0.4181955659475732,0.41815538647415174,-0.3887432632188414,-0.3887145651254728
73517,900000.0,13.710151153416941,34,1156,0,192.0,5284.0,139.05,115.0,0.0709,1,0,GK,Goalkeeper,1.4931202472553702,1.5379434139417094,0.2950125752638379,1.0922671855896602,1.0922182778630813,1.5773006602745059,1.5773300257704421
982828,50000.0,10.819798284210286,18,324,0,0.0,1935.0,50.92,0.0,0.0,0,0,GK,Goalkeeper,-1.476890679350421,-1.285156875003237,-4.000584387578824,-0.5042433194890877,-0.5042655334270655,-0.3887432632188414,-0.3887145651254728
64399,700000.0,13.45883704259595,37,1369,0,190.0,5462.0,143.74,0.0,0.0,0,0,GK,Goalkeeper,2.049997295993956,2.260684233106702,0.25026677356756016,1.1771220287977873,1.1771780994329304,-0.3887432632188414,-0.3887145651254728
802540,200000.0,12.206077645517674,19,361,0,198.0,3109.0,81.82,0.0,0.0,0,0,GK,Goalkeeper,-1.291264996437559,-1.159610347730445,0.4292499803526711,0.05541727560271583,0.05549107350434854,-0.3887432632188414,-0.3887145651254728
212862,18000000.0,16.705882371415992,29,841,0,191.0,8826.0,232.26,0.0,0.0,0,0,GK,Goalkeeper,0.5649918326910603,0.4691013574301011,0.27263967441569903,2.780783222910928,2.780726799936774,-0.3887432632188414,-0.3887145651254728
551182,2000000.0,14.508658238524095,25,625,1,196.0,2595.0,68.29,0.0,0.0,0,1,GK,Goalkeeper,-0.17751089896038744,-0.26381890989214457,0.38450417865639336,-0.18961300197580805,-0.1896062369093093,-0.3887432632188414,-0.3887145651254728
687560,50000.0,10.819798284210286,22,484,1,198.0,450.0,11.84,0.0,0.0,0,0,GK,Goalkeeper,-0.7343879476989733,-0.742252973283055,0.4292499803526711,-1.212161533893967,-1.212203662840647,-0.3887432632188414,-0.3887145651254728
277242,300000.0,12.611541086966115,31,961,0,188.0,6196.0,163.05,0.0,0.0,0,0,GK,Goalkeeper,0.9362431985167843,0.8762792837202377,0.20552097187128243,1.5270290788807377,1.5269806910136945,-0.3887432632188414,-0.3887145651254728
341713,7500000.0,15.830413711839864,26,676,1,188.0,5482.0,144.26,43.0,0.0265,1,0,GK,Goalkeeper,0.008114783952474518,-0.09076829121883655,0.20552097187128243,1.1866562808436443,1.18659795171786,0.34638620382649715,0.3461257967749748
601262,350000.0,12.765691290604371,22,484,1,186.0,4528.0,119.16,0.0,0.0,0,0,GK,Goalkeeper,-0.7343879476989733,-0.742252973283055,0.16077517017500473,0.7318724582562671,0.7319089279645107,-0.3887432632188414,-0.3887145651254728
1026477,25000.0,10.12667110305036,19,361,0,197.0,2310.0,60.79,53.0,0.0327,1,1,GK,Goalkeeper,-1.291264996437559,-1.159610347730445,0.4068770795045322,-0.3254760936292697,-0.325469491018876,0.5173465449998317,0.5180507116347022
179894,350000.0,12.765691290604371,30,900,0,193.0,6240.0,164.21,0.0,0.0,0,0,GK,Goalkeeper,0.7506175156039223,0.6692971711894182,0.31738547611197676,1.548004433381623,1.5479942076493074,-0.3887432632188414,-0.3887145651254728
242359,3500000.0,15.068273812173887,30,900,0,191.0,3150.0,82.89,0.0,0.0,0,0,GK,Goalkeeper,0.7506175156039223,0.6692971711894182,0.27263967441569903,0.0749624922967226,0.07487423109064684,-0.3887432632188414,-0.3887145651254728
485588,700000.0,13.45883704259595,22,484,1,188.0,5880.0,154.74,0.0,0.0,0,0,GK,Goalkeeper,-0.7343879476989733,-0.742252973283055,0.20552097187128243,1.3763878965561978,1.3764442054602946,-0.3887432632188414,-0.3887145651254728
502676,30000000.0,17.216707972959764,24,576,1,197.0,6345.0,166.97,22.0,0.0136,0,1,GK,Goalkeeper,-0.3631365818732494,-0.4300832297939503,0.4068770795045322,1.5980592566223721,1.5979918851616277,-0.012630512637505377,-0.01158894543316762
131330,400000.0,12.899222326086994,31,961,0,192.0,5940.0,156.32,0.0,0.0,0,1,GK,Goalkeeper,0.9362431985167843,0.8762792837202377,0.2950125752638379,1.4049906526937685,1.405066064326043,-0.3887432632188414,-0.3887145651254728
44058,1000000.0,13.815511557963774,34,1156,0,195.0,5876.0,154.63,7.0,0.0043,0,0,GK,Goalkeeper,1.4931202472553702,1.5379434139417094,0.3621312778082545,1.3744810461470263,1.3744515444000207,-0.2690710243975072,-0.26947631772275865
526258,150000.0,11.918397239722838,23,529,1,187.0,3049.0,80.24,0.0,0.0,0,0,GK,Goalkeeper,-0.5487622647861113,-0.5895612509242537,0.18314807102314357,0.026814519465144952,0.02686921463859988,-0.3887432632188414,-0.3887145651254728
360677,250000.0,12.429220196836383,27,729,1,187.0,3465.0,91.18,0.0,0.0,0,0,GK,Goalkeeper,0.19374046686533647,0.08906862622597374,0.18314807102314357,0.22512696201896973,0.22504841463308786,-0.3887432632188414,-0.3887145651254728
160467,500000.0,13.122365377402328,30,900,0,187.0,5400.0,142.11,0.0,0.0,0,0,GK,Goalkeeper,0.7506175156039223,0.6692971711894182,0.18314807102314357,1.1475658474556307,1.1476504855397847,-0.3887432632188414,-0.3887145651254728
206743,300000.0,12.611541086966115,29,841,0,187.0,6930.0,182.37,0.0,0.0,0,0,GK,Goalkeeper,0.5649918326910603,0.4691013574301011,0.18314807102314357,1.876936128963688,1.8769644335999378,-0.3887432632188414,-0.3887145651254728
397676,1800000.0,14.403297778421795,27,729,1,186.0,1380.0,36.32,0.0,0.0,0,0,GK,Goalkeeper,0.19374046686533647,0.08906862622597374,0.16077517017500473,-0.7688188137616184,-0.7687460014270218,-0.3887432632188414,-0.3887145651254728
165467,2500000.0,14.731801689838349,31,961,0,188.0,4140.0,108.95,0.0,0.0,0,0,GK,Goalkeeper,0.9362431985167843,0.8762792837202377,0.20552097187128243,0.5469079685666421,0.5469537513700208,-0.3887432632188414,-0.3887145651254728
335027,250000.0,12.429220196836383,28,784,0,198.0,1994.0,52.47,371.0,0.2287,1,0,GK,Goalkeeper,0.37936614977819844,0.2756918424422863,0.4292499803526711,-0.4761172759538097,-0.47618712757775516,5.95388539431187,5.9530964072002766
608382,200000.0,12.206077645517674,24,576,1,195.0,1781.0,46.87,57.0,0.0351,1,0,GK,Goalkeeper,-0.3631365818732494,-0.4300832297939503,0.3621312778082545,-0.5776570602421863,-0.5776316906462315,0.5857306814691655,0.5846022915804031
390814,150000.0,11.918397239722838,25,625,1,188.0,1507.0,39.66,0.0,0.0,0,0,GK,Goalkeeper,-0.17751089896038744,-0.26381890989214457,0.20552097187128243,-0.7082763132704267,-0.7082415655968949,-0.3887432632188414,-0.3887145651254728
935594,25000.0,10.12667110305036,19,361,0,197.0,450.0,11.84,70.0,0.0432,1,0,GK,Goalkeeper,-1.291264996437559,-1.159610347730445,0.4068770795045322,-1.212161533893967,-1.212203662840647,0.8079791249945004,0.8092138738971438
234187,350000.0,12.765691290604371,30,900,0,197.0,2385.0,62.76,0.0,0.0,0,0,GK,Goalkeeper,0.7506175156039223,0.6692971711894182,0.4068770795045322,-0.28972264845730616,-0.28978274293942985,-0.3887432632188414,-0.3887145651254728
453704,2000000.0,14.508658238524095,26,676,1,185.0,4618.0,121.53,0.0,0.0,0,0,GK,Goalkeeper,0.008114783952474518,-0.09076829121883655,0.13840226932686586,0.7747765924626235,0.7748417162631338,-0.3887432632188414,-0.3887145651254728
663961,25000.0,10.12667110305036,22,484,1,190.0,540.0,14.21,0.0,0.0,0,0,GK,Goalkeeper,-0.7343879476989733,-0.742252973283055,0.25026677356756016,-1.1692573996876108,-1.1692708745420242,-0.3887432632188414,-0.3887145651254728
195488,2500000.0,14.731801689838349,32,1024,0,195.0,7245.0,190.66,0.0,0.0,0,0,GK,Goalkeeper,1.1218688814296462,1.0900476950225593,0.3621312778082545,2.0271005986859354,2.0271386171423784,-0.3887432632188414,-0.3887145651254728
265079,100000.0,11.51293546492023,26,676,1,190.0,717.0,18.87,6.0,0.0037,0,0,GK,Goalkeeper,0.008114783952474518,-0.09076829121883655,0.25026677356756016,-1.0848792690817766,-1.0848545059886132,-0.28616705851484064,-0.28611421270918386
742719,25000.0,10.12667110305036,20,400,0,191.0,766.0,20.16,0.0,0.0,0,0,GK,Goalkeeper,-1.1056393135246971,-1.0272775216861505,0.27263967441569903,-1.0615203515694271,-1.061486026281768,-0.3887432632188414,-0.3887145651254728
293185,1500000.0,14.220976332738882,26,676,1,195.0,5940.0,156.32,0.0,0.0,0,0,GK,Goalkeeper,0.008114783952474518,-0.09076829121883655,0.3621312778082545,1.4049906526937685,1.405066064326043,-0.3887432632188414,-0.3887145651254728
790669,700000.0,13.45883704259595,21,441,1,199.0,4680.0,123.16,0.0,0.0,0,0,GK,Goalkeeper,-0.9200136306118352,-0.8881583968703538,0.4516228812008099,0.8043327738047801,0.8043693301562794,-0.3887432632188414,-0.3887145651254728
933914,50000.0,10.819798284210286,18,324,0,192.0,4410.0,116.05,0.0,0.0,0,0,GK,Goalkeeper,-1.476890679350421,-1.285156875003237,0.2950125752638379,0.675620371185711,0.6755709652604104,-0.3887432632188414,-0.3887145651254728
146227,800000.0,13.592368256649284,35,1225,0,187.0,5278.0,138.89,142.0,0.0875,1,0,GK,Goalkeeper,1.6787459301682321,1.7720707215585378,0.18314807102314357,1.0894069099759032,1.0893198617754103,2.038893581442509,2.037645120394873
251892,1000000.0,13.815511557963774,27,729,1,185.0,4549.0,119.71,0.0,0.0,0,0,GK,Goalkeeper,0.19374046686533647,0.08906862622597374,0.13840226932686586,0.741883422904417,0.7418722332658788,-0.3887432632188414,-0.3887145651254728
625657,600000.0,13.304686600863562,23,529,1,189.0,1161.0,30.55,0.0,0.0,0,0,GK,Goalkeeper,-0.5487622647861113,-0.5895612509242537,0.2278938727194213,-0.8732188736637522,-0.8732701315886484,-0.3887432632188414,-0.3887145651254728
404055,1500000.0,14.220976332738882,24,576,1,190.0,5880.0,154.74,0.0,0.0,0,0,GK,Goalkeeper,-0.3631365818732494,-0.4300832297939503,0.25026677356756016,1.3763878965561978,1.3764442054602946,-0.3887432632188414,-0.3887145651254728
27493,100000.0,11.51293546492023,40,1600,0,187.0,180.0,4.74,0.0,0.0,0,1,GK,Goalkeeper,2.606874344732542,3.0445017412152144,0.18314807102314357,-1.340873936513036,-1.3408208767310368,-0.3887432632188414,-0.3887145651254728
562742,5000000.0,15.424948670398354,24,576,1,189.0,4860.0,127.89,0.0,0.0,0,0,GK,Goalkeeper,-0.3631365818732494,-0.4300832297939503,0.2278938727194213,0.8901410422174927,0.8900537557480462,-0.3887432632188414,-0.3887145651254728
404839,18000000.0,16.705882371415992,25,625,1,191.0,4170.0,109.74,38.0,0.0234,0,0,GK,Goalkeeper,-0.17751089896038744,-0.26381890989214457,0.27263967441569903,0.5612093466354275,0.561264680802895,0.2609060332398299,0.26016333934511116
561613,25000000.0,17.034386422832473,23,529,1,194.0,5310.0,139.74,0.0,0.0,0,0,GK,Goalkeeper,-0.5487622647861113,-0.5895612509242537,0.3397583769601156,1.1046617132492744,1.1047176972411614,-0.3887432632188414,-0.3887145651254728
290346,700000.0,13.45883704259595,28,784,0,193.0,2134.0,56.16,0.0,0.0,0,0,GK,Goalkeeper,0.37936614977819844,0.2756918424422863,0.31738547611197676,-0.409377511632811,-0.40934240655584847,-0.3887432632188414,-0.3887145651254728
812170,100000.0,11.51293546492023,23,529,1,197.0,360.0,9.47,36.0,0.0222,0,0,GK,Goalkeeper,-0.5487622647861113,-0.5895612509242537,0.4068770795045322,-1.2550656681003234,-1.2551364511392702,0.226713965005163,0.22688754937226072
421783,25000.0,10.12667110305036,25,625,1,186.0,90.0,2.37,0.0,0.0,0,0,GK,Goalkeeper,-0.17751089896038744,-0.26381890989214457,0.16077517017500473,-1.3837780707193923,-1.3837536650296596,-0.3887432632188414,-0.3887145651254728
395068,50000.0,10.819798284210286,27,729,1,192.0,1602.0,42.16,0.0,0.0,0,0,GK,Goalkeeper,0.19374046686533647,0.08906862622597374,0.2950125752638379,-0.6629886160526062,-0.6629538142270394,-0.3887432632188414,-0.3887145651254728
203770,150000.0,11.918397239722838,30,900,0,184.0,3681.0,96.87,71.0,0.0438,1,0,GK,Goalkeeper,0.7506175156039223,0.6692971711894182,0.116029368478727,0.3280968841142249,0.32812333675087896,0.8250751591118339,0.8258517688835689
717394,200000.0,12.206077645517674,20,400,0,189.0,2772.0,72.95,0.0,0.0,0,0,GK,Goalkeeper,-1.1056393135246971,-1.0272775216861505,0.2278938727194213,-0.10523487136997395,-0.10518986835589868,-0.3887432632188414,-0.3887145651254728
448169,3000000.0,14.914123179965662,24,576,1,194.0,8429.0,221.82,47.0,0.029,1,0,GK,Goalkeeper,-0.3631365818732494,-0.4300832297939503,0.3397583769601156,2.591528319800667,2.5916051502162576,0.414770340295831,0.41545035921841333
278917,150000.0,11.918397239722838,29,841,0,190.0,1710.0,45.0,0.0,0.0,0,0,GK,Goalkeeper,0.5649918326910603,0.4691013574301011,0.25026677356756016,-0.6115036550049786,-0.6115069286708834,-0.3887432632188414,-0.3887145651254728
462699,250000.0,12.429220196836383,23,529,1,193.0,1531.0,40.29,0.0,0.0,0,0,GK,Goalkeeper,-0.5487622647861113,-0.5895612509242537,0.31738547611197676,-0.6968352108153983,-0.6968290522516912,-0.3887432632188414,-0.3887145651254728
35803,75000.0,11.225256725762893,32,1024,0,191.0,7036.0,185.16,0.0,0.0,0,0,GK,Goalkeeper,1.1218688814296462,1.0900476950225593,0.27263967441569903,1.92746766480673,1.9275055641286964,-0.3887432632188414,-0.3887145651254728
539804,500000.0,13.122365377402328,21,441,1,186.0,6660.0,175.26,0.0,0.0,0,0,GK,Goalkeeper,-0.9200136306118352,-0.8881583968703538,0.16077517017500473,1.7482237263446192,1.7481660687040683,-0.3887432632188414,-0.3887145651254728
775832,250000.0,12.429220196836383,24,576,1,189.0,90.0,2.37,0.0,0.0,0,0,GK,Goalkeeper,-0.3631365818732494,-0.4300832297939503,0.2278938727194213,-1.3837780707193923,-1.3837536650296596,-0.3887432632188414,-0.3887145651254728
248930,125000.0,11.736077016252437,28,784,0,187.0,2100.0,55.26,31.0,0.0191,0,0,GK,Goalkeeper,0.37936614977819844,0.2756918424422863,0.18314807102314357,-0.42558574011076783,-0.4256459970489964,0.1412337944184957,0.14092509194239697
289060,300000.0,12.611541086966115,28,784,0,185.0,2878.0,75.74,0.0,0.0,0,1,GK,Goalkeeper,0.37936614977819844,0.2756918424422863,0.13840226932686586,-0.05470333552693206,-0.054648737827140054,-0.3887432632188414,-0.3887145651254728
91885,150000.0,11.918397239722838,36,1296,0,190.0,6330.0,166.58,0.0,0.0,0,1,GK,Goalkeeper,1.864371613081094,2.0129843279468687,0.25026677356756016,1.5909085675879793,1.5909269959479304,-0.3887432632188414,-0.3887145651254728
952943,700000.0,13.45883704259595,21,441,1,190.0,2424.0,63.79,0.0,0.0,0,0,GK,Goalkeeper,-0.9200136306118352,-0.8881583968703538,0.25026677356756016,-0.2711308569678851,-0.27112418937504934,-0.3887432632188414,-0.3887145651254728
366974,150000.0,11.918397239722838,27,729,1,199.0,1260.0,33.16,0.0,0.0,0,0,GK,Goalkeeper,0.19374046686533647,0.08906862622597374,0.4516228812008099,-0.8260243260367601,-0.8259897191585193,-0.3887432632188414,-0.3887145651254728
628380,100000.0,11.51293546492023,22,484,1,187.0,1350.0,35.53,34.0,0.021,0,0,GK,Goalkeeper,-0.7343879476989733,-0.742252973283055,0.18314807102314357,-0.7831201918304038,-0.7830569308598961,0.19252189677049608,0.19361175939941028
227037,50000.0,10.819798284210286,30,900,0,190.0,810.0,21.32,0.0,0.0,0,0,GK,Goalkeeper,0.7506175156039223,0.6692971711894182,0.25026677356756016,-1.0405449970685419,-1.040472509646155,-0.3887432632188414,-0.3887145651254728
294723,400000.0,12.899222326086994,27,729,1,195.0,1170.0,30.79,0.0,0.0,0,0,GK,Goalkeeper,0.19374046686533647,0.08906862622597374,0.3621312778082545,-0.8689284602431165,-0.8689225074571422,-0.3887432632188414,-0.3887145651254728
951660,100000.0,11.51293546492023,18,324,0,186.0,3465.0,91.18,0.0,0.0,0,0,GK,Goalkeeper,-1.476890679350421,-1.285156875003237,0.16077517017500473,0.22512696201896973,0.22504841463308786,-0.3887432632188414,-0.3887145651254728
375299,100000.0,11.51293546492023,25,625,1,188.0,3090.0,81.32,0.0,0.0,0,1,GK,Goalkeeper,-0.17751089896038744,-0.26381890989214457,0.20552097187128243,0.04635973615915172,0.04643352323037743,-0.3887432632188414,-0.3887145651254728
291383,200000.0,12.206077645517674,26,676,1,186.0,1884.0,49.58,63.0,0.0388,1,0,GK,Goalkeeper,0.008114783952474518,-0.09076829121883655,0.16077517017500473,-0.528555662206023,-0.5285397681613081,0.6883068861731663,0.6872026439966921
117481,100000.0,11.51293546492023,33,1089,0,189.0,210.0,5.53,0.0,0.0,0,0,GK,Goalkeeper,1.3074945643425082,1.3106024050963831,0.2278938727194213,-1.3265725584442505,-1.3265099472981623,-0.3887432632188414,-0.3887145651254728
623318,100000.0,11.51293546492023,23,529,1,192.0,3514.0,92.47,0.0,0.0,0,0,GK,Goalkeeper,-0.5487622647861113,-0.5895612509242537,0.2950125752638379,0.2484858795313193,0.24841689433993316,-0.3887432632188414,-0.3887145651254728
341485,500000.0,13.122365377402328,28,784,0,189.0,1864.0,49.05,0.0,0.0,0,0,GK,Goalkeeper,0.37936614977819844,0.2756918424422863,0.2278938727194213,-0.5380899142518799,-0.5381407714517176,-0.3887432632188414,-0.3887145651254728
284695,100000.0,11.51293546492023,29,841,0,180.0,1440.0,37.89,0.0,0.0,0,1,GK,Goalkeeper,0.5649918326910603,0.4691013574301011,0.02653776508617154,-0.7402160576240475,-0.7403052935667526,-0.3887432632188414,-0.3887145651254728
529315,200000.0,12.206077645517674,24,576,1,186.0,900.0,23.68,268.0,0.1652,1,0,GK,Goalkeeper,-0.3631365818732494,-0.4300832297939503,0.16077517017500473,-0.9976408628621855,-0.9977208723530113,4.192993880226524,4.192252521136941
66708,50000.0,10.819798284210286,35,1225,0,187.0,5422.0,142.68,18.0,0.0111,0,1,GK,Goalkeeper,1.6787459301682321,1.7720707215585378,0.18314807102314357,1.1580535247060733,1.1579760928521114,-0.0810146491068392,-0.08091350787660605
667640,100000.0,11.51293546492023,21,441,1,191.0,1620.0,42.63,0.0,0.0,0,0,GK,Goalkeeper,-0.9200136306118352,-0.8881583968703538,0.27263967441569903,-0.6544077892113349,-0.6544397169695064,-0.3887432632188414,-0.3887145651254728
178277,100000.0,11.51293546492023,32,1024,0,196.0,360.0,9.47,0.0,0.0,0,0,GK,Goalkeeper,1.1218688814296462,1.0900476950225593,0.38450417865639336,-1.2550656681003234,-1.2551364511392702,-0.3887432632188414,-0.3887145651254728
1056995,50000.0,10.819798284210286,18,324,0,195.0,2000.0,52.63,0.0,0.0,0,0,GK,Goalkeeper,-1.476890679350421,-1.285156875003237,0.3621312778082545,-0.47325700034005264,-0.47328871149008434,-0.3887432632188414,-0.3887145651254728
775709,2500000.0,14.731801689838349,22,484,1,191.0,3720.0,97.89,0.0,0.0,0,0,GK,Goalkeeper,-0.7343879476989733,-0.742252973283055,0.27263967441569903,0.34668867560364597,0.34660073930977997,-0.3887432632188414,-0.3887145651254728
404838,150000.0,11.918397239722838,25,625,1,191.0,2520.0,66.32,0.0,0.0,0,0,GK,Goalkeeper,-0.17751089896038744,-0.26381890989214457,0.27263967441569903,-0.22536644714777165,-0.2252929849887557,-0.3887432632188414,-0.3887145651254728
205757,300000.0,12.611541086966115,29,841,0,195.0,3135.0,82.5,263.0,0.1621,1,0,GK,Goalkeeper,0.5649918326910603,0.4691013574301011,0.3621312778082545,0.06781180326232988,0.06780934187694936,4.107513709639857,4.1062900637070765
129646,200000.0,12.206077645517674,32,1024,0,198.0,2430.0,63.95,26.0,0.016,0,0,GK,Goalkeeper,1.1218688814296462,1.0900476950225593,0.4292499803526711,-0.26827058135412796,-0.26822577328737857,0.05575362383182844,0.05496263451253333
688604,100000.0,11.51293546492023,19,361,0,185.0,2733.0,71.92,0.0,0.0,0,0,GK,Goalkeeper,-1.291264996437559,-1.159610347730445,0.13840226932686586,-0.12382666285939503,-0.12384842192027917,-0.3887432632188414,-0.3887145651254728
318707,1200000.0,13.997832948091215,27,729,1,201.0,6780.0,178.42,0.0,0.0,0,0,GK,Goalkeeper,0.19374046686533647,0.08906862622597374,0.49636868289708763,1.805429238619761,1.8054097864355658,-0.3887432632188414,-0.3887145651254728
618674,250000.0,12.429220196836383,21,441,1,195.0,3810.0,100.26,144.0,0.0888,1,0,GK,Goalkeeper,-0.9200136306118352,-0.8881583968703538,0.3621312778082545,0.38959280981000227,0.38953352760840304,2.073085649677176,2.0736938928654616
572163,100000.0,11.51293546492023,24,576,1,196.0,900.0,23.68,0.0,0.0,0,0,GK,Goalkeeper,-0.3631365818732494,-0.4300832297939503,0.38450417865639336,-0.9976408628621855,-0.9977208723530113,-0.3887432632188414,-0.3887145651254728
936008,600000.0,13.304686600863562,21,441,1,197.0,3509.0,92.34,0.0,0.0,0,0,GK,Goalkeeper,-0.9200136306118352,-0.8881583968703538,0.4068770795045322,0.24610231651985504,0.24606193126870074,-0.3887432632188414,-0.3887145651254728
751977,1500000.0,14.220976332738882,22,484,1,191.0,3099.0,81.55,0.0,0.0,0,0,GK,Goalkeeper,-0.7343879476989733,-0.742252973283055,0.27263967441569903,0.05065014957978735,0.05059999635640421,-0.3887432632188414,-0.3887145651254728
78868,200000.0,12.206077645517674,33,1089,0,197.0,5057.0,133.08,31.0,0.0191,0,0,GK,Goalkeeper,1.3074945643425082,1.3106024050963831,0.4068770795045322,0.9840534248691838,0.9840711275918664,0.1412337944184957,0.14092509194239697
58939,250000.0,12.429220196836383,33,1089,0,193.0,5076.0,133.58,0.0,0.0,0,1,GK,Goalkeeper,1.3074945643425082,1.3106024050963831,0.31738547611197676,0.9931109643127479,0.9931286778658376,-0.3887432632188414,-0.3887145651254728
583038,3500000.0,15.068273812173887,21,441,1,191.0,7545.0,198.55,10.0,0.0062,0,0,GK,Goalkeeper,-0.9200136306118352,-0.8881583968703538,0.27263967441569903,2.1701143793737896,2.1700667604656427,-0.21778292204550684,-0.21678965026574543
537841,600000.0,13.304686600863562,25,625,1,192.0,3720.0,97.89,0.0,0.0,0,1,GK,Goalkeeper,-0.17751089896038744,-0.26381890989214457,0.2950125752638379,0.34668867560364597,0.34660073930977997,-0.3887432632188414,-0.3887145651254728
880039,400000.0,12.899222326086994,23,529,1,192.0,4080.0,107.37,0.0,0.0,0,0,GK,Goalkeeper,-0.5487622647861113,-0.5895612509242537,0.2950125752638379,0.5183052124290712,0.5183318925042721,-0.3887432632188414,-0.3887145651254728
147029,150000.0,11.918397239722838,30,900,0,187.0,5441.0,143.18,49.0,0.0302,1,0,GK,Goalkeeper,0.7506175156039223,0.6692971711894182,0.18314807102314357,1.1671110641496374,1.1670336431260826,0.4489624085304979,0.4487261491912638
190190,400000.0,12.899222326086994,32,1024,0,190.0,4680.0,123.16,62.0,0.0382,1,0,GK,Goalkeeper,1.1218688814296462,1.0900476950225593,0.25026677356756016,0.8043327738047801,0.8043693301562794,0.6712108520558329,0.6705647490102667
895728,100000.0,11.51293546492023,19,361,0,185.0,3870.0,101.84,0.0,0.0,0,0,GK,Goalkeeper,-1.291264996437559,-1.159610347730445,0.13840226932686586,0.4181955659475732,0.41815538647415174,-0.3887432632188414,-0.3887145651254728
120966,100000.0,11.51293546492023,34,1156,0,187.0,360.0,9.47,0.0,0.0,0,0,GK,Goalkeeper,1.4931202472553702,1.5379434139417094,0.18314807102314357,-1.2550656681003234,-1.2551364511392702,-0.3887432632188414,-0.3887145651254728
449084,400000.0,12.899222326086994,26,676,1,187.0,2340.0,61.58,0.0,0.0,0,0,GK,Goalkeeper,0.008114783952474518,-0.09076829121883655,0.18314807102314357,-0.3111747155604843,-0.31115856158600164,-0.3887432632188414,-0.3887145651254728
574229,100000.0,11.51293546492023,24,576,1,196.0,4525.0,119.08,0.0,0.0,0,0,GK,Goalkeeper,-0.3631365818732494,-0.4300832297939503,0.38450417865639336,0.7304423204493886,0.7304597199206753,-0.3887432632188414,-0.3887145651254728
446383,50000.0,10.819798284210286,28,784,0,187.0,1571.0,41.34,196.0,0.1208,1,0,GK,Goalkeeper,0.37936614977819844,0.2756918424422863,0.18314807102314357,-0.6777667067236844,-0.6778081966763518,2.9620794237785155,2.9610482921414736
347884,25000.0,10.12667110305036,30,900,0,184.0,5347.0,140.71,0.0,0.0,0,0,GK,Goalkeeper,0.7506175156039223,0.6692971711894182,0.116029368478727,1.1223000795341098,1.1222893447726654,-0.3887432632188414,-0.3887145651254728
1163292,75000.0,11.225256725762893,19,361,0,192.0,1620.0,42.63,0.0,0.0,0,0,GK,Goalkeeper,-1.291264996437559,-1.159610347730445,0.2950125752638379,-0.6544077892113349,-0.6544397169695064,-0.3887432632188414,-0.3887145651254728
1040072,25000.0,10.12667110305036,19,361,0,0.0,945.0,24.87,0.0,0.0,0,0,GK,Goalkeeper,-1.291264996437559,-1.159610347730445,-4.000584387578824,-0.9761887957590073,-0.97616390270096,-0.3887432632188414,-0.3887145651254728
167189,100000.0,11.51293546492023,31,961,0,190.0,450.0,11.84,0.0,0.0,0,0,GK,Goalkeeper,0.9362431985167843,0.8762792837202377,0.25026677356756016,-1.212161533893967,-1.212203662840647,-0.3887432632188414,-0.3887145651254728
978659,100000.0,11.51293546492023,21,441,1,196.0,90.0,2.37,0.0,0.0,0,0,GK,Goalkeeper,-0.9200136306118352,-0.8881583968703538,0.38450417865639336,-1.3837780707193923,-1.3837536650296596,-0.3887432632188414,-0.3887145651254728
160593,10000.0,9.210440366976517,41,1681,0,184.0,3914.0,103.0,0.0,0.0,0,1,GK,Goalkeeper,2.7925000276454037,3.3193468414610567,0.116029368478727,0.4391709204484585,0.43916890310976464,-0.3887432632188414,-0.3887145651254728
169372,150000.0,11.918397239722838,31,961,0,188.0,3399.0,89.45,167.0,0.103,1,0,GK,Goalkeeper,0.9362431985167843,0.8762792837202377,0.20552097187128243,0.19366393026764175,0.19370929068514775,2.4662944343758455,2.4674574075441917
507392,150000.0,11.918397239722838,22,484,1,190.0,3720.0,97.89,0.0,0.0,0,0,GK,Goalkeeper,-0.7343879476989733,-0.742252973283055,0.25026677356756016,0.34668867560364597,0.34660073930977997,-0.3887432632188414,-0.3887145651254728
499319,100000.0,11.51293546492023,22,484,1,187.0,2520.0,66.32,6.0,0.0037,0,0,GK,Goalkeeper,-0.7343879476989733,-0.742252973283055,0.18314807102314357,-0.22536644714777165,-0.2252929849887557,-0.28616705851484064,-0.28611421270918386
500763,9000000.0,16.012735246411598,22,484,1,189.0,5728.0,150.74,0.0,0.0,0,0,GK,Goalkeeper,-0.7343879476989733,-0.742252973283055,0.2278938727194213,1.303927581007685,1.3039838032685258,-0.3887432632188414,-0.3887145651254728
496239,2500000.0,14.731801689838349,24,576,1,187.0,7110.0,187.11,0.0,0.0,0,0,GK,Goalkeeper,-0.3631365818732494,-0.4300832297939503,0.18314807102314357,1.9627443973764007,1.962830010197184,-0.3887432632188414,-0.3887145651254728
495917,100000.0,11.51293546492023,26,676,1,190.0,2970.0,78.16,0.0,0.0,0,0,GK,Goalkeeper,0.008114783952474518,-0.09076829121883655,0.25026677356756016,-0.010845776115990044,-0.010810194501119882,-0.3887432632188414,-0.3887145651254728
707530,200000.0,12.206077645517674,20,400,0,188.0,3129.0,82.34,0.0,0.0,0,0,GK,Goalkeeper,-1.1056393135246971,-1.0272775216861505,0.20552097187128243,0.06495152764857279,0.06491092578927866,-0.3887432632188414,-0.3887145651254728
352610,50000.0,10.819798284210286,27,729,1,191.0,5434.0,143.0,0.0,0.0,0,0,GK,Goalkeeper,0.19374046686533647,0.08906862622597374,0.27263967441569903,1.1637740759335875,1.1637729250274529,-0.3887432632188414,-0.3887145651254728
318507,2800000.0,14.845130332288226,27,729,1,193.0,6750.0,177.63,0.0,0.0,0,1,GK,Goalkeeper,0.19374046686533647,0.08906862622597374,0.31738547611197676,1.7911278605509755,1.7910988570026916,-0.3887432632188414,-0.3887145651254728
199453,100000.0,11.51293546492023,30,900,0,185.0,2011.0,52.92,226.0,0.1393,1,0,GK,Goalkeeper,0.7506175156039223,0.6692971711894182,0.13840226932686586,-0.4680131617148313,-0.4680353323311811,3.4749604472985194,3.474050054222918
147027,100000.0,11.51293546492023,30,900,0,188.0,1305.0,34.34,0.0,0.0,0,0,GK,Goalkeeper,0.7506175156039223,0.6692971711894182,0.20552097187128243,-0.804572258933582,-0.8046139005119473,-0.3887432632188414,-0.3887145651254728
925864,100000.0,11.51293546492023,19,361,0,196.0,1456.0,38.32,0.0,0.0,0,0,GK,Goalkeeper,-1.291264996437559,-1.159610347730445,0.38450417865639336,-0.732588655987362,-0.7325158003311374,-0.3887432632188414,-0.3887145651254728
927509,50000.0,10.819798284210286,19,361,0,191.0,2070.0,54.47,27.0,0.0166,0,0,GK,Goalkeeper,-1.291264996437559,-1.159610347730445,0.27263967441569903,-0.4398871181795533,-0.43995692648187074,0.0728496579491619,0.07160052949895855
196791,100000.0,11.51293546492023,28,784,0,197.0,360.0,9.47,24.0,0.0148,0,0,GK,Goalkeeper,0.37936614977819844,0.2756918424422863,0.4068770795045322,-1.2550656681003234,-1.2551364511392702,0.02156155559716153,0.02168684453968288
655629,100000.0,11.51293546492023,21,441,1,191.0,3129.0,82.34,15.0,0.0092,0,0,GK,Goalkeeper,-0.9200136306118352,-0.8881583968703538,0.27263967441569903,0.06495152764857279,0.06491092578927866,-0.13230275145883957,-0.1336001753336193
68410,400000.0,12.899222326086994,30,900,0,196.0,4980.0,131.05,0.0,0.0,0,0,GK,Goalkeeper,0.7506175156039223,0.6692971711894182,0.38450417865639336,0.9473465544926345,0.9472974734795437,-0.3887432632188414,-0.3887145651254728
68030,100000.0,11.51293546492023,34,1156,0,187.0,135.0,3.55,0.0,0.0,0,0,GK,Goalkeeper,1.4931202472553702,1.5379434139417094,0.18314807102314357,-1.3623260036162141,-1.362377846383088,-0.3887432632188414,-0.3887145651254728
135471,150000.0,11.918397239722838,23,529,1,194.0,1620.0,42.63,64.0,0.0395,1,0,GK,Goalkeeper,-0.5487622647861113,-0.5895612509242537,0.3397583769601156,-0.6544077892113349,-0.6544397169695064,0.7054029202904998,0.7066135214808549
691301,150000.0,11.918397239722838,25,625,1,191.0,4320.0,113.68,0.0,0.0,0,0,GK,Goalkeeper,-0.17751089896038744,-0.26381890989214457,0.27263967441569903,0.6327162369793548,0.6326381769617875,-0.3887432632188414,-0.3887145651254728
726033,700000.0,13.45883704259595,21,441,1,195.0,6068.0,159.68,58.0,0.0358,1,0,GK,Goalkeeper,-0.9200136306118352,-0.8881583968703538,0.3621312778082545,1.4660098657872531,1.4659328021671292,0.602826715586499,0.6040131690645658
80312,150000.0,11.918397239722838,31,961,0,187.0,2100.0,55.26,0.0,0.0,0,0,GK,Goalkeeper,0.9362431985167843,0.8762792837202377,0.18314807102314357,-0.42558574011076783,-0.4256459970489964,-0.3887432632188414,-0.3887145651254728
237664,300000.0,12.611541086966115,27,729,1,187.0,5790.0,152.37,0.0,0.0,0,0,GK,Goalkeeper,0.19374046686533647,0.08906862622597374,0.18314807102314357,1.3334837623498415,1.3335114171616715,-0.3887432632188414,-0.3887145651254728
332105,100000.0,11.51293546492023,33,1089,0,190.0,4170.0,109.74,0.0,0.0,0,0,GK,Goalkeeper,1.3074945643425082,1.3106024050963831,0.25026677356756016,0.5612093466354275,0.561264680802895,-0.3887432632188414,-0.3887145651254728
583036,150000.0,11.918397239722838,21,441,1,186.0,3225.0,84.87,0.0,0.0,0,0,GK,Goalkeeper,-0.9200136306118352,-0.8881583968703538,0.16077517017500473,0.1107159374686862,0.11074213017557248,-0.3887432632188414,-0.3887145651254728
709478,500000.0,13.122365377402328,22,484,1,193.0,2881.0,75.82,0.0,0.0,0,0,GK,Goalkeeper,-0.7343879476989733,-0.742252973283055,0.31738547611197676,-0.05327319772005352,-0.05319952978330471,-0.3887432632188414,-0.3887145651254728
623412,650000.0,13.384729180332174,24,576,1,190.0,1170.0,30.79,123.0,0.0758,1,0,GK,Goalkeeper,-0.3631365818732494,-0.4300832297939503,0.25026677356756016,-0.8689284602431165,-0.8689225074571422,1.7140689332131733,1.7132061681595814
170344,200000.0,12.206077645517674,31,961,0,192.0,4243.0,111.66,128.0,0.0789,1,1,GK,Goalkeeper,0.9362431985167843,0.8762792837202377,0.2950125752638379,0.5960093666028055,0.5960456738549441,1.7995491037998408,1.799168625589445
883347,100000.0,11.51293546492023,20,400,0,0.0,2809.0,73.92,0.0,0.0,0,0,GK,Goalkeeper,-1.1056393135246971,-1.0272775216861505,-4.000584387578824,-0.08759650508513858,-0.08761822082439476,-0.3887432632188414,-0.3887145651254728
166581,600000.0,13.304686600863562,31,961,0,188.0,4288.0,112.84,43.0,0.0265,1,0,GK,Goalkeeper,0.9362431985167843,0.8762792837202377,0.20552097187128243,0.6174614337059836,0.617421492501516,0.34638620382649715,0.3461257967749748
924466,100000.0,11.51293546492023,21,441,1,197.0,265.0,6.97,0.0,0.0,0,0,GK,Goalkeeper,-0.9200136306118352,-0.8881583968703538,0.4068770795045322,-1.300353365318144,-1.3004242025091257,-0.3887432632188414,-0.3887145651254728
911644,125000.0,11.736077016252437,21,441,1,199.0,2777.0,73.08,0.0,0.0,0,0,GK,Goalkeeper,-0.9200136306118352,-0.8881583968703538,0.4516228812008099,-0.10285130835850971,-0.10283490528466627,-0.3887432632188414,-0.3887145651254728
688605,100000.0,11.51293546492023,19,361,0,187.0,4737.0,124.66,0.0,0.0,0,0,GK,Goalkeeper,-1.291264996437559,-1.159610347730445,0.18314807102314357,0.8315053921354724,0.8315419809781928,-0.3887432632188414,-0.3887145651254728
203124,600000.0,13.304686600863562,30,900,0,192.0,4892.0,128.74,0.0,0.0,0,0,GK,Goalkeeper,0.7506175156039223,0.6692971711894182,0.2950125752638379,0.9053958454908638,0.9054515912137973,-0.3887432632188414,-0.3887145651254728
155406,25000.0,10.12667110305036,32,1024,0,182.0,5670.0,149.21,0.0,0.0,0,0,GK,Goalkeeper,1.1218688814296462,1.0900476950225593,0.07128356678244926,1.2762782500746996,1.2762676994301743,-0.3887432632188414,-0.3887145651254728
912834,200000.0,12.206077645517674,20,400,0,191.0,4770.0,125.53,0.0,0.0,0,0,GK,Goalkeeper,-1.1056393135246971,-1.0272775216861505,0.27263967441569903,0.8472369080111364,0.8473021184549026,-0.3887432632188414,-0.3887145651254728
507391,450000.0,13.017005083966255,22,484,1,197.0,6120.0,161.05,0.0,0.0,0,0,GK,Goalkeeper,-0.7343879476989733,-0.742252973283055,0.4068770795045322,1.4907989211064812,1.49075048991781,-0.3887432632188414,-0.3887145651254728
123147,100000.0,11.51293546492023,30,900,0,195.0,1260.0,33.16,15.0,0.0092,0,0,GK,Goalkeeper,0.7506175156039223,0.6692971711894182,0.3621312778082545,-0.8260243260367601,-0.8259897191585193,-0.13230275145883957,-0.1336001753336193
269421,25000.0,10.12667110305036,29,841,0,189.0,3775.0,99.34,329.0,0.2028,1,0,GK,Goalkeeper,0.5649918326910603,0.4691013574301011,0.2278938727194213,0.3729078687297526,0.3728676351042962,5.235851961383865,5.234893940286255
59238,100000.0,11.51293546492023,37,1369,0,194.0,6735.0,177.24,19.0,0.0117,0,0,GK,Goalkeeper,2.049997295993956,2.260684233106702,0.3397583769601156,1.7839771715165829,1.7840339677889943,-0.06391861498950574,-0.06427561289018081
375659,200000.0,12.206077645517674,30,900,0,187.0,2070.0,54.47,0.0,0.0,0,0,GK,Goalkeeper,0.7506175156039223,0.6692971711894182,0.18314807102314357,-0.4398871181795533,-0.43995692648187074,-0.3887432632188414,-0.3887145651254728
1160405,50000.0,10.819798284210286,20,400,0,197.0,1350.0,35.53,0.0,0.0,0,1,GK,Goalkeeper,-1.1056393135246971,-1.0272775216861505,0.4068770795045322,-0.7831201918304038,-0.7830569308598961,-0.3887432632188414,-0.3887145651254728
91410,100000.0,11.51293546492023,31,961,0,195.0,450.0,11.84,65.0,0.0401,1,0,GK,Goalkeeper,0.9362431985167843,0.8762792837202377,0.3621312778082545,-1.212161533893967,-1.212203662840647,0.7224989544078332,0.72325141646728
165435,100000.0,11.51293546492023,31,961,0,185.0,1290.0,33.95,22.0,0.0136,0,0,GK,Goalkeeper,0.9362431985167843,0.8762792837202377,0.13840226932686586,-0.8117229479679747,-0.8116787897256448,-0.012630512637505377,-0.01158894543316762
59082,100000.0,11.51293546492023,34,1156,0,187.0,840.0,22.11,8.0,0.0049,0,0,GK,Goalkeeper,1.4931202472553702,1.5379434139417094,0.18314807102314357,-1.0262436189997564,-1.0261615802132806,-0.2519749902801737,-0.25283842273633345
534398,200000.0,12.206077645517674,24,576,1,194.0,4080.0,107.37,0.0,0.0,0,0,GK,Goalkeeper,-0.3631365818732494,-0.4300832297939503,0.3397583769601156,0.5183052124290712,0.5183318925042721,-0.3887432632188414,-0.3887145651254728
507524,50000.0,10.819798284210286,22,484,1,186.0,2070.0,54.47,79.0,0.0487,1,0,GK,Goalkeeper,-0.7343879476989733,-0.742252973283055,0.16077517017500473,-0.4398871181795533,-0.43995692648187074,0.9618434320505016,0.9617279112727083
165532,300000.0,12.611541086966115,31,961,0,196.0,7680.0,202.11,0.0,0.0,0,0,GK,Goalkeeper,0.9362431985167843,0.8762792837202377,0.38450417865639336,2.234470580683324,2.234556518416317,-0.3887432632188414,-0.3887145651254728
455762,150000.0,11.918397239722838,24,576,1,193.0,978.0,25.74,0.0,0.0,0,0,GK,Goalkeeper,-0.3631365818732494,-0.4300832297939503,0.31738547611197676,-0.9604572798833433,-0.9604037652242504,-0.3887432632188414,-0.3887145651254728
707548,100000.0,11.51293546492023,21,441,1,198.0,4725.0,124.34,0.0,0.0,0,0,GK,Goalkeeper,-0.9200136306118352,-0.8881583968703538,0.4292499803526711,0.8257848409079582,0.8257451488028514,-0.3887432632188414,-0.3887145651254728
76592,50000.0,10.819798284210286,38,1444,0,181.0,720.0,18.95,0.0,0.0,0,0,GK,Goalkeeper,2.235622978906818,2.5151704370380368,0.048910665934310406,-1.0834491312748982,-1.083405297944778,-0.3887432632188414,-0.3887145651254728
254285,1200000.0,13.997832948091215,28,784,0,188.0,8040.0,211.58,0.0,0.0,0,0,GK,Goalkeeper,0.37936614977819844,0.2756918424422863,0.20552097187128243,2.4060871175087493,2.4061065206053303,-0.3887432632188414,-0.3887145651254728
597880,7000000.0,15.76142084987672,25,625,1,191.0,6801.0,178.97,16.0,0.0099,0,0,GK,Goalkeeper,-0.17751089896038744,-0.26381890989214457,0.27263967441569903,1.8154402032679107,1.8153730917369342,-0.1152067173415061,-0.11418929784945649
524021,50000.0,10.819798284210286,27,729,1,193.0,1800.0,47.37,0.0,0.0,0,0,GK,Goalkeeper,0.19374046686533647,0.08906862622597374,0.31738547611197676,-0.5685995207986222,-0.5685741403722604,-0.3887432632188414,-0.3887145651254728
541420,1400000.0,14.151983508870947,25,625,1,192.0,7035.0,185.13,0.0,0.0,0,0,GK,Goalkeeper,-0.17751089896038744,-0.26381890989214457,0.2950125752638379,1.9269909522044373,1.9269621111122581,-0.3887432632188414,-0.3887145651254728
1111147,100000.0,11.51293546492023,20,400,0,190.0,450.0,11.84,0.0,0.0,0,0,GK,Goalkeeper,-1.1056393135246971,-1.0272775216861505,0.25026677356756016,-1.212161533893967,-1.212203662840647,-0.3887432632188414,-0.3887145651254728
604817,200000.0,12.206077645517674,20,400,0,187.0,4140.0,108.95,26.0,0.016,0,1,GK,Goalkeeper,-1.1056393135246971,-1.0272775216861505,0.18314807102314357,0.5469079685666421,0.5469537513700208,0.05575362383182844,0.05496263451253333
606968,50000.0,10.819798284210286,21,441,1,183.0,180.0,4.74,0.0,0.0,0,0,GK,Goalkeeper,-0.9200136306118352,-0.8881583968703538,0.09365646763058813,-1.340873936513036,-1.3408208767310368,-0.3887432632188414,-0.3887145651254728
147558,1000000.0,13.815511557963774,30,900,0,196.0,5577.0,146.76,0.0,0.0,0,0,GK,Goalkeeper,0.7506175156039223,0.6692971711894182,0.38450417865639336,1.2319439780614647,1.2318857030877155,-0.3887432632188414,-0.3887145651254728
306609,50000.0,10.819798284210286,38,1444,0,182.0,6826.0,179.63,0.0,0.0,0,1,GK,Goalkeeper,2.235622978906818,2.5151704370380368,0.07128356678244926,1.827358018325232,1.827329058098576,-0.3887432632188414,-0.3887145651254728
603566,50000.0,10.819798284210286,20,400,0,190.0,270.0,7.11,100.0,0.0617,1,0,GK,Goalkeeper,-1.1056393135246971,-1.0272775216861505,0.25026677356756016,-1.2979698023066797,-1.2978880884324138,1.320860148514504,1.3222156359785882
305418,300000.0,12.611541086966115,28,784,0,188.0,2925.0,76.97,59.0,0.0364,1,0,GK,Goalkeeper,0.37936614977819844,0.2756918424422863,0.20552097187128243,-0.032297843219168204,-0.03236716415317107,0.6199227497038324,0.6206510640509911
633194,50000.0,10.819798284210286,21,441,1,184.0,450.0,11.84,0.0,0.0,0,1,GK,Goalkeeper,-0.9200136306118352,-0.8881583968703538,0.116029368478727,-1.212161533893967,-1.212203662840647,-0.3887432632188414,-0.3887145651254728
254968,100000.0,11.51293546492023,28,784,0,184.0,1620.0,42.63,63.0,0.0388,1,0,GK,Goalkeeper,0.37936614977819844,0.2756918424422863,0.116029368478727,-0.6544077892113349,-0.6544397169695064,0.6883068861731663,0.6872026439966921
372127,125000.0,11.736077016252437,24,576,1,188.0,244.0,6.42,0.0,0.0,0,0,GK,Goalkeeper,-0.3631365818732494,-0.4300832297939503,0.20552097187128243,-1.3103643299662937,-1.3103875078104938,-0.3887432632188414,-0.3887145651254728
541836,75000.0,11.225256725762893,22,484,1,193.0,180.0,4.74,150.0,0.0925,1,0,GK,Goalkeeper,-0.7343879476989733,-0.742252973283055,0.31738547611197676,-1.340873936513036,-1.3408208767310368,2.1756618543811768,2.17629424528175
397698,150000.0,11.918397239722838,25,625,1,196.0,3240.0,85.26,9.0,0.0055,0,0,GK,Goalkeeper,-0.17751089896038744,-0.26381890989214457,0.38450417865639336,0.11786662650307893,0.11780701938926995,-0.2348789561628403,-0.2362005277499082
685434,50000.0,10.819798284210286,21,441,1,0.0,1170.0,30.79,0.0,0.0,0,1,GK,Goalkeeper,-0.9200136306118352,-0.8881583968703538,-4.000584387578824,-0.8689284602431165,-0.8689225074571422,-0.3887432632188414,-0.3887145651254728
469821,50000.0,10.819798284210286,22,484,1,191.0,816.0,21.47,54.0,0.0333,1,0,GK,Goalkeeper,-0.7343879476989733,-0.742252973283055,0.27263967441569903,-1.0376847214547846,-1.0377552445639635,0.5344425791171652,0.5346886066211275
684116,200000.0,12.206077645517674,21,441,1,198.0,1800.0,47.37,64.0,0.0395,1,0,GK,Goalkeeper,-0.9200136306118352,-0.8881583968703538,0.4292499803526711,-0.5685995207986222,-0.5685741403722604,0.7054029202904998,0.7066135214808549
817521,175000.0,12.07254696717504,21,441,1,190.0,5040.0,132.63,0.0,0.0,0,0,GK,Goalkeeper,-0.9200136306118352,-0.8881583968703538,0.25026677356756016,0.9759493106302054,0.9759193323452922,-0.3887432632188414,-0.3887145651254728
197969,50000.0,10.819798284210286,28,784,0,186.0,731.0,19.24,71.0,0.0438,1,0,GK,Goalkeeper,0.37936614977819844,0.2756918424422863,0.16077517017500473,-1.0782052926496768,-1.0781519187858748,0.8250751591118339,0.8258517688835689
817013,75000.0,11.225256725762893,20,400,0,195.0,96.0,2.53,58.0,0.0358,1,0,GK,Goalkeeper,-1.1056393135246971,-1.0272775216861505,0.3621312778082545,-1.3809177951056353,-1.380855248941989,0.602826715586499,0.6040131690645658
446418,125000.0,11.736077016252437,24,576,1,192.0,3607.0,94.92,68.0,0.0419,1,0,GK,Goalkeeper,-0.3631365818732494,-0.4300832297939503,0.2950125752638379,0.29282015154455415,0.2927988906823916,0.7737870567598335,0.7731651014265557
211530,100000.0,11.51293546492023,26,676,1,192.0,1170.0,30.79,80.0,0.0493,1,0,GK,Goalkeeper,0.008114783952474518,-0.09076829121883655,0.2950125752638379,-0.8689284602431165,-0.8689225074571422,0.978939466167835,0.9783658062591336
572891,125000.0,11.736077016252437,21,441,1,190.0,810.0,21.32,0.0,0.0,0,0,GK,Goalkeeper,-0.9200136306118352,-0.8881583968703538,0.25026677356756016,-1.0405449970685419,-1.040472509646155,-0.3887432632188414,-0.3887145651254728
334127,125000.0,11.736077016252437,25,625,1,185.0,5587.0,147.03,12.0,0.0074,0,0,GK,Goalkeeper,-0.17751089896038744,-0.26381890989214457,0.13840226932686586,1.2367111040843932,1.23677678023566,-0.18359085381083992,-0.18351386029289496
716752,50000.0,10.819798284210286,20,400,0,189.0,529.0,13.92,0.0,0.0,0,0,GK,Goalkeeper,-1.1056393135246971,-1.0272775216861505,0.2278938727194213,-1.1745012383128322,-1.1745242537009273,-0.3887432632188414,-0.3887145651254728
553449,150000.0,11.918397239722838,22,484,1,191.0,1620.0,42.63,17.0,0.0105,0,0,GK,Goalkeeper,-0.7343879476989733,-0.742252973283055,0.27263967441569903,-0.6544077892113349,-0.6544397169695064,-0.09811068322417266,-0.09755140286303127
489343,100000.0,11.51293546492023,23,529,1,191.0,450.0,11.84,51.0,0.0314,1,0,GK,Goalkeeper,-0.5487622647861113,-0.5895612509242537,0.27263967441569903,-1.212161533893967,-1.212203662840647,0.4831544767651648,0.48200193916411416
192191,150000.0,11.918397239722838,29,841,0,190.0,1890.0,49.74,0.0,0.0,0,0,GK,Goalkeeper,0.5649918326910603,0.4691013574301011,0.25026677356756016,-0.5256953865922659,-0.5256413520736374,-0.3887432632188414,-0.3887145651254728
296346,175000.0,12.07254696717504,25,625,1,188.0,4166.0,109.63,119.0,0.0734,1,0,GK,Goalkeeper,-0.17751089896038744,-0.26381890989214457,0.20552097187128243,0.5593024962262562,0.5592720197426214,1.6456847967438397,1.6466545882138806
369258,250000.0,12.429220196836383,25,625,1,196.0,5130.0,135.0,38.0,0.0234,0,0,GK,Goalkeeper,-0.17751089896038744,-0.26381890989214457,0.38450417865639336,1.0188534448365616,1.0188521206439152,0.2609060332398299,0.26016333934511116
235403,75000.0,11.225256725762893,28,784,0,185.0,433.0,11.39,0.0,0.0,0,0,GK,Goalkeeper,0.37936614977819844,0.2756918424422863,0.13840226932686586,-1.2202656481329455,-1.2203554580872211,-0.3887432632188414,-0.3887145651254728
136601,175000.0,12.07254696717504,32,1024,0,191.0,5130.0,135.0,0.0,0.0,0,0,GK,Goalkeeper,1.1218688814296462,1.0900476950225593,0.27263967441569903,1.0188534448365616,1.0188521206439152,-0.3887432632188414,-0.3887145651254728
829831,500000.0,13.122365377402328,18,324,0,189.0,2804.0,73.79,0.0,0.0,0,0,GK,Goalkeeper,-1.476890679350421,-1.285156875003237,0.2278938727194213,-0.08998006809660282,-0.08997318389562715,-0.3887432632188414,-0.3887145651254728
264304,150000.0,11.918397239722838,27,729,1,191.0,4543.0,119.55,168.0,0.1036,1,0,GK,Goalkeeper,0.19374046686533647,0.08906862622597374,0.27263967441569903,0.7390231472906599,0.7389738171782081,2.483390468493179,2.484095302530617
741578,300000.0,12.611541086966115,19,361,0,196.0,3000.0,78.95,108.0,0.0666,1,0,GK,Goalkeeper,-1.291264996437559,-1.159610347730445,0.38450417865639336,0.0034556019527953977,0.0035007349317545747,1.4576284214531716,1.4580917783677279
453737,800000.0,13.592368256649284,23,529,1,191.0,4860.0,127.89,24.0,0.0148,0,0,GK,Goalkeeper,-0.5487622647861113,-0.5895612509242537,0.27263967441569903,0.8901410422174927,0.8900537557480462,0.02156155559716153,0.02168684453968288
384740,100000.0,11.51293546492023,24,576,1,192.0,2224.0,58.53,4.0,0.0025,0,0,GK,Goalkeeper,-0.3631365818732494,-0.4300832297939503,0.2950125752638379,-0.3664733774264547,-0.36640961825722534,-0.32035912674950756,-0.3193900026820343
120296,275000.0,12.524530013005734,31,961,0,192.0,4826.0,127.0,48.0,0.0296,1,0,GK,Goalkeeper,0.9362431985167843,0.8762792837202377,0.2950125752638379,0.8739328137395359,0.8739313162603776,0.43186637441316444,0.43208825420483854
284346,500000.0,13.122365377402328,26,676,1,192.0,6540.0,172.11,14.0,0.0086,0,0,GK,Goalkeeper,0.008114783952474518,-0.09076829121883655,0.2950125752638379,1.6910182140694774,1.691103501978051,-0.149398785576173,-0.15023807032004452
119034,175000.0,12.07254696717504,30,900,0,193.0,5280.0,138.95,190.0,0.1171,1,0,GK,Goalkeeper,0.7506175156039223,0.6692971711894182,0.31738547611197676,1.090360335180489,1.0904067678082867,2.859503219074515,2.8584479397251843
170517,175000.0,12.07254696717504,28,784,0,187.0,6120.0,161.05,0.0,0.0,0,0,GK,Goalkeeper,0.37936614977819844,0.2756918424422863,0.18314807102314357,1.4907989211064812,1.49075048991781,-0.3887432632188414,-0.3887145651254728
187203,50000.0,10.819798284210286,30,900,0,197.0,315.0,8.29,0.0,0.0,0,0,GK,Goalkeeper,0.7506175156039223,0.6692971711894182,0.4068770795045322,-1.2765177352035015,-1.2765122697858418,-0.3887432632188414,-0.3887145651254728
570552,25000.0,10.12667110305036,22,484,1,193.0,810.0,21.32,31.0,0.0191,0,0,GK,Goalkeeper,-0.7343879476989733,-0.742252973283055,0.31738547611197676,-1.0405449970685419,-1.040472509646155,0.1412337944184957,0.14092509194239697
39096,125000.0,11.736077016252437,36,1296,0,184.0,6945.0,182.76,0.0,0.0,0,0,GK,Goalkeeper,1.864371613081094,2.0129843279468687,0.116029368478727,1.8840868179980808,1.8840293228136349,-0.3887432632188414,-0.3887145651254728
597804,450000.0,13.017005083966255,24,576,1,192.0,8250.0,217.11,0.0,0.0,0,0,GK,Goalkeeper,-0.3631365818732494,-0.4300832297939503,0.2950125752638379,2.5061967639902476,2.50628302663545,-0.3887432632188414,-0.3887145651254728
1145455,300000.0,12.611541086966115,17,289,0,194.0,5202.0,136.89,0.0,0.0,0,0,GK,Goalkeeper,-1.662516362263283,-1.4039171035045268,0.3397583769601156,1.0531767522016466,1.0530896606795257,-0.3887432632188414,-0.3887145651254728
89649,200000.0,12.206077645517674,31,961,0,188.0,6570.0,172.89,0.0,0.0,0,0,GK,Goalkeeper,0.9362431985167843,0.8762792837202377,0.20552097187128243,1.705319592138263,1.7052332804054453,-0.3887432632188414,-0.3887145651254728
426685,500000.0,13.122365377402328,22,484,1,191.0,6220.0,163.68,8.0,0.0049,0,0,GK,Goalkeeper,-0.7343879476989733,-0.742252973283055,0.27263967441569903,1.538470181335766,1.538393204358898,-0.2519749902801737,-0.25283842273633345
574203,350000.0,12.765691290604371,21,441,1,190.0,5070.0,133.42,0.0,0.0,0,0,GK,Goalkeeper,-0.9200136306118352,-0.8881583968703538,0.25026677356756016,0.9902506886989908,0.9902302617781663,-0.3887432632188414,-0.3887145651254728
460384,50000.0,10.819798284210286,24,576,1,188.0,1980.0,52.11,223.0,0.1375,1,0,GK,Goalkeeper,-0.3631365818732494,-0.4300832297939503,0.20552097187128243,-0.4827912523859096,-0.48270856377501437,3.4236723449465187,3.4241363692636426
150080,125000.0,11.736077016252437,29,841,0,188.0,540.0,14.21,0.0,0.0,0,0,GK,Goalkeeper,0.5649918326910603,0.4691013574301011,0.20552097187128243,-1.1692573996876108,-1.1692708745420242,-0.3887432632188414,-0.3887145651254728
569288,100000.0,11.51293546492023,22,484,1,190.0,1340.0,35.26,0.0,0.0,0,0,GK,Goalkeeper,-0.7343879476989733,-0.742252973283055,0.25026677356756016,-0.7878873178533323,-0.7879480080078406,-0.3887432632188414,-0.3887145651254728
455922,500000.0,13.122365377402328,23,529,1,184.0,2632.0,69.26,110.0,0.0678,1,0,GK,Goalkeeper,-0.5487622647861113,-0.5895612509242537,0.116029368478727,-0.17197463569097268,-0.17203458937780539,1.4918204896878384,1.4913675683405783
601918,700000.0,13.45883704259595,21,441,1,191.0,5543.0,145.87,8.0,0.0049,0,0,GK,Goalkeeper,-0.9200136306118352,-0.8881583968703538,0.27263967441569903,1.215735749583508,1.215763263600047,-0.2519749902801737,-0.25283842273633345
604354,50000.0,10.819798284210286,21,441,1,191.0,2340.0,61.58,124.0,0.0764,1,0,GK,Goalkeeper,-0.9200136306118352,-0.8881583968703538,0.27263967441569903,-0.3111747155604843,-0.31115856158600164,1.731164967330507,1.7298440631460064
800946,2500000.0,14.731801689838349,19,361,0,192.0,4860.0,127.89,62.0,0.0382,1,1,GK,Goalkeeper,-1.291264996437559,-1.159610347730445,0.2950125752638379,0.8901410422174927,0.8900537557480462,0.6712108520558329,0.6705647490102667
217718,125000.0,11.736077016252437,27,729,1,186.0,1657.0,43.61,206.0,0.127,1,0,GK,Goalkeeper,0.19374046686533647,0.08906862622597374,0.16077517017500473,-0.6367694229264995,-0.6366869184325231,3.13303976495185,3.132973207001201
632147,200000.0,12.206077645517674,21,441,1,187.0,1890.0,49.74,163.0,0.1005,1,0,GK,Goalkeeper,-0.9200136306118352,-0.8881583968703538,0.18314807102314357,-0.5256953865922659,-0.5256413520736374,2.3979102979065114,2.3981328451007533
549490,100000.0,11.51293546492023,22,484,1,190.0,1493.0,39.29,0.0,0.0,0,1,GK,Goalkeeper,-0.7343879476989733,-0.742252973283055,0.25026677356756016,-0.7149502897025266,-0.7149441527996334,-0.3887432632188414,-0.3887145651254728
406889,350000.0,12.765691290604371,26,676,1,190.0,4410.0,116.05,0.0,0.0,0,0,GK,Goalkeeper,0.008114783952474518,-0.09076829121883655,0.25026677356756016,0.675620371185711,0.6755709652604104,-0.3887432632188414,-0.3887145651254728
347722,125000.0,11.736077016252437,25,625,1,194.0,3640.0,95.79,52.0,0.0321,1,0,GK,Goalkeeper,-0.17751089896038744,-0.26381890989214457,0.3397583769601156,0.3085516674202181,0.3085590281591014,0.5002505108824983,0.5014128166482769
809485,100000.0,11.51293546492023,21,441,1,0.0,2835.0,74.61,102.0,0.0629,1,0,GK,Goalkeeper,-0.9200136306118352,-0.8881583968703538,-4.000584387578824,-0.07520197742552452,-0.07511880144631466,1.355052216749171,1.3554914259514388
215761,100000.0,11.51293546492023,28,784,0,189.0,2077.0,54.66,22.0,0.0136,0,0,GK,Goalkeeper,0.37936614977819844,0.2756918424422863,0.2278938727194213,-0.43655012996350334,-0.43651505737776175,-0.012630512637505377,-0.01158894543316762
914998,100000.0,11.51293546492023,18,324,0,187.0,1522.0,40.05,0.0,0.0,0,1,GK,Goalkeeper,-1.476890679350421,-1.285156875003237,0.18314807102314357,-0.701125624236034,-0.7011766763831974,-0.3887432632188414,-0.3887145651254728
288650,350000.0,12.765691290604371,26,676,1,189.0,6510.0,171.32,26.0,0.016,0,0,GK,Goalkeeper,0.008114783952474518,-0.09076829121883655,0.2278938727194213,1.6767168360006919,1.6767925725451762,0.05575362383182844,0.05496263451253333
548861,125000.0,11.736077016252437,21,441,1,190.0,3717.0,97.82,8.0,0.0049,0,1,GK,Goalkeeper,-0.9200136306118352,-0.8881583968703538,0.25026677356756016,0.3452585377967674,0.3453326822714239,-0.2519749902801737,-0.25283842273633345
40520,100000.0,11.51293546492023,34,1156,0,185.0,4606.0,121.21,0.0,0.0,0,0,GK,Goalkeeper,1.4931202472553702,1.5379434139417094,0.13840226932686586,0.7690560412351093,0.7690448840877921,-0.3887432632188414,-0.3887145651254728
278329,300000.0,12.611541086966115,27,729,1,189.0,5130.0,135.0,46.0,0.0284,1,0,GK,Goalkeeper,0.19374046686533647,0.08906862622597374,0.2278938727194213,1.0188534448365616,1.0188521206439152,0.3976743061784975,0.39881246423198813
1105999,350000.0,12.765691290604371,19,361,0,190.0,3870.0,101.84,0.0,0.0,0,0,GK,Goalkeeper,-1.291264996437559,-1.159610347730445,0.25026677356756016,0.4181955659475732,0.41815538647415174,-0.3887432632188414,-0.3887145651254728
78872,75000.0,11.225256725762893,35,1225,0,188.0,810.0,21.32,0.0,0.0,0,0,GK,Goalkeeper,1.6787459301682321,1.7720707215585378,0.20552097187128243,-1.0405449970685419,-1.040472509646155,-0.3887432632188414,-0.3887145651254728
148096,350000.0,12.765691290604371,30,900,0,197.0,6896.0,181.47,6.0,0.0037,0,0,GK,Goalkeeper,0.7506175156039223,0.6692971711894182,0.4068770795045322,1.8607279004857313,1.8606608431067897,-0.28616705851484064,-0.28611421270918386
453303,75000.0,11.225256725762893,24,576,1,190.0,6697.0,176.24,0.0,0.0,0,0,GK,Goalkeeper,-0.3631365818732494,-0.4300832297939503,0.25026677356756016,1.7658620926294546,1.7659188672410522,-0.3887432632188414,-0.3887145651254728
586229,100000.0,11.51293546492023,21,441,1,193.0,2160.0,56.84,88.0,0.0543,1,0,GK,Goalkeeper,-0.9200136306118352,-0.8881583968703538,0.31738547611197676,-0.3969829839731969,-0.3970241381832476,1.1157077391065024,1.1170149311460107
662359,50000.0,10.819798284210286,20,400,0,186.0,20.0,0.53,0.0,0.0,0,0,GK,Goalkeeper,-1.1056393135246971,-1.0272775216861505,0.16077517017500473,-1.4171479528798918,-1.4170854500378733,-0.3887432632188414,-0.3887145651254728
528208,50000.0,10.819798284210286,23,529,1,190.0,90.0,2.37,0.0,0.0,0,0,GK,Goalkeeper,-0.5487622647861113,-0.5895612509242537,0.25026677356756016,-1.3837780707193923,-1.3837536650296596,-0.3887432632188414,-0.3887145651254728
363514,100000.0,11.51293546492023,24,576,1,188.0,495.0,13.03,0.0,0.0,0,1,GK,Goalkeeper,-0.3631365818732494,-0.4300832297939503,0.20552097187128243,-1.190709466790789,-1.1906466931885957,-0.3887432632188414,-0.3887145651254728
242580,500000.0,13.122365377402328,31,961,0,185.0,2070.0,54.47,0.0,0.0,0,0,GK,Goalkeeper,0.9362431985167843,0.8762792837202377,0.13840226932686586,-0.4398871181795533,-0.43995692648187074,-0.3887432632188414,-0.3887145651254728
137326,1700000.0,14.346139397261565,31,961,0,187.0,2100.0,55.26,32.0,0.0197,0,1,GK,Goalkeeper,0.9362431985167843,0.8762792837202377,0.18314807102314357,-0.42558574011076783,-0.4256459970489964,0.15832982853582916,0.1575629869288222
502261,200000.0,12.206077645517674,23,529,1,183.0,1370.0,36.05,0.0,0.0,0,0,GK,Goalkeeper,-0.5487622647861113,-0.5895612509242537,0.09365646763058813,-0.7735859397845469,-0.7736370785749662,-0.3887432632188414,-0.3887145651254728
154351,1500000.0,14.220976332738882,32,1024,0,186.0,6054.0,159.32,10.0,0.0062,0,0,GK,Goalkeeper,1.1218688814296462,1.0900476950225593,0.16077517017500473,1.4593358893551533,1.4594113659698698,-0.21778292204550684,-0.21678965026574543
1105547,500000.0,13.122365377402328,16,256,0,197.0,1800.0,47.37,0.0,0.0,0,0,GK,Goalkeeper,-1.848142045176145,-1.5158910332343143,0.4068770795045322,-0.5685995207986222,-0.5685741403722604,-0.3887432632188414,-0.3887145651254728
937107,150000.0,11.918397239722838,18,324,0,190.0,1800.0,47.37,0.0,0.0,0,0,GK,Goalkeeper,-1.476890679350421,-1.285156875003237,0.25026677356756016,-0.5685995207986222,-0.5685741403722604,-0.3887432632188414,-0.3887145651254728
104543,300000.0,12.611541086966115,32,1024,0,196.0,2930.0,77.11,169.0,0.1042,1,0,GK,Goalkeeper,1.1218688814296462,1.0900476950225593,0.38450417865639336,-0.029914280207703963,-0.02983105007645915,2.5004865026105123,2.500733197517042
707804,100000.0,11.51293546492023,22,484,1,187.0,3780.0,99.47,0.0,0.0,0,0,GK,Goalkeeper,-0.7343879476989733,-0.742252973283055,0.18314807102314357,0.3752914317412169,0.3752225981755286,-0.3887432632188414,-0.3887145651254728
685106,400000.0,12.899222326086994,27,729,1,187.0,4140.0,108.95,0.0,0.0,0,0,GK,Goalkeeper,0.19374046686533647,0.08906862622597374,0.18314807102314357,0.5469079685666421,0.5469537513700208,-0.3887432632188414,-0.3887145651254728
155604,50000.0,10.819798284210286,33,1089,0,192.0,1440.0,37.89,0.0,0.0,0,0,GK,Goalkeeper,1.3074945643425082,1.3106024050963831,0.2950125752638379,-0.7402160576240475,-0.7403052935667526,-0.3887432632188414,-0.3887145651254728
64246,200000.0,12.206077645517674,34,1156,0,188.0,600.0,15.79,72.0,0.0444,1,0,GK,Goalkeeper,1.4931202472553702,1.5379434139417094,0.20552097187128243,-1.1406546435500398,-1.1406490156762754,0.8421711932291673,0.8424896638699942
357780,400000.0,12.899222326086994,25,625,1,188.0,3965.0,104.34,0.0,0.0,0,0,GK,Goalkeeper,-0.17751089896038744,-0.26381890989214457,0.20552097187128243,0.46348326316539373,0.46344313784400726,-0.3887432632188414,-0.3887145651254728
993333,50000.0,10.819798284210286,21,441,1,189.0,4230.0,111.32,0.0,0.0,0,0,GK,Goalkeeper,-0.9200136306118352,-0.8881583968703538,0.2278938727194213,0.5898121027729984,0.5898865396686437,-0.3887432632188414,-0.3887145651254728
42717,150000.0,11.918397239722838,34,1156,0,190.0,1110.0,29.21,0.0,0.0,0,1,GK,Goalkeeper,1.4931202472553702,1.5379434139417094,0.25026677356756016,-0.8975312163806873,-0.8975443663228909,-0.3887432632188414,-0.3887145651254728
463601,250000.0,12.429220196836383,23,529,1,184.0,480.0,12.63,0.0,0.0,0,0,GK,Goalkeeper,-0.5487622647861113,-0.5895612509242537,0.116029368478727,-1.1978601558251816,-1.1978927334077727,-0.3887432632188414,-0.3887145651254728
592924,1500000.0,14.220976332738882,22,484,1,195.0,3360.0,88.42,37.0,0.0228,0,0,GK,Goalkeeper,-0.7343879476989733,-0.742252973283055,0.3621312778082545,0.1750721387782207,0.17505073712076727,0.24380999912249646,0.24352544435868595
79294,200000.0,12.206077645517674,35,1225,0,190.0,3240.0,85.26,0.0,0.0,0,0,GK,Goalkeeper,1.6787459301682321,1.7720707215585378,0.25026677356756016,0.11786662650307893,0.11780701938926995,-0.3887432632188414,-0.3887145651254728
140808,2500000.0,14.731801689838349,30,900,0,187.0,6632.0,174.53,130.0,0.0801,1,0,GK,Goalkeeper,0.7506175156039223,0.6692971711894182,0.18314807102314357,1.7348757734804194,1.7349420453040707,1.8337411720345076,1.8324444155622956
743375,150000.0,11.918397239722838,19,361,0,186.0,1620.0,42.63,0.0,0.0,0,0,GK,Goalkeeper,-1.291264996437559,-1.159610347730445,0.16077517017500473,-0.6544077892113349,-0.6544397169695064,-0.3887432632188414,-0.3887145651254728
706859,150000.0,11.918397239722838,22,484,1,193.0,1170.0,30.79,0.0,0.0,0,0,GK,Goalkeeper,-0.7343879476989733,-0.742252973283055,0.31738547611197676,-0.8689284602431165,-0.8689225074571422,-0.3887432632188414,-0.3887145651254728
680218,4000000.0,15.201805169084134,19,361,0,189.0,5235.0,137.76,36.0,0.0222,0,0,GK,Goalkeeper,-1.291264996437559,-1.159610347730445,0.2278938727194213,1.0689082680773108,1.0688497981562357,0.226713965005163,0.22688754937226072
580434,4000000.0,15.201805169084134,22,484,1,189.0,6040.0,158.95,6.0,0.0037,0,1,GK,Goalkeeper,-0.7343879476989733,-0.742252973283055,0.2278938727194213,1.4526619129230534,1.452708778767131,-0.28616705851484064,-0.28611421270918386
50219,1200000.0,13.997832948091215,36,1296,0,193.0,8750.0,230.26,65.0,0.0401,1,0,GK,Goalkeeper,1.864371613081094,2.0129843279468687,0.31738547611197676,2.7445530651366714,2.7444965988408896,0.7224989544078332,0.72325141646728
374055,1000000.0,13.815511557963774,28,784,0,195.0,4050.0,106.58,33.0,0.0203,0,1,GK,Goalkeeper,0.37936614977819844,0.2756918424422863,0.3621312778082545,0.5040038343602858,0.5040209630713977,0.17542586265316262,0.17420088191524744
477460,2500000.0,14.731801689838349,28,784,0,190.0,5528.0,145.47,117.0,0.0721,1,0,GK,Goalkeeper,0.37936614977819844,0.2756918424422863,0.25026677356756016,1.2085850605491153,1.20851722338087,1.6114927285091727,1.6106058157432923
168166,250000.0,12.429220196836383,29,841,0,191.0,2372.0,62.42,128.0,0.0789,1,0,GK,Goalkeeper,0.5649918326910603,0.4691013574301011,0.27263967441569903,-0.2959199122871132,-0.29594187712573017,1.7995491037998408,1.799168625589445
926602,50000.0,10.819798284210286,20,400,0,185.0,3510.0,92.37,0.0,0.0,0,0,GK,Goalkeeper,-1.1056393135246971,-1.0272775216861505,0.13840226932686586,0.24657902912214788,0.24660538428513903,-0.3887432632188414,-0.3887145651254728
427341,200000.0,12.206077645517674,27,729,1,193.0,2369.0,62.34,19.0,0.0117,0,1,GK,Goalkeeper,0.19374046686533647,0.08906862622597374,0.31738547611197676,-0.2973500500939917,-0.29739108516956547,-0.06391861498950574,-0.06427561289018081
421223,225000.0,12.323860125621126,30,900,0,187.0,7512.0,197.68,38.0,0.0234,0,0,GK,Goalkeeper,0.7506175156039223,0.6692971711894182,0.18314807102314357,2.1543828634981255,2.154306622988933,0.2609060332398299,0.26016333934511116
387990,400000.0,12.899222326086994,32,1024,0,190.0,4170.0,109.74,54.0,0.0333,1,0,GK,Goalkeeper,1.1218688814296462,1.0900476950225593,0.25026677356756016,0.5612093466354275,0.561264680802895,0.5344425791171652,0.5346886066211275
1063262,50000.0,10.819798284210286,19,361,0,190.0,2610.0,68.68,10.0,0.0062,0,0,GK,Goalkeeper,-1.291264996437559,-1.159610347730445,0.25026677356756016,-0.18246231294141532,-0.18254134769561184,-0.21778292204550684,-0.21678965026574543
802986,400000.0,12.899222326086994,19,361,0,190.0,1800.0,47.37,0.0,0.0,0,1,GK,Goalkeeper,-1.291264996437559,-1.159610347730445,0.25026677356756016,-0.5685995207986222,-0.5685741403722604,-0.3887432632188414,-0.3887145651254728
559320,200000.0,12.206077645517674,21,441,1,188.0,1577.0,41.5,0.0,0.0,0,0,GK,Goalkeeper,-0.9200136306118352,-0.8881583968703538,0.20552097187128243,-0.6749064311099273,-0.6749097805886811,-0.3887432632188414,-0.3887145651254728
559161,150000.0,11.918397239722838,21,441,1,185.0,2225.0,58.55,0.0,0.0,0,0,GK,Goalkeeper,-0.9200136306118352,-0.8881583968703538,0.13840226932686586,-0.3659966648241618,-0.3660473162462666,-0.3887432632188414,-0.3887145651254728
283580,250000.0,12.429220196836383,29,841,0,186.0,787.0,20.71,11.0,0.0068,0,0,GK,Goalkeeper,0.5649918326910603,0.4691013574301011,0.16077517017500473,-1.0515093869212773,-1.0515227209803997,-0.20068688792817338,-0.20015175527932022
409533,600000.0,13.304686600863562,23,529,1,194.0,4036.0,106.21,12.0,0.0074,0,1,GK,Goalkeeper,-0.5487622647861113,-0.5895612509242537,0.3397583769601156,0.49732985792818596,0.497318375868659,-0.18359085381083992,-0.18351386029289496
1123651,50000.0,10.819798284210286,17,289,0,0.0,2079.0,54.71,0.0,0.0,0,0,GK,Goalkeeper,-1.662516362263283,-1.4039171035045268,-4.000584387578824,-0.43559670475891765,-0.4356093023503646,-0.3887432632188414,-0.3887145651254728
565429,300000.0,12.611541086966115,21,441,1,191.0,630.0,16.58,4.0,0.0025,0,0,GK,Goalkeeper,-0.9200136306118352,-0.8881583968703538,0.27263967441569903,-1.1263532654812545,-1.126338086243401,-0.32035912674950756,-0.3193900026820343
409490,1200000.0,13.997832948091215,23,529,1,189.0,2960.0,77.89,0.0,0.0,0,0,GK,Goalkeeper,-0.5487622647861113,-0.5895612509242537,0.2278938727194213,-0.015612902138918524,-0.015701271649064208,-0.3887432632188414,-0.3887145651254728
256567,2000000.0,14.508658238524095,32,1024,0,191.0,7839.0,206.29,9.0,0.0055,0,0,GK,Goalkeeper,1.1218688814296462,1.0900476950225593,0.27263967441569903,2.310267884447887,2.310277638706715,-0.2348789561628403,-0.2362005277499082
343953,700000.0,13.45883704259595,26,676,1,191.0,1713.0,45.08,86.0,0.053,1,0,GK,Goalkeeper,0.008114783952474518,-0.09076829121883655,0.27263967441569903,-0.6100735171981,-0.6100577206270481,1.0815156708718356,1.0809661586754225
903223,1500000.0,14.220976332738882,20,400,0,185.0,3535.0,93.03,0.0,0.0,0,0,GK,Goalkeeper,-1.1056393135246971,-1.0272775216861505,0.13840226932686586,0.2584968441794691,0.2585613506467808,-0.3887432632188414,-0.3887145651254728
886364,50000.0,10.819798284210286,19,361,0,180.0,2452.0,64.53,0.0,0.0,0,1,GK,Goalkeeper,-1.291264996437559,-1.159610347730445,0.02653776508617154,-0.2577829041036853,-0.2577190149695721,-0.3887432632188414,-0.3887145651254728
124628,150000.0,11.918397239722838,35,1225,0,188.0,1260.0,33.16,5.0,0.0031,0,0,GK,Goalkeeper,1.6787459301682321,1.7720707215585378,0.20552097187128243,-0.8260243260367601,-0.8259897191585193,-0.3032630926321741,-0.3027521076956091
288259,800000.0,13.592368256649284,28,784,0,196.0,5157.0,135.71,85.0,0.0524,1,0,GK,Goalkeeper,0.37936614977819844,0.2756918424422863,0.38450417865639336,1.0317246850984685,1.0317138420329544,1.0644196367545022,1.0643282636889975
537566,400000.0,12.899222326086994,25,625,1,197.0,2190.0,57.63,0.0,0.0,0,0,GK,Goalkeeper,-0.17751089896038744,-0.26381890989214457,0.4068770795045322,-0.3826816059044115,-0.3827132087503733,-0.3887432632188414,-0.3887145651254728
450218,1500000.0,14.220976332738882,27,729,1,190.0,5430.0,142.89,60.0,0.037,1,1,GK,Goalkeeper,0.19374046686533647,0.08906862622597374,0.25026677356756016,1.161867225524416,1.161780263967179,0.637018783821166,0.6372889590374163
78570,1800000.0,14.403297778421795,34,1156,0,186.0,9820.0,258.42,13.0,0.008,0,1,GK,Goalkeeper,1.4931202472553702,1.5379434139417094,0.16077517017500473,3.2546355495900188,3.2546178302709428,-0.16649481969350646,-0.16687596530646973
394903,400000.0,12.899222326086994,27,729,1,187.0,1440.0,37.89,32.0,0.0197,0,0,GK,Goalkeeper,0.19374046686533647,0.08906862622597374,0.18314807102314357,-0.7402160576240475,-0.7403052935667526,0.15832982853582916,0.1575629869288222
1020704,100000.0,11.51293546492023,20,400,0,192.0,2520.0,66.32,0.0,0.0,0,0,GK,Goalkeeper,-1.1056393135246971,-1.0272775216861505,0.2950125752638379,-0.22536644714777165,-0.2252929849887557,-0.3887432632188414,-0.3887145651254728
429563,1000000.0,13.815511557963774,24,576,1,190.0,923.0,24.29,301.0,0.1856,1,0,GK,Goalkeeper,-0.3631365818732494,-0.4300832297939503,0.25026677356756016,-0.9866764730094499,-0.9866706610187665,4.757163006098528,4.757940950675398
981532,300000.0,12.611541086966115,17,289,0,0.0,1080.0,28.42,0.0,0.0,0,0,GK,Goalkeeper,-1.662516362263283,-1.4039171035045268,-4.000584387578824,-0.9118325944494728,-0.9118552957557652,-0.3887432632188414,-0.3887145651254728
250543,1200000.0,13.997832948091215,27,729,1,187.0,2230.0,58.68,4.0,0.0025,0,0,GK,Goalkeeper,0.19374046686533647,0.08906862622597374,0.18314807102314357,-0.36361310181269757,-0.363692353175034,-0.32035912674950756,-0.3193900026820343
654375,50000.0,10.819798284210286,20,400,0,190.0,1530.0,40.26,0.0,0.0,0,0,GK,Goalkeeper,-1.1056393135246971,-1.0272775216861505,0.25026677356756016,-0.6973119234176912,-0.6973725052681295,-0.3887432632188414,-0.3887145651254728
911985,1200000.0,13.997832948091215,22,484,1,186.0,3578.0,94.16,38.0,0.0234,0,0,GK,Goalkeeper,-0.7343879476989733,-0.742252973283055,0.16077517017500473,0.27899548607806157,0.27903141426595546,0.2609060332398299,0.26016333934511116
501737,3000000.0,14.914123179965662,23,529,1,193.0,4357.0,114.66,0.0,0.0,0,0,GK,Goalkeeper,-0.5487622647861113,-0.5895612509242537,0.31738547611197676,0.6503546032641901,0.6503909754987707,-0.3887432632188414,-0.3887145651254728
476274,200000.0,12.206077645517674,26,676,1,190.0,5310.0,139.74,42.0,0.0259,1,0,GK,Goalkeeper,0.008114783952474518,-0.09076829121883655,0.25026677356756016,1.1046617132492744,1.1047176972411614,0.3292901697091637,0.3294879017885496
503883,9000000.0,16.012735246411598,22,484,1,193.0,5580.0,146.84,12.0,0.0074,0,0,GK,Goalkeeper,-0.7343879476989733,-0.742252973283055,0.31738547611197676,1.2333741158683433,1.233334911131551,-0.18359085381083992,-0.18351386029289496
834397,12000000.0,16.300417291085605,19,361,0,200.0,5430.0,142.89,6.0,0.0037,0,1,GK,Goalkeeper,-1.291264996437559,-1.159610347730445,0.47399578204894877,1.161867225524416,1.161780263967179,-0.28616705851484064,-0.28611421270918386
220999,375000.0,12.834683971615659,29,841,0,185.0,1920.0,50.53,0.0,0.0,0,0,GK,Goalkeeper,0.5649918326910603,0.4691013574301011,0.13840226932686586,-0.5113940085234805,-0.511330422640763,-0.3887432632188414,-0.3887145651254728
188930,300000.0,12.611541086966115,31,961,0,196.0,1530.0,40.26,0.0,0.0,0,0,GK,Goalkeeper,0.9362431985167843,0.8762792837202377,0.38450417865639336,-0.6973119234176912,-0.6973725052681295,-0.3887432632188414,-0.3887145651254728
206844,250000.0,12.429220196836383,30,900,0,187.0,90.0,2.37,242.0,0.1492,1,0,GK,Goalkeeper,0.7506175156039223,0.6692971711894182,0.18314807102314357,-1.3837780707193923,-1.3837536650296596,3.7484969931758547,3.748575321498934
112008,150000.0,11.918397239722838,35,1225,0,193.0,1938.0,51.0,127.0,0.0783,1,0,GK,Goalkeeper,1.6787459301682321,1.7720707215585378,0.31738547611197676,-0.5028131816822092,-0.5028163253832302,1.7824530696825072,1.7825307306030196
42891,50000.0,10.819798284210286,39,1521,0,191.0,251.0,6.61,0.0,0.0,0,0,GK,Goalkeeper,2.42124866181968,2.7764429397408747,0.27263967441569903,-1.3070273417502438,-1.3069456387063847,-0.3887432632188414,-0.3887145651254728
96382,125000.0,11.736077016252437,36,1296,0,191.0,4410.0,116.05,137.0,0.0845,1,0,GK,Goalkeeper,1.864371613081094,2.0129843279468687,0.27263967441569903,0.675620371185711,0.6755709652604104,1.9534134108558419,1.9544556454627473
435494,100000.0,11.51293546492023,27,729,1,196.0,1980.0,52.11,0.0,0.0,0,0,GK,Goalkeeper,0.19374046686533647,0.08906862622597374,0.38450417865639336,-0.4827912523859096,-0.48270856377501437,-0.3887432632188414,-0.3887145651254728
48870,200000.0,12.206077645517674,35,1225,0,195.0,4497.0,118.34,36.0,0.0222,0,0,GK,Goalkeeper,1.6787459301682321,1.7720707215585378,0.3621312778082545,0.7170943675851889,0.7170545455151982,0.226713965005163,0.22688754937226072
464983,300000.0,12.611541086966115,27,729,1,191.0,2920.0,76.84,0.0,0.0,0,0,GK,Goalkeeper,0.19374046686533647,0.08906862622597374,0.27263967441569903,-0.03468140623063244,-0.03472212722440347,-0.3887432632188414,-0.3887145651254728
156521,200000.0,12.206077645517674,30,900,0,194.0,2340.0,61.58,0.0,0.0,0,0,GK,Goalkeeper,0.7506175156039223,0.6692971711894182,0.3397583769601156,-0.3111747155604843,-0.31115856158600164,-0.3887432632188414,-0.3887145651254728
457979,1500000.0,14.220976332738882,24,576,1,195.0,4260.0,112.11,256.0,0.1578,1,0,GK,Goalkeeper,-0.3631365818732494,-0.4300832297939503,0.3621312778082545,0.604113480841784,0.6041974691015182,3.987841470818523,3.987051816304362
223972,2500000.0,14.731801689838349,27,729,1,183.0,6120.0,161.05,0.0,0.0,0,1,GK,Goalkeeper,0.19374046686533647,0.08906862622597374,0.09365646763058813,1.4907989211064812,1.49075048991781,-0.3887432632188414,-0.3887145651254728
291254,800000.0,13.592368256649284,28,784,0,194.0,3360.0,88.42,169.0,0.1042,1,0,GK,Goalkeeper,0.37936614977819844,0.2756918424422863,0.3397583769601156,0.1750721387782207,0.17505073712076727,2.5004865026105123,2.500733197517042
461484,150000.0,11.918397239722838,27,729,1,190.0,1305.0,34.34,43.0,0.0265,1,0,GK,Goalkeeper,0.19374046686533647,0.08906862622597374,0.25026677356756016,-0.804572258933582,-0.8046139005119473,0.34638620382649715,0.3461257967749748
23523,25000.0,10.12667110305036,41,1681,0,190.0,1350.0,35.53,6.0,0.0037,0,0,GK,Goalkeeper,2.7925000276454037,3.3193468414610567,0.25026677356756016,-0.7831201918304038,-0.7830569308598961,-0.28616705851484064,-0.28611421270918386
581660,600000.0,13.304686600863562,23,529,1,192.0,3747.0,98.61,302.0,0.1862,1,0,GK,Goalkeeper,-0.5487622647861113,-0.5895612509242537,0.2950125752638379,0.35955991586555286,0.3596436117042983,4.774259040215862,4.774578845661823
242750,300000.0,12.611541086966115,29,841,0,190.0,3655.0,96.18,118.0,0.0727,1,1,GK,Goalkeeper,0.5649918326910603,0.4691013574301011,0.25026677356756016,0.31570235645461087,0.3156239173727989,1.628588762626506,1.6272437107297177
461485,900000.0,13.710151153416941,25,625,1,181.0,4350.0,114.47,92.0,0.0567,1,0,GK,Goalkeeper,-0.17751089896038744,-0.26381890989214457,0.048910665934310406,0.6470176150481403,0.6469491063946617,1.1840918755758363,1.1835665110917115
162101,1300000.0,14.077875591662238,29,841,0,186.0,6450.0,169.74,33.0,0.0203,0,0,GK,Goalkeeper,0.5649918326910603,0.4691013574301011,0.16077517017500473,1.648114079863121,1.6481707136794277,0.17542586265316262,0.17420088191524744
295423,300000.0,12.611541086966115,28,784,0,180.0,1800.0,47.37,0.0,0.0,0,0,GK,Goalkeeper,0.37936614977819844,0.2756918424422863,0.02653776508617154,-0.5685995207986222,-0.5685741403722604,-0.3887432632188414,-0.3887145651254728
929626,400000.0,12.899222326086994,20,400,0,188.0,2730.0,71.84,0.0,0.0,0,0,GK,Goalkeeper,-1.1056393135246971,-1.0272775216861505,0.20552097187128243,-0.12525680066627357,-0.1252976299641145,-0.3887432632188414,-0.3887145651254728
542680,250000.0,12.429220196836383,25,625,1,191.0,2835.0,74.61,0.0,0.0,0,0,GK,Goalkeeper,-0.17751089896038744,-0.26381890989214457,0.27263967441569903,-0.07520197742552452,-0.07511880144631466,-0.3887432632188414,-0.3887145651254728
60220,200000.0,12.206077645517674,32,1024,0,190.0,4685.0,123.29,75.0,0.0462,1,0,GK,Goalkeeper,1.1218688814296462,1.0900476950225593,0.25026677356756016,0.8067163368162443,0.8067242932275122,0.8934592955811678,0.8924033488292697
462820,250000.0,12.429220196836383,23,529,1,188.0,1767.0,46.5,0.0,0.0,0,0,GK,Goalkeeper,-0.5487622647861113,-0.5895612509242537,0.20552097187128243,-0.5843310366742862,-0.5843342778489701,-0.3887432632188414,-0.3887145651254728
585202,550000.0,13.217675375388819,23,529,1,197.0,3240.0,85.26,0.0,0.0,0,0,GK,Goalkeeper,-0.5487622647861113,-0.5895612509242537,0.4068770795045322,0.11786662650307893,0.11780701938926995,-0.3887432632188414,-0.3887145651254728
899158,25000.0,10.12667110305036,19,361,0,193.0,1110.0,29.21,0.0,0.0,0,0,GK,Goalkeeper,-1.291264996437559,-1.159610347730445,0.31738547611197676,-0.8975312163806873,-0.8975443663228909,-0.3887432632188414,-0.3887145651254728
22860,100000.0,11.51293546492023,39,1521,0,188.0,4134.0,108.79,0.0,0.0,0,0,GK,Goalkeeper,2.42124866181968,2.7764429397408747,0.20552097187128243,0.544047692952885,0.5440553352823502,-0.3887432632188414,-0.3887145651254728
586987,150000.0,11.918397239722838,21,441,1,195.0,1773.0,46.66,0.0,0.0,0,0,GK,Goalkeeper,-0.9200136306118352,-0.8881583968703538,0.3621312778082545,-0.5814707610605291,-0.5814358617612995,-0.3887432632188414,-0.3887145651254728
613975,50000.0,10.819798284210286,21,441,1,191.0,1038.0,27.32,0.0,0.0,0,0,GK,Goalkeeper,-0.9200136306118352,-0.8881583968703538,0.27263967441569903,-0.9318545237457724,-0.9317819063585017,-0.3887432632188414,-0.3887145651254728
441892,1000000.0,13.815511557963774,25,625,1,190.0,2742.0,72.16,128.0,0.0789,1,0,GK,Goalkeeper,-0.17751089896038744,-0.26381890989214457,0.25026677356756016,-0.11953624943875939,-0.11950079778877314,1.7995491037998408,1.799168625589445
205657,450000.0,13.017005083966255,29,841,0,186.0,990.0,26.05,42.0,0.0259,1,0,GK,Goalkeeper,0.5649918326910603,0.4691013574301011,0.16077517017500473,-0.9547367286558291,-0.9547880840543883,0.3292901697091637,0.3294879017885496
978562,150000.0,11.918397239722838,18,324,0,188.0,1440.0,37.89,0.0,0.0,0,0,GK,Goalkeeper,-1.476890679350421,-1.285156875003237,0.20552097187128243,-0.7402160576240475,-0.7403052935667526,-0.3887432632188414,-0.3887145651254728
342012,200000.0,12.206077645517674,27,729,1,191.0,1920.0,50.53,0.0,0.0,0,0,GK,Goalkeeper,0.19374046686533647,0.08906862622597374,0.27263967441569903,-0.5113940085234805,-0.511330422640763,-0.3887432632188414,-0.3887145651254728
45601,50000.0,10.819798284210286,34,1156,0,190.0,2115.0,55.66,134.0,0.0826,1,0,GK,Goalkeeper,1.4931202472553702,1.5379434139417094,0.25026677356756016,-0.41843505107637513,-0.41839995682981956,1.9021253085038414,1.901768978005734
564530,300000.0,12.611541086966115,22,484,1,190.0,1735.0,45.66,0.0,0.0,0,0,GK,Goalkeeper,-0.7343879476989733,-0.742252973283055,0.25026677356756016,-0.5995858399476574,-0.5995509623092417,-0.3887432632188414,-0.3887145651254728
289847,50000.0,10.819798284210286,29,841,0,184.0,2274.0,59.84,0.0,0.0,0,0,GK,Goalkeeper,0.5649918326910603,0.4691013574301011,0.116029368478727,-0.3426377473118123,-0.342678836539421,-0.3887432632188414,-0.3887145651254728
325179,700000.0,13.45883704259595,26,676,1,196.0,1825.0,48.03,0.0,0.0,0,1,GK,Goalkeeper,0.008114783952474518,-0.09076829121883655,0.38450417865639336,-0.556681705741301,-0.5566181740106185,-0.3887432632188414,-0.3887145651254728
341535,450000.0,13.017005083966255,26,676,1,192.0,3270.0,86.05,0.0,0.0,0,0,GK,Goalkeeper,0.008114783952474518,-0.09076829121883655,0.2950125752638379,0.13216800457186437,0.13211794882214414,-0.3887432632188414,-0.3887145651254728
92248,250000.0,12.429220196836383,33,1089,0,187.0,7243.0,190.61,0.0,0.0,0,0,GK,Goalkeeper,1.3074945643425082,1.3106024050963831,0.18314807102314357,2.0261471734813497,2.026232862114982,-0.3887432632188414,-0.3887145651254728
431422,1500000.0,14.220976332738882,26,676,1,188.0,5520.0,145.26,0.0,0.0,0,1,GK,Goalkeeper,0.008114783952474518,-0.09076829121883655,0.20552097187128243,1.2047713597307723,1.204713052265802,-0.3887432632188414,-0.3887145651254728
345747,200000.0,12.206077645517674,25,625,1,191.0,1323.0,34.82,0.0,0.0,0,0,GK,Goalkeeper,-0.17751089896038744,-0.26381890989214457,0.27263967441569903,-0.7959914320923107,-0.7959186522489351,-0.3887432632188414,-0.3887145651254728
492490,300000.0,12.611541086966115,23,529,1,191.0,2835.0,74.61,22.0,0.0136,0,0,GK,Goalkeeper,-0.5487622647861113,-0.5895612509242537,0.27263967441569903,-0.07520197742552452,-0.07511880144631466,-0.012630512637505377,-0.01158894543316762
448705,7000000.0,15.76142084987672,23,529,1,189.0,5032.0,132.42,76.0,0.0469,1,0,GK,Goalkeeper,-0.5487622647861113,-0.5895612509242537,0.2278938727194213,0.9721356098118625,0.9721151612302241,0.9105553296985012,0.9118142263134327
181921,600000.0,13.304686600863562,29,841,0,185.0,5850.0,153.95,0.0,0.0,0,0,GK,Goalkeeper,0.5649918326910603,0.4691013574301011,0.13840226932686586,1.3620865184874122,1.3621332760274198,-0.3887432632188414,-0.3887145651254728
659225,100000.0,11.51293546492023,22,484,1,182.0,909.0,23.92,0.0,0.0,0,0,GK,Goalkeeper,-0.7343879476989733,-0.742252973283055,0.07128356678244926,-0.9933504494415498,-0.9933732482215052,-0.3887432632188414,-0.3887145651254728
392717,550000.0,13.217675375388819,25,625,1,196.0,3060.0,80.53,64.0,0.0395,1,1,GK,Goalkeeper,-0.17751089896038744,-0.26381890989214457,0.38450417865639336,0.03205835809036628,0.032122593797503235,0.7054029202904998,0.7066135214808549
673976,100000.0,11.51293546492023,21,441,1,188.0,1435.0,37.76,0.0,0.0,0,0,GK,Goalkeeper,-0.9200136306118352,-0.8881583968703538,0.20552097187128243,-0.7425996206355118,-0.7426602566379851,-0.3887432632188414,-0.3887145651254728
798050,400000.0,12.899222326086994,19,361,0,196.0,270.0,7.11,65.0,0.0401,1,0,GK,Goalkeeper,-1.291264996437559,-1.159610347730445,0.38450417865639336,-1.2979698023066797,-1.2978880884324138,0.7224989544078332,0.72325141646728
453807,850000.0,13.652992804936396,24,576,1,190.0,5916.0,155.68,0.0,0.0,0,0,GK,Goalkeeper,-0.3631365818732494,-0.4300832297939503,0.25026677356756016,1.3935495502387403,1.3934723999753602,-0.3887432632188414,-0.3887145651254728
103981,50000.0,10.819798284210286,31,961,0,189.0,3034.0,79.84,0.0,0.0,0,0,GK,Goalkeeper,0.9362431985167843,0.8762792837202377,0.2278938727194213,0.01966383043075223,0.01962317441942315,-0.3887432632188414,-0.3887145651254728
799899,1000000.0,13.815511557963774,19,361,0,192.0,2160.0,56.84,192.0,0.1184,1,0,GK,Goalkeeper,-1.291264996437559,-1.159610347730445,0.2950125752638379,-0.3969829839731969,-0.3970241381832476,2.893695287309182,2.8944967121957728
212216,300000.0,12.611541086966115,33,1089,0,190.0,3810.0,100.26,51.0,0.0314,1,0,GK,Goalkeeper,1.3074945643425082,1.3106024050963831,0.25026677356756016,0.38959280981000227,0.38953352760840304,0.4831544767651648,0.48200193916411416
464373,1500000.0,14.220976332738882,24,576,1,201.0,5951.0,156.61,62.0,0.0382,1,0,GK,Goalkeeper,-0.3631365818732494,-0.4300832297939503,0.49636868289708763,1.41023449131899,1.4103194434849466,0.6712108520558329,0.6705647490102667
549039,500000.0,13.122365377402328,26,676,1,191.0,6064.0,159.58,0.0,0.0,0,0,GK,Goalkeeper,0.008114783952474518,-0.09076829121883655,0.27263967441569903,1.4641030153780819,1.464121292112335,-0.3887432632188414,-0.3887145651254728
818892,200000.0,12.206077645517674,20,400,0,194.0,1894.0,49.84,0.0,0.0,0,0,GK,Goalkeeper,-1.1056393135246971,-1.0272775216861505,0.3397583769601156,-0.5237885361830945,-0.5238298420188431,-0.3887432632188414,-0.3887145651254728
818898,300000.0,12.611541086966115,19,361,0,190.0,5400.0,142.11,0.0,0.0,0,0,GK,Goalkeeper,-1.291264996437559,-1.159610347730445,0.25026677356756016,1.1475658474556307,1.1476504855397847,-0.3887432632188414,-0.3887145651254728
264302,1000000.0,13.815511557963774,27,729,1,193.0,6675.0,175.66,83.0,0.0512,1,0,GK,Goalkeeper,0.19374046686533647,0.08906862622597374,0.31738547611197676,1.7553744153790118,1.7554121089232453,1.0302275685198354,1.0310524737161468
456292,400000.0,12.899222326086994,25,625,1,190.0,3510.0,92.37,0.0,0.0,0,0,GK,Goalkeeper,-0.17751089896038744,-0.26381890989214457,0.25026677356756016,0.24657902912214788,0.24660538428513903,-0.3887432632188414,-0.3887145651254728
338670,25000000.0,17.034386422832473,25,625,1,189.0,7320.0,192.63,0.0,0.0,0,0,GK,Goalkeeper,-0.17751089896038744,-0.26381890989214457,0.2278938727194213,2.062854043857899,2.0628253652218245,-0.3887432632188414,-0.3887145651254728
110689,75000.0,11.225256725762893,32,1024,0,192.0,4016.0,105.68,57.0,0.0351,1,0,GK,Goalkeeper,1.1218688814296462,1.0900476950225593,0.2950125752638379,0.487795605882329,0.4877173725782499,0.5857306814691655,0.5846022915804031
288948,400000.0,12.899222326086994,26,676,1,196.0,2910.0,76.58,0.0,0.0,0,0,GK,Goalkeeper,0.008114783952474518,-0.09076829121883655,0.38450417865639336,-0.039448532253560924,-0.03943205336686854,-0.3887432632188414,-0.3887145651254728
528181,350000.0,12.765691290604371,23,529,1,187.0,469.0,12.34,0.0,0.0,0,0,GK,Goalkeeper,-0.5487622647861113,-0.5895612509242537,0.18314807102314357,-1.203103994450403,-1.2031461125666758,-0.3887432632188414,-0.3887145651254728
495722,2000000.0,14.508658238524095,26,676,1,195.0,4786.0,125.95,3.0,0.0018,0,0,GK,Goalkeeper,0.008114783952474518,-0.09076829121883655,0.3621312778082545,0.854864309647822,0.8549104606850384,-0.337455160866841,-0.33880088016619714
286263,150000.0,11.918397239722838,27,729,1,185.0,2550.0,67.11,0.0,0.0,0,1,GK,Goalkeeper,0.19374046686533647,0.08906862622597374,0.13840226932686586,-0.2110650690789862,-0.21098205555588123,-0.3887432632188414,-0.3887145651254728
80894,2500000.0,14.731801689838349,33,1089,0,188.0,6355.0,167.24,20.0,0.0123,0,0,GK,Goalkeeper,1.3074945643425082,1.3106024050963831,0.20552097187128243,1.6028263826453004,1.6028829623095722,-0.04682258087217229,-0.047637717903755594
423750,100000.0,11.51293546492023,23,529,1,195.0,5880.0,154.74,0.0,0.0,0,0,GK,Goalkeeper,-0.5487622647861113,-0.5895612509242537,0.3621312778082545,1.3763878965561978,1.3764442054602946,-0.3887432632188414,-0.3887145651254728
538079,50000.0,10.819798284210286,22,484,1,191.0,1924.0,50.63,0.0,0.0,0,0,GK,Goalkeeper,-0.7343879476989733,-0.742252973283055,0.27263967441569903,-0.5094871581143091,-0.5095189125859687,-0.3887432632188414,-0.3887145651254728
103616,25000.0,10.12667110305036,33,1089,0,191.0,3690.0,97.11,0.0,0.0,0,0,GK,Goalkeeper,1.3074945643425082,1.3106024050963831,0.27263967441569903,0.3323872975348605,0.332470960882385,-0.3887432632188414,-0.3887145651254728
110923,2500000.0,14.731801689838349,32,1024,0,188.0,1425.0,37.5,160.0,0.0986,1,0,GK,Goalkeeper,1.1218688814296462,1.0900476950225593,0.20552097187128243,-0.7473667466584403,-0.74737018278045,2.3466221955545112,2.3454461776437396
88595,150000.0,11.918397239722838,34,1156,0,187.0,21.0,0.55,0.0,0.0,0,0,GK,Goalkeeper,1.4931202472553702,1.5379434139417094,0.18314807102314357,-1.416671240277599,-1.4167231480269147,-0.3887432632188414,-0.3887145651254728
491737,800000.0,13.592368256649284,24,576,1,190.0,1980.0,52.11,0.0,0.0,0,1,GK,Goalkeeper,-0.3631365818732494,-0.4300832297939503,0.25026677356756016,-0.4827912523859096,-0.48270856377501437,-0.3887432632188414,-0.3887145651254728
815567,75000.0,11.225256725762893,20,400,0,190.0,3607.0,94.92,0.0,0.0,0,0,GK,Goalkeeper,-1.1056393135246971,-1.0272775216861505,0.25026677356756016,0.29282015154455415,0.2927988906823916,-0.3887432632188414,-0.3887145651254728
450837,250000.0,12.429220196836383,26,676,1,0.0,7080.0,186.32,0.0,0.0,0,0,GK,Goalkeeper,0.008114783952474518,-0.09076829121883655,-4.000584387578824,1.9484430193076154,1.9485190807643094,-0.3887432632188414,-0.3887145651254728
41131,100000.0,11.51293546492023,36,1296,0,185.0,4680.0,123.16,0.0,0.0,0,0,GK,Goalkeeper,1.864371613081094,2.0129843279468687,0.13840226932686586,0.8043327738047801,0.8043693301562794,-0.3887432632188414,-0.3887145651254728
537171,800000.0,13.592368256649284,23,529,1,188.0,4636.0,122.0,0.0,0.0,0,0,GK,Goalkeeper,-0.5487622647861113,-0.5895612509242537,0.20552097187128243,0.7833574193038948,0.7833558135206665,-0.3887432632188414,-0.3887145651254728
489854,350000.0,12.765691290604371,24,576,1,189.0,2442.0,64.26,73.0,0.045,1,1,GK,Goalkeeper,-0.3631365818732494,-0.4300832297939503,0.2278938727194213,-0.2625500301266138,-0.2626100921175164,0.8592672273465009,0.8591275588564193
289791,150000.0,11.918397239722838,28,784,0,193.0,2487.0,65.45,0.0,0.0,0,0,GK,Goalkeeper,0.37936614977819844,0.2756918424422863,0.31738547611197676,-0.24109796302343564,-0.24105312246546523,-0.3887432632188414,-0.3887145651254728
366212,200000.0,12.206077645517674,26,676,1,197.0,7079.0,186.29,0.0,0.0,0,0,GK,Goalkeeper,0.008114783952474518,-0.09076829121883655,0.4068770795045322,1.9479663067053226,1.947975627747871,-0.3887432632188414,-0.3887145651254728
42205,4000000.0,15.201805169084134,36,1296,0,183.0,8340.0,219.47,29.0,0.0179,0,0,GK,Goalkeeper,1.864371613081094,2.0129843279468687,0.09365646763058813,2.549100898196604,2.5490346639285937,0.1070417261838288,0.10764930196954653
388516,12000000.0,16.300417291085605,26,676,1,191.0,4140.0,108.95,0.0,0.0,0,0,GK,Goalkeeper,0.008114783952474518,-0.09076829121883655,0.27263967441569903,0.5469079685666421,0.5469537513700208,-0.3887432632188414,-0.3887145651254728
304144,1000000.0,13.815511557963774,27,729,1,197.0,5032.0,132.42,0.0,0.0,0,0,GK,Goalkeeper,0.19374046686533647,0.08906862622597374,0.4068770795045322,0.9721356098118625,0.9721151612302241,-0.3887432632188414,-0.3887145651254728
421873,9000000.0,16.012735246411598,23,529,1,191.0,4284.0,112.74,51.0,0.0314,1,0,GK,Goalkeeper,-0.5487622647861113,-0.5895612509242537,0.27263967441569903,0.6155545832968122,0.6156099824467216,0.4831544767651648,0.48200193916411416
111426,650000.0,13.384729180332174,32,1024,0,196.0,1323.0,34.82,55.0,0.0339,1,0,GK,Goalkeeper,1.1218688814296462,1.0900476950225593,0.38450417865639336,-0.7959914320923107,-0.7959186522489351,0.5515386132344986,0.5513265016075527
452707,100000.0,11.51293546492023,30,900,0,183.0,3060.0,80.53,0.0,0.0,0,1,GK,Goalkeeper,0.7506175156039223,0.6692971711894182,0.09365646763058813,0.03205835809036628,0.032122593797503235,-0.3887432632188414,-0.3887145651254728
1041614,500000.0,13.122365377402328,18,324,0,193.0,4474.0,117.74,0.0,0.0,0,0,GK,Goalkeeper,-1.476890679350421,-1.285156875003237,0.31738547611197676,0.7061299777324533,0.7061854851864326,-0.3887432632188414,-0.3887145651254728
385412,200000.0,12.206077645517674,23,529,1,198.0,2100.0,55.26,0.0,0.0,0,0,GK,Goalkeeper,-0.5487622647861113,-0.5895612509242537,0.4292499803526711,-0.42558574011076783,-0.4256459970489964,-0.3887432632188414,-0.3887145651254728
111830,125000.0,11.736077016252437,30,900,0,190.0,945.0,24.87,0.0,0.0,0,0,GK,Goalkeeper,0.7506175156039223,0.6692971711894182,0.25026677356756016,-0.9761887957590073,-0.97616390270096,-0.3887432632188414,-0.3887145651254728
432298,20000000.0,16.811242881518265,22,484,1,190.0,6195.0,163.03,0.0,0.0,0,0,GK,Goalkeeper,-0.7343879476989733,-0.742252973283055,0.25026677356756016,1.5265523662784448,1.5266183890027354,-0.3887432632188414,-0.3887145651254728
533877,175000.0,12.07254696717504,24,576,1,187.0,3420.0,90.0,0.0,0.0,0,1,GK,Goalkeeper,-0.3631365818732494,-0.4300832297939503,0.18314807102314357,0.20367489491579158,0.2036725959865159,-0.3887432632188414,-0.3887145651254728
340353,7500000.0,15.830413711839864,25,625,1,198.0,4350.0,114.47,93.0,0.0573,1,0,GK,Goalkeeper,-0.17751089896038744,-0.26381890989214457,0.4292499803526711,0.6470176150481403,0.6469491063946617,1.2011879096931697,1.2002044060781365
724099,150000.0,11.918397239722838,19,361,0,187.0,4740.0,124.74,0.0,0.0,0,0,GK,Goalkeeper,-1.291264996437559,-1.159610347730445,0.18314807102314357,0.832935529942351,0.8329911890220282,-0.3887432632188414,-0.3887145651254728
141353,50000.0,10.819798284210286,34,1156,0,200.0,1485.0,39.08,0.0,0.0,0,0,GK,Goalkeeper,1.4931202472553702,1.5379434139417094,0.47399578204894877,-0.7187639905208694,-0.7187483239147013,-0.3887432632188414,-0.3887145651254728
552223,6000000.0,15.607270193858982,22,484,1,187.0,4788.0,126.0,81.0,0.0499,1,0,GK,Goalkeeper,-0.7343879476989733,-0.742252973283055,0.18314807102314357,0.8558177348524076,0.8558162157124354,0.9960355002851684,0.9950037012455589
75411,200000.0,12.206077645517674,34,1156,0,194.0,45.0,1.18,0.0,0.0,0,1,GK,Goalkeeper,1.4931202472553702,1.5379434139417094,0.3397583769601156,-1.4052301378225704,-1.4053106346817108,-0.3887432632188414,-0.3887145651254728
612059,50000.0,10.819798284210286,21,441,1,198.0,180.0,4.74,69.0,0.0425,1,0,GK,Goalkeeper,-0.9200136306118352,-0.8881583968703538,0.4292499803526711,-1.340873936513036,-1.3408208767310368,0.790883090877167,0.789802996412981
64303,25000.0,10.12667110305036,37,1369,0,193.0,1876.0,49.37,0.0,0.0,0,0,GK,Goalkeeper,2.049997295993956,2.260684233106702,0.31738547611197676,-0.5323693630243658,-0.532343939276376,-0.3887432632188414,-0.3887145651254728
86083,250000.0,12.429220196836383,31,961,0,184.0,2640.0,69.47,6.0,0.0037,0,0,GK,Goalkeeper,0.9362431985167843,0.8762792837202377,0.116029368478727,-0.1681609348726299,-0.16823041826273763,-0.28616705851484064,-0.28611421270918386
59377,5000000.0,15.424948670398354,34,1156,0,192.0,3840.0,101.05,0.0,0.0,0,0,GK,Goalkeeper,1.4931202472553702,1.5379434139417094,0.2950125752638379,0.4038941878787877,0.40384445704127725,-0.3887432632188414,-0.3887145651254728
181611,750000.0,13.527829818844937,30,900,0,191.0,4181.0,110.03,0.0,0.0,0,0,GK,Goalkeeper,0.7506175156039223,0.6692971711894182,0.27263967441569903,0.5664531852606489,0.5665180599617984,-0.3887432632188414,-0.3887145651254728
285283,250000.0,12.429220196836383,26,676,1,186.0,1755.0,46.18,0.0,0.0,0,0,GK,Goalkeeper,0.008114783952474518,-0.09076829121883655,0.16077517017500473,-0.5900515879018003,-0.5901311100243116,-0.3887432632188414,-0.3887145651254728
290537,3500000.0,15.068273812173887,29,841,0,189.0,5565.0,146.45,93.0,0.0573,1,0,GK,Goalkeeper,0.5649918326910603,0.4691013574301011,0.2278938727194213,1.2262234268339505,1.2262700219178533,1.2011879096931697,1.2002044060781365
199976,1000000.0,13.815511557963774,32,1024,0,192.0,878.0,23.11,169.0,0.1042,1,0,GK,Goalkeeper,1.1218688814296462,1.0900476950225593,0.2950125752638379,-1.008128540112628,-1.0080464796653383,2.5004865026105123,2.500733197517042
535740,100000.0,11.51293546492023,22,484,1,193.0,998.0,26.26,275.0,0.1695,1,0,GK,Goalkeeper,-0.7343879476989733,-0.742252973283055,0.31738547611197676,-0.9509230278374864,-0.9509839129393203,4.312666119047859,4.311490768539654
126634,100000.0,11.51293546492023,33,1089,0,193.0,22.0,0.58,16.0,0.0099,0,0,GK,Goalkeeper,1.3074945643425082,1.3106024050963831,0.31738547611197676,-1.416194527675306,-1.4161796950104764,-0.1152067173415061,-0.11418929784945649
136537,100000.0,11.51293546492023,32,1024,0,188.0,1020.0,26.84,0.0,0.0,0,0,GK,Goalkeeper,1.1218688814296462,1.0900476950225593,0.20552097187128243,-0.9404353505870436,-0.9404771546215138,-0.3887432632188414,-0.3887145651254728
532536,150000.0,11.918397239722838,22,484,1,188.0,630.0,16.58,0.0,0.0,0,0,GK,Goalkeeper,-0.7343879476989733,-0.742252973283055,0.20552097187128243,-1.1263532654812545,-1.126338086243401,-0.3887432632188414,-0.3887145651254728
301238,18000000.0,16.705882371415992,27,729,1,187.0,6833.0,179.82,41.0,0.0253,1,0,GK,Goalkeeper,0.19374046686533647,0.08906862622597374,0.18314807102314357,1.830695006541282,1.8307709272026849,0.3121941355918303,0.3128500068021244
486605,1500000.0,14.220976332738882,23,529,1,187.0,3660.0,96.32,0.0,0.0,0,0,GK,Goalkeeper,-0.5487622647861113,-0.5895612509242537,0.18314807102314357,0.3180859194660751,0.31816003144951055,-0.3887432632188414,-0.3887145651254728
484838,1000000.0,13.815511557963774,23,529,1,190.0,5220.0,137.37,0.0,0.0,0,0,GK,Goalkeeper,-0.5487622647861113,-0.5895612509242537,0.25026677356756016,1.061757579042918,1.0617849089425384,-0.3887432632188414,-0.3887145651254728
77847,100000.0,11.51293546492023,36,1296,0,196.0,3450.0,90.79,0.0,0.0,0,1,GK,Goalkeeper,1.864371613081094,2.0129843279468687,0.38450417865639336,0.217976272984577,0.21798352541939037,-0.3887432632188414,-0.3887145651254728
543666,6500000.0,15.687312888712007,23,529,1,188.0,5512.0,145.05,63.0,0.0388,1,0,GK,Goalkeeper,-0.5487622647861113,-0.5895612509242537,0.20552097187128243,1.2009576589124296,1.2009088811507347,0.6883068861731663,0.6872026439966921
312773,100000.0,11.51293546492023,27,729,1,185.0,31.0,0.82,0.0,0.0,0,0,GK,Goalkeeper,0.19374046686533647,0.08906862622597374,0.13840226932686586,-1.4119041142546704,-1.4118320708789702,-0.3887432632188414,-0.3887145651254728
113890,25000.0,10.12667110305036,34,1156,0,0.0,3122.0,82.16,0.0,0.0,0,0,GK,Goalkeeper,1.4931202472553702,1.5379434139417094,-4.000584387578824,0.061614539432522854,0.061650207690648946,-0.3887432632188414,-0.3887145651254728
481675,10000000.0,16.118095750958314,23,529,1,189.0,3001.0,78.97,5.0,0.0031,0,0,GK,Goalkeeper,-0.5487622647861113,-0.5895612509242537,0.2278938727194213,0.0039323145550882455,0.003863036942713347,-0.3032630926321741,-0.3027521076956091
189630,125000.0,11.736077016252437,30,900,0,193.0,1815.0,47.76,215.0,0.1326,1,0,GK,Goalkeeper,0.7506175156039223,0.6692971711894182,0.31738547611197676,-0.5614488317642296,-0.561509251158563,3.286904072007851,3.288260226874503
85528,500000.0,13.122365377402328,33,1089,0,191.0,2790.0,73.42,118.0,0.0727,1,0,GK,Goalkeeper,1.3074945643425082,1.3106024050963831,0.27263967441569903,-0.09665404452870269,-0.09667577109836585,1.628588762626506,1.6272437107297177
85627,150000.0,11.918397239722838,33,1089,0,183.0,152.0,4.0,0.0,0.0,0,0,GK,Goalkeeper,1.3074945643425082,1.3106024050963831,0.09365646763058813,-1.3542218893772358,-1.354226051136514,-0.3887432632188414,-0.3887145651254728
395421,4000000.0,15.201805169084134,26,676,1,195.0,8670.0,228.16,6.0,0.0037,0,0,GK,Goalkeeper,0.008114783952474518,-0.09076829121883655,0.3621312778082545,2.706416056953244,2.7064548876902115,-0.28616705851484064,-0.28611421270918386
451154,200000.0,12.206077645517674,23,529,1,192.0,90.0,2.37,31.0,0.0191,0,0,GK,Goalkeeper,-0.5487622647861113,-0.5895612509242537,0.2950125752638379,-1.3837780707193923,-1.3837536650296596,0.1412337944184957,0.14092509194239697
82477,250000.0,12.429220196836383,33,1089,0,185.0,5865.0,154.34,0.0,0.0,0,0,GK,Goalkeeper,1.3074945643425082,1.3106024050963831,0.13840226932686586,1.3692372075218049,1.3691981652411176,-0.3887432632188414,-0.3887145651254728
359199,700000.0,13.45883704259595,26,676,1,189.0,1800.0,47.37,162.0,0.0999,1,0,GK,Goalkeeper,0.008114783952474518,-0.09076829121883655,0.2278938727194213,-0.5685995207986222,-0.5685741403722604,2.380814263789178,2.381494950114328
568617,2500000.0,14.731801689838349,22,484,1,197.0,6030.0,158.68,41.0,0.0253,1,0,GK,Goalkeeper,-0.7343879476989733,-0.742252973283055,0.4068770795045322,1.4478947869001249,1.4478177016191869,0.3121941355918303,0.3128500068021244
45026,800000.0,13.592368256649284,36,1296,0,190.0,2688.0,70.74,0.0,0.0,0,1,GK,Goalkeeper,1.864371613081094,2.0129843279468687,0.25026677356756016,-0.14527872996257318,-0.1452242405668511,-0.3887432632188414,-0.3887145651254728
244192,1000000.0,13.815511557963774,29,841,0,194.0,1530.0,40.26,107.0,0.066,1,0,GK,Goalkeeper,0.5649918326910603,0.4691013574301011,0.3397583769601156,-0.6973119234176912,-0.6973725052681295,1.4405323873358382,1.4414538833813026
499574,200000.0,12.206077645517674,25,625,1,198.0,2970.0,78.16,0.0,0.0,0,0,GK,Goalkeeper,-0.17751089896038744,-0.26381890989214457,0.4292499803526711,-0.010845776115990044,-0.010810194501119882,-0.3887432632188414,-0.3887145651254728
208772,800000.0,13.592368256649284,28,784,0,184.0,5040.0,132.63,7.0,0.0043,0,0,GK,Goalkeeper,0.37936614977819844,0.2756918424422863,0.116029368478727,0.9759493106302054,0.9759193323452922,-0.2690710243975072,-0.26947631772275865
128899,1500000.0,14.220976332738882,31,961,0,196.0,9240.0,243.16,52.0,0.0321,1,0,GK,Goalkeeper,0.9362431985167843,0.8762792837202377,0.38450417865639336,2.978142240260167,2.9781813959093446,0.5002505108824983,0.5014128166482769
16911,500000.0,13.122365377402328,38,1444,0,189.0,7305.0,192.24,28.0,0.0173,0,0,GK,Goalkeeper,2.235622978906818,2.5151704370380368,0.2278938727194213,2.055703354823506,2.0557604760081274,0.08994569206649536,0.0910114069831213
88685,200000.0,12.206077645517674,34,1156,0,192.0,3240.0,85.26,0.0,0.0,0,0,GK,Goalkeeper,1.4931202472553702,1.5379434139417094,0.2950125752638379,0.11786662650307893,0.11780701938926995,-0.3887432632188414,-0.3887145651254728
368629,500000.0,13.122365377402328,26,676,1,184.0,7680.0,202.11,0.0,0.0,0,0,GK,Goalkeeper,0.008114783952474518,-0.09076829121883655,0.116029368478727,2.234470580683324,2.234556518416317,-0.3887432632188414,-0.3887145651254728
431417,50000.0,10.819798284210286,25,625,1,200.0,270.0,7.11,0.0,0.0,0,1,GK,Goalkeeper,-0.17751089896038744,-0.26381890989214457,0.47399578204894877,-1.2979698023066797,-1.2978880884324138,-0.3887432632188414,-0.3887145651254728
412741,100000.0,11.51293546492023,23,529,1,197.0,1125.0,29.61,298.0,0.1837,1,0,GK,Goalkeeper,-0.5487622647861113,-0.5895612509242537,0.4068770795045322,-0.8903805273462947,-0.8902983261037141,4.705874903746528,4.705254283218385
163048,500000.0,13.122365377402328,32,1024,0,193.0,3780.0,99.47,0.0,0.0,0,0,GK,Goalkeeper,1.1218688814296462,1.0900476950225593,0.31738547611197676,0.3752914317412169,0.3752225981755286,-0.3887432632188414,-0.3887145651254728
136111,1500000.0,14.220976332738882,31,961,0,193.0,3267.0,85.97,5.0,0.0031,0,0,GK,Goalkeeper,0.9362431985167843,0.8762792837202377,0.31738547611197676,0.13073786676498583,0.1306687407783088,-0.3032630926321741,-0.3027521076956091
182906,25000000.0,17.034386422832473,29,841,0,191.0,8398.0,221.0,63.0,0.0388,1,0,GK,Goalkeeper,0.5649918326910603,0.4691013574301011,0.27263967441569903,2.576750229129589,2.576750767766945,0.6883068861731663,0.6872026439966921
238537,3500000.0,15.068273812173887,29,841,0,195.0,7020.0,184.74,4.0,0.0025,0,0,GK,Goalkeeper,0.5649918326910603,0.4691013574301011,0.3621312778082545,1.9198402631700444,1.9198972218985608,-0.32035912674950756,-0.3193900026820343
403564,500000.0,13.122365377402328,24,576,1,190.0,4337.0,114.13,0.0,0.0,0,0,GK,Goalkeeper,-0.3631365818732494,-0.4300832297939503,0.25026677356756016,0.6408203512183333,0.6407899722083613,-0.3887432632188414,-0.3887145651254728
565471,200000.0,12.206077645517674,22,484,1,192.0,3123.0,82.18,53.0,0.0327,1,0,GK,Goalkeeper,-0.7343879476989733,-0.742252973283055,0.2950125752638379,0.062091252034815705,0.06201250970160798,0.5173465449998317,0.5180507116347022
240536,600000.0,13.304686600863562,32,1024,0,188.0,3840.0,101.05,0.0,0.0,0,0,GK,Goalkeeper,1.1218688814296462,1.0900476950225593,0.20552097187128243,0.4038941878787877,0.40384445704127725,-0.3887432632188414,-0.3887145651254728
269167,100000.0,11.51293546492023,27,729,1,192.0,3330.0,87.63,0.0,0.0,0,0,GK,Goalkeeper,0.19374046686533647,0.08906862622597374,0.2950125752638379,0.16077076070943525,0.1607398076878928,-0.3887432632188414,-0.3887145651254728
293357,3000000.0,14.914123179965662,26,676,1,187.0,6990.0,183.95,21.0,0.0129,0,0,GK,Goalkeeper,0.008114783952474518,-0.09076829121883655,0.18314807102314357,1.905538885101259,1.9055862924656861,-0.029726546754838833,-0.030999822917330364
120211,450000.0,13.017005083966255,32,1024,0,188.0,3465.0,91.18,0.0,0.0,0,0,GK,Goalkeeper,1.1218688814296462,1.0900476950225593,0.20552097187128243,0.22512696201896973,0.22504841463308786,-0.3887432632188414,-0.3887145651254728
939745,500000.0,13.122365377402328,19,361,0,197.0,1074.0,28.26,0.0,0.0,0,0,GK,Goalkeeper,-1.291264996437559,-1.159610347730445,0.4068770795045322,-0.9146928700632299,-0.9147537118434359,-0.3887432632188414,-0.3887145651254728
721807,250000.0,12.429220196836383,22,484,1,188.0,3338.0,87.84,7.0,0.0043,0,0,GK,Goalkeeper,-0.7343879476989733,-0.742252973283055,0.20552097187128243,0.16458446152777803,0.16454397880296082,-0.2690710243975072,-0.26947631772275865
712911,75000.0,11.225256725762893,21,441,1,193.0,90.0,2.37,0.0,0.0,0,0,GK,Goalkeeper,-0.9200136306118352,-0.8881583968703538,0.31738547611197676,-1.3837780707193923,-1.3837536650296596,-0.3887432632188414,-0.3887145651254728
119472,200000.0,12.206077645517674,33,1089,0,187.0,4514.0,118.79,113.0,0.0697,1,0,GK,Goalkeeper,1.3074945643425082,1.3106024050963831,0.18314807102314357,0.7251984818241674,0.7252063407617722,1.5431085920398389,1.5440542357975915
240675,400000.0,12.899222326086994,29,841,0,196.0,360.0,9.47,0.0,0.0,0,0,GK,Goalkeeper,0.5649918326910603,0.4691013574301011,0.38450417865639336,-1.2550656681003234,-1.2551364511392702,-0.3887432632188414,-0.3887145651254728
336307,1300000.0,14.077875591662238,24,576,1,193.0,3330.0,87.63,31.0,0.0191,0,1,GK,Goalkeeper,-0.3631365818732494,-0.4300832297939503,0.31738547611197676,0.16077076070943525,0.1607398076878928,0.1412337944184957,0.14092509194239697
457528,500000.0,13.122365377402328,24,576,1,188.0,7230.0,190.26,0.0,0.0,0,0,GK,Goalkeeper,-0.3631365818732494,-0.4300832297939503,0.20552097187128243,2.0199499096515425,2.0198925769232017,-0.3887432632188414,-0.3887145651254728
240414,18000000.0,16.705882371415992,27,729,1,190.0,6590.0,173.42,110.0,0.0678,1,1,GK,Goalkeeper,0.19374046686533647,0.08906862622597374,0.25026677356756016,1.71485384418412,1.7148342836958548,1.4918204896878384,1.4913675683405783
250683,400000.0,12.899222326086994,28,784,0,190.0,16.0,0.42,55.0,0.0339,1,0,GK,Goalkeeper,0.37936614977819844,0.2756918424422863,0.25026677356756016,-1.419054803289063,-1.419078111098147,0.5515386132344986,0.5513265016075527
238479,75000.0,11.225256725762893,31,961,0,186.0,360.0,9.47,0.0,0.0,0,0,GK,Goalkeeper,0.9362431985167843,0.8762792837202377,0.16077517017500473,-1.2550656681003234,-1.2551364511392702,-0.3887432632188414,-0.3887145651254728
146714,500000.0,13.122365377402328,32,1024,0,197.0,884.0,23.26,9.0,0.0055,0,0,GK,Goalkeeper,1.1218688814296462,1.0900476950225593,0.4068770795045322,-1.005268264498871,-1.005329214583147,-0.2348789561628403,-0.2362005277499082
303657,2500000.0,14.731801689838349,27,729,1,188.0,1800.0,47.37,0.0,0.0,0,0,GK,Goalkeeper,0.19374046686533647,0.08906862622597374,0.20552097187128243,-0.5685995207986222,-0.5685741403722604,-0.3887432632188414,-0.3887145651254728
947524,800000.0,13.592368256649284,19,361,0,201.0,2703.0,71.13,7.0,0.0043,0,0,GK,Goalkeeper,-1.291264996437559,-1.159610347730445,0.49636868289708763,-0.13812804092818046,-0.13815935135315363,-0.2690710243975072,-0.26947631772275865
96254,1000000.0,13.815511557963774,34,1156,0,193.0,5190.0,136.58,0.0,0.0,0,0,GK,Goalkeeper,1.4931202472553702,1.5379434139417094,0.31738547611197676,1.0474562009741326,1.0474739795096641,-0.3887432632188414,-0.3887145651254728
459763,25000000.0,17.034386422832473,24,576,1,191.0,6830.0,179.74,11.0,0.0068,0,0,GK,Goalkeeper,-0.3631365818732494,-0.4300832297939503,0.27263967441569903,1.8292648687344033,1.8293217191588498,-0.20068688792817338,-0.20015175527932022
257474,16000000.0,16.588099342704055,27,729,1,202.0,6840.0,180.0,46.0,0.0284,1,0,GK,Goalkeeper,0.19374046686533647,0.08906862622597374,0.5187415837452265,1.8340319947573318,1.8340316453013146,0.3976743061784975,0.39881246423198813
918957,100000.0,11.51293546492023,18,324,0,194.0,4748.0,124.95,0.0,0.0,0,0,GK,Goalkeeper,-1.476890679350421,-1.285156875003237,0.3397583769601156,0.8367492307606937,0.8367953601370961,-0.3887432632188414,-0.3887145651254728
316202,175000.0,12.07254696717504,30,900,0,194.0,1659.0,43.66,0.0,0.0,0,0,GK,Goalkeeper,0.7506175156039223,0.6692971711894182,0.3397583769601156,-0.6358159977219138,-0.635781163405126,-0.3887432632188414,-0.3887145651254728
297913,20000.0,9.90353755128617,28,784,0,0.0,3812.0,100.32,0.0,0.0,0,0,GK,Goalkeeper,0.37936614977819844,0.2756918424422863,-4.000584387578824,0.390546235014588,0.3906204336412794,-0.3887432632188414,-0.3887145651254728
265038,200000.0,12.206077645517674,27,729,1,190.0,3501.0,92.13,0.0,0.0,0,0,GK,Goalkeeper,0.19374046686533647,0.08906862622597374,0.25026677356756016,0.24228861570151225,0.24225776015363273,-0.3887432632188414,-0.3887145651254728
131758,500000.0,13.122365377402328,31,961,0,197.0,3882.0,102.16,72.0,0.0444,1,0,GK,Goalkeeper,0.9362431985167843,0.8762792837202377,0.4068770795045322,0.42391611717508737,0.4239522186494931,0.8421711932291673,0.8424896638699942
73582,25000.0,10.12667110305036,34,1156,0,193.0,752.0,19.79,0.0,0.0,0,0,GK,Goalkeeper,1.4931202472553702,1.5379434139417094,0.31738547611197676,-1.068194328001527,-1.0681886134845064,-0.3887432632188414,-0.3887145651254728
12589,50000.0,10.819798284210286,42,1764,0,193.0,4830.0,127.11,169.0,0.1042,1,1,GK,Goalkeeper,2.9781257105582655,3.600978240478401,0.31738547611197676,0.8758396641487073,0.8759239773206512,2.5004865026105123,2.500733197517042
193861,50000.0,10.819798284210286,28,784,0,191.0,1553.0,40.87,0.0,0.0,0,0,GK,Goalkeeper,0.37936614977819844,0.2756918424422863,0.27263967441569903,-0.6863475335649557,-0.6863222939338848,-0.3887432632188414,-0.3887145651254728
390304,1500000.0,14.220976332738882,25,625,1,196.0,2071.0,54.5,0.0,0.0,0,0,GK,Goalkeeper,-0.17751089896038744,-0.26381890989214457,0.38450417865639336,-0.4394104055772604,-0.43941347346543247,-0.3887432632188414,-0.3887145651254728
934159,1800000.0,14.403297778421795,18,324,0,194.0,489.0,12.87,0.0,0.0,0,0,GK,Goalkeeper,-1.476890679350421,-1.285156875003237,0.3397583769601156,-1.193569742404546,-1.1935451092762666,-0.3887432632188414,-0.3887145651254728
70580,300000.0,12.611541086966115,31,961,0,188.0,22.0,0.58,89.0,0.0549,1,0,GK,Goalkeeper,0.9362431985167843,0.8762792837202377,0.20552097187128243,-1.416194527675306,-1.4161796950104764,1.132803773223836,1.1336528261324355
242089,3000000.0,14.914123179965662,28,784,0,192.0,4491.0,118.18,262.0,0.1615,1,0,GK,Goalkeeper,0.37936614977819844,0.2756918424422863,0.2950125752638379,0.7142340919714318,0.7141561294275275,4.090417675522524,4.089652168720652
241923,2000000.0,14.508658238524095,28,784,0,191.0,6750.0,177.63,91.0,0.0561,1,0,GK,Goalkeeper,0.37936614977819844,0.2756918424422863,0.27263967441569903,1.7911278605509755,1.7910988570026916,1.1669958414585029,1.166928616105286
150212,200000.0,12.206077645517674,32,1024,0,201.0,4305.0,113.29,0.0,0.0,0,0,GK,Goalkeeper,1.1218688814296462,1.0900476950225593,0.49636868289708763,0.6255655479449621,0.6255732877480901,-0.3887432632188414,-0.3887145651254728
244260,500000.0,13.122365377402328,26,676,1,188.0,2269.0,59.71,23.0,0.0142,0,0,GK,Goalkeeper,0.008114783952474518,-0.09076829121883655,0.20552097187128243,-0.3450213103232765,-0.34503379961065356,0.0044655214798280775,0.005048949553257654
333497,25000.0,10.12667110305036,26,676,1,194.0,1789.0,47.08,0.0,0.0,0,0,GK,Goalkeeper,0.008114783952474518,-0.09076829121883655,0.3397583769601156,-0.5738433594238436,-0.5738275195311636,-0.3887432632188414,-0.3887145651254728
27807,150000.0,11.918397239722838,39,1521,0,191.0,90.0,2.37,65.0,0.0401,1,0,GK,Goalkeeper,2.42124866181968,2.7764429397408747,0.27263967441569903,-1.3837780707193923,-1.3837536650296596,0.7224989544078332,0.72325141646728
611912,100000.0,11.51293546492023,23,529,1,189.0,1088.0,28.63,0.0,0.0,0,0,GK,Goalkeeper,-0.5487622647861113,-0.5895612509242537,0.2278938727194213,-0.90801889363113,-0.9080511246406975,-0.3887432632188414,-0.3887145651254728
935777,1000000.0,13.815511557963774,19,361,0,189.0,2880.0,75.79,0.0,0.0,0,0,GK,Goalkeeper,-1.291264996437559,-1.159610347730445,0.2278938727194213,-0.05374991032234636,-0.05374298279974274,-0.3887432632188414,-0.3887145651254728
98067,300000.0,12.611541086966115,32,1024,0,191.0,3982.0,104.79,0.0,0.0,0,0,GK,Goalkeeper,1.1218688814296462,1.0900476950225593,0.27263967441569903,0.4715873774043722,0.4715949330905813,-0.3887432632188414,-0.3887145651254728
238720,200000.0,12.206077645517674,29,841,0,187.0,3990.0,105.0,0.0,0.0,0,0,GK,Goalkeeper,0.5649918326910603,0.4691013574301011,0.18314807102314357,0.47540107822271493,0.475399104205649,-0.3887432632188414,-0.3887145651254728
260071,250000.0,12.429220196836383,27,729,1,190.0,3982.0,104.79,0.0,0.0,0,0,GK,Goalkeeper,0.19374046686533647,0.08906862622597374,0.25026677356756016,0.4715873774043722,0.4715949330905813,-0.3887432632188414,-0.3887145651254728
314382,75000.0,11.225256725762893,25,625,1,188.0,720.0,18.95,288.0,0.1776,1,0,GK,Goalkeeper,-0.17751089896038744,-0.26381890989214457,0.20552097187128243,-1.0834491312748982,-1.083405297944778,4.534914562573194,4.536102350856395
944742,50000.0,10.819798284210286,20,400,0,0.0,1080.0,28.42,0.0,0.0,0,0,GK,Goalkeeper,-1.1056393135246971,-1.0272775216861505,-4.000584387578824,-0.9118325944494728,-0.9118552957557652,-0.3887432632188414,-0.3887145651254728
497143,300000.0,12.611541086966115,25,625,1,187.0,4635.0,121.97,57.0,0.0351,1,0,GK,Goalkeeper,-0.17751089896038744,-0.26381890989214457,0.18314807102314357,0.7828807067016019,0.7828123605042283,0.5857306814691655,0.5846022915804031
703661,300000.0,12.611541086966115,22,484,1,194.0,5240.0,137.89,0.0,0.0,0,0,GK,Goalkeeper,-0.7343879476989733,-0.742252973283055,0.3397583769601156,1.071291831088775,1.071204761227468,-0.3887432632188414,-0.3887145651254728
511119,75000.0,11.225256725762893,24,576,1,190.0,240.0,6.32,0.0,0.0,0,0,GK,Goalkeeper,-0.3631365818732494,-0.4300832297939503,0.25026677356756016,-1.3122711803754652,-1.3121990178652878,-0.3887432632188414,-0.3887145651254728
192611,350000.0,12.765691290604371,28,784,0,189.0,4905.0,129.08,0.0,0.0,0,0,GK,Goalkeeper,0.37936614977819844,0.2756918424422863,0.2278938727194213,0.9115931093206708,0.9116107254000976,-0.3887432632188414,-0.3887145651254728
500091,1800000.0,14.403297778421795,23,529,1,195.0,1864.0,49.05,21.0,0.0129,0,0,GK,Goalkeeper,-0.5487622647861113,-0.5895612509242537,0.3621312778082545,-0.5380899142518799,-0.5381407714517176,-0.029726546754838833,-0.030999822917330364
49667,50000.0,10.819798284210286,36,1296,0,188.0,2132.0,56.11,0.0,0.0,0,1,GK,Goalkeeper,1.864371613081094,2.0129843279468687,0.20552097187128243,-0.4103309368373967,-0.4102481615832455,-0.3887432632188414,-0.3887145651254728
308431,275000.0,12.524530013005734,29,841,0,188.0,3428.0,90.21,0.0,0.0,0,0,GK,Goalkeeper,0.5649918326910603,0.4691013574301011,0.20552097187128243,0.20748859573413436,0.20747676710158366,-0.3887432632188414,-0.3887145651254728
443995,100000.0,11.51293546492023,26,676,1,183.0,1646.0,43.32,56.0,0.0345,1,1,GK,Goalkeeper,0.008114783952474518,-0.09076829121883655,0.09365646763058813,-0.6420132615517208,-0.6419402975914263,0.5686346473518321,0.567964396593978
366458,350000.0,12.765691290604371,26,676,1,189.0,180.0,4.74,0.0,0.0,0,0,GK,Goalkeeper,0.008114783952474518,-0.09076829121883655,0.2278938727194213,-1.340873936513036,-1.3408208767310368,-0.3887432632188414,-0.3887145651254728
424456,250000.0,12.429220196836383,27,729,1,203.0,7140.0,187.89,0.0,0.0,0,0,GK,Goalkeeper,0.19374046686533647,0.08906862622597374,0.5411144845933654,1.9770457754451862,1.9769597886245784,-0.3887432632188414,-0.3887145651254728
187798,225000.0,12.323860125621126,31,961,0,189.0,3684.0,96.95,39.0,0.024,0,0,GK,Goalkeeper,0.9362431985167843,0.8762792837202377,0.2278938727194213,0.32952702192110345,0.3295725447947143,0.2780020673571634,0.2768012343315364
503769,2000000.0,14.508658238524095,23,529,1,198.0,6885.0,181.18,49.0,0.0302,1,0,GK,Goalkeeper,-0.5487622647861113,-0.5895612509242537,0.4292499803526711,1.85548406186051,1.8554074639478866,0.4489624085304979,0.4487261491912638
511964,250000.0,12.429220196836383,23,529,1,187.0,3597.0,94.66,0.0,0.0,0,0,GK,Goalkeeper,-0.5487622647861113,-0.5895612509242537,0.18314807102314357,0.28805302552162565,0.28808896453992655,-0.3887432632188414,-0.3887145651254728
337101,150000.0,11.918397239722838,27,729,1,188.0,4557.0,119.92,0.0,0.0,0,0,GK,Goalkeeper,0.19374046686533647,0.08906862622597374,0.20552097187128243,0.7456971237227598,0.7456764043809468,-0.3887432632188414,-0.3887145651254728
329924,900000.0,13.710151153416941,27,729,1,200.0,1211.0,31.87,166.0,0.1023,1,0,GK,Goalkeeper,0.19374046686533647,0.08906862622597374,0.47399578204894877,-0.8493832435491098,-0.8493581988653646,2.449198400258512,2.448046530060029
126258,550000.0,13.217675375388819,32,1024,0,191.0,5466.0,143.84,104.0,0.0641,1,0,GK,Goalkeeper,1.1218688814296462,1.0900476950225593,0.27263967441569903,1.1790288792069585,1.1789896094877244,1.3892442849838378,1.3887672159242894
542452,3500000.0,15.068273812173887,23,529,1,198.0,1800.0,47.37,0.0,0.0,0,1,GK,Goalkeeper,-0.5487622647861113,-0.5895612509242537,0.4292499803526711,-0.5685995207986222,-0.5685741403722604,-0.3887432632188414,-0.3887145651254728
398063,400000.0,12.899222326086994,27,729,1,185.0,6597.0,173.61,38.0,0.0234,0,0,GK,Goalkeeper,0.19374046686533647,0.08906862622597374,0.13840226932686586,1.7181908324001698,1.7182761527999642,0.2609060332398299,0.26016333934511116
111073,1000000.0,13.815511557963774,32,1024,0,189.0,7462.0,196.37,0.0,0.0,0,0,GK,Goalkeeper,1.1218688814296462,1.0900476950225593,0.2278938727194213,2.130547233383483,2.1305758412711286,-0.3887432632188414,-0.3887145651254728
677849,100000.0,11.51293546492023,23,529,1,185.0,360.0,9.47,0.0,0.0,0,0,GK,Goalkeeper,-0.5487622647861113,-0.5895612509242537,0.13840226932686586,-1.2550656681003234,-1.2551364511392702,-0.3887432632188414,-0.3887145651254728
554819,150000.0,11.918397239722838,30,900,0,184.0,360.0,9.47,0.0,0.0,0,0,GK,Goalkeeper,0.7506175156039223,0.6692971711894182,0.116029368478727,-1.2550656681003234,-1.2551364511392702,-0.3887432632188414,-0.3887145651254728
842465,450000.0,13.017005083966255,19,361,0,200.0,1245.0,32.76,0.0,0.0,0,1,GK,Goalkeeper,-1.291264996437559,-1.159610347730445,0.47399578204894877,-0.8331750150711529,-0.8332357593776961,-0.3887432632188414,-0.3887145651254728
594364,400000.0,12.899222326086994,23,529,1,190.0,90.0,2.37,0.0,0.0,0,0,GK,Goalkeeper,-0.5487622647861113,-0.5895612509242537,0.25026677356756016,-1.3837780707193923,-1.3837536650296596,-0.3887432632188414,-0.3887145651254728
258561,450000.0,13.017005083966255,28,784,0,194.0,180.0,4.74,0.0,0.0,0,0,GK,Goalkeeper,0.37936614977819844,0.2756918424422863,0.3397583769601156,-1.340873936513036,-1.3408208767310368,-0.3887432632188414,-0.3887145651254728
358726,300000.0,12.611541086966115,25,625,1,185.0,270.0,7.11,173.0,0.1067,1,0,GK,Goalkeeper,-0.17751089896038744,-0.26381890989214457,0.13840226932686586,-1.2979698023066797,-1.2978880884324138,2.5688706390798464,2.5700577599604806
365544,800000.0,13.592368256649284,25,625,1,194.0,570.0,15.0,285.0,0.1757,1,0,GK,Goalkeeper,-0.17751089896038744,-0.26381890989214457,0.3397583769601156,-1.1549560216188253,-1.1549599451091497,4.483626460221193,4.4834156833993815
251056,350000.0,12.765691290604371,29,841,0,0.0,3682.0,96.89,0.0,0.0,0,0,GK,Goalkeeper,0.5649918326910603,0.4691013574301011,-4.000584387578824,0.32857359671651776,0.32848563876183773,-0.3887432632188414,-0.3887145651254728
114422,500000.0,13.122365377402328,33,1089,0,187.0,1427.0,37.55,0.0,0.0,0,0,GK,Goalkeeper,1.3074945643425082,1.3106024050963831,0.18314807102314357,-0.7464133214538545,-0.7464644277530529,-0.3887432632188414,-0.3887145651254728
207843,225000.0,12.323860125621126,31,961,0,194.0,8287.0,218.08,0.0,0.0,0,0,GK,Goalkeeper,0.9362431985167843,0.8762792837202377,0.3397583769601156,2.5238351302750828,2.5238546741669543,-0.3887432632188414,-0.3887145651254728
337290,250000.0,12.429220196836383,26,676,1,198.0,4351.0,114.5,0.0,0.0,0,0,GK,Goalkeeper,0.008114783952474518,-0.09076829121883655,0.4292499803526711,0.6474943276504331,0.6474925594111001,-0.3887432632188414,-0.3887145651254728
858723,150000.0,11.918397239722838,22,484,1,0.0,270.0,7.11,0.0,0.0,0,0,GK,Goalkeeper,-0.7343879476989733,-0.742252973283055,-4.000584387578824,-1.2979698023066797,-1.2978880884324138,-0.3887432632188414,-0.3887145651254728
733234,200000.0,12.206077645517674,21,441,1,194.0,315.0,8.29,0.0,0.0,0,0,GK,Goalkeeper,-0.9200136306118352,-0.8881583968703538,0.3397583769601156,-1.2765177352035015,-1.2765122697858418,-0.3887432632188414,-0.3887145651254728
654049,300000.0,12.611541086966115,21,441,1,193.0,2427.0,63.87,0.0,0.0,0,0,GK,Goalkeeper,-0.9200136306118352,-0.8881583968703538,0.31738547611197676,-0.2697007191610065,-0.26967498133121404,-0.3887432632188414,-0.3887145651254728
537611,50000.0,10.819798284210286,24,576,1,187.0,28.0,0.74,0.0,0.0,0,0,GK,Goalkeeper,-0.3631365818732494,-0.4300832297939503,0.18314807102314357,-1.4133342520615488,-1.4132812789228058,-0.3887432632188414,-0.3887145651254728
285551,100000.0,11.51293546492023,29,841,0,198.0,1665.0,43.82,0.0,0.0,0,0,GK,Goalkeeper,0.5649918326910603,0.4691013574301011,0.4292499803526711,-0.6329557221081568,-0.6328827473174552,-0.3887432632188414,-0.3887145651254728
380019,250000.0,12.429220196836383,28,784,0,187.0,1740.0,45.79,0.0,0.0,0,0,GK,Goalkeeper,0.37936614977819844,0.2756918424422863,0.18314807102314357,-0.5972022769361931,-0.5971959992380091,-0.3887432632188414,-0.3887145651254728
449351,300000.0,12.611541086966115,25,625,1,194.0,1440.0,37.89,0.0,0.0,0,0,GK,Goalkeeper,-0.17751089896038744,-0.26381890989214457,0.3397583769601156,-0.7402160576240475,-0.7403052935667526,-0.3887432632188414,-0.3887145651254728
626335,25000.0,10.12667110305036,21,441,1,195.0,180.0,4.74,0.0,0.0,0,0,GK,Goalkeeper,-0.9200136306118352,-0.8881583968703538,0.3621312778082545,-1.340873936513036,-1.3408208767310368,-0.3887432632188414,-0.3887145651254728
579280,350000.0,12.765691290604371,22,484,1,0.0,360.0,9.47,0.0,0.0,0,0,GK,Goalkeeper,-0.7343879476989733,-0.742252973283055,-4.000584387578824,-1.2550656681003234,-1.2551364511392702,-0.3887432632188414,-0.3887145651254728
647396,1200000.0,13.997832948091215,22,484,1,188.0,9285.0,244.34,0.0,0.0,0,1,GK,Goalkeeper,-0.7343879476989733,-0.742252973283055,0.20552097187128243,2.999594307363345,2.9995572145559164,-0.3887432632188414,-0.3887145651254728
693586,50000.0,10.819798284210286,22,484,1,187.0,990.0,26.05,0.0,0.0,0,0,GK,Goalkeeper,-0.7343879476989733,-0.742252973283055,0.18314807102314357,-0.9547367286558291,-0.9547880840543883,-0.3887432632188414,-0.3887145651254728
837205,300000.0,12.611541086966115,27,729,1,188.0,4629.0,121.82,0.0,0.0,0,0,GK,Goalkeeper,0.19374046686533647,0.08906862622597374,0.20552097187128243,0.7800204310878448,0.7800950954220368,-0.3887432632188414,-0.3887145651254728
741591,250000.0,12.429220196836383,24,576,1,188.0,3018.0,79.42,0.0,0.0,0,0,GK,Goalkeeper,-0.3631365818732494,-0.4300832297939503,0.20552097187128243,0.012036428794066661,0.012014832189287393,-0.3887432632188414,-0.3887145651254728
345437,1800000.0,14.403297778421795,27,729,1,192.0,5760.0,151.58,9.0,0.0055,0,0,GK,Goalkeeper,0.19374046686533647,0.08906862622597374,0.2950125752638379,1.319182384281056,1.3192004877287973,-0.2348789561628403,-0.2362005277499082
285033,350000.0,12.765691290604371,31,961,0,195.0,6780.0,178.42,0.0,0.0,0,1,GK,Goalkeeper,0.9362431985167843,0.8762792837202377,0.3621312778082545,1.805429238619761,1.8054097864355658,-0.3887432632188414,-0.3887145651254728
1189049,1000000.0,13.815511557963774,16,256,0,190.0,1975.0,51.97,108.0,0.0666,1,0,GK,Goalkeeper,-1.848142045176145,-1.5158910332343143,0.25026677356756016,-0.48517481539737384,-0.48524467785172626,1.4576284214531716,1.4580917783677279
495033,275000.0,12.524530013005734,25,625,1,185.0,2191.0,57.66,0.0,0.0,0,0,GK,Goalkeeper,-0.17751089896038744,-0.26381890989214457,0.13840226932686586,-0.38220489330211865,-0.38216975573393513,-0.3887432632188414,-0.3887145651254728
138408,200000.0,12.206077645517674,31,961,0,190.0,540.0,14.21,0.0,0.0,0,0,GK,Goalkeeper,0.9362431985167843,0.8762792837202377,0.25026677356756016,-1.1692573996876108,-1.1692708745420242,-0.3887432632188414,-0.3887145651254728
330871,2200000.0,14.603968372873895,27,729,1,192.0,5265.0,138.55,142.0,0.0875,1,0,GK,Goalkeeper,0.19374046686533647,0.08906862622597374,0.2950125752638379,1.0832096461460963,1.0831607275891104,2.038893581442509,2.037645120394873
461895,1400000.0,14.151983508870947,26,676,1,198.0,6122.0,161.11,26.0,0.016,0,0,GK,Goalkeeper,0.008114783952474518,-0.09076829121883655,0.4292499803526711,1.491752346311067,1.4918373959506865,0.05575362383182844,0.05496263451253333
292199,9500000.0,16.066802461833923,28,784,0,191.0,7740.0,203.68,58.0,0.0358,1,0,GK,Goalkeeper,0.37936614977819844,0.2756918424422863,0.27263967441569903,2.263073336820895,2.2629972262765863,0.602826715586499,0.6040131690645658
45628,100000.0,11.51293546492023,34,1156,0,188.0,630.0,16.58,0.0,0.0,0,0,GK,Goalkeeper,1.4931202472553702,1.5379434139417094,0.20552097187128243,-1.1263532654812545,-1.126338086243401,-0.3887432632188414,-0.3887145651254728
591865,300000.0,12.611541086966115,22,484,1,189.0,450.0,11.84,0.0,0.0,0,0,GK,Goalkeeper,-0.7343879476989733,-0.742252973283055,0.2278938727194213,-1.212161533893967,-1.212203662840647,-0.3887432632188414,-0.3887145651254728
615430,250000.0,12.429220196836383,22,484,1,202.0,1290.0,33.95,37.0,0.0228,0,1,GK,Goalkeeper,-0.7343879476989733,-0.742252973283055,0.5187415837452265,-0.8117229479679747,-0.8116787897256448,0.24380999912249646,0.24352544435868595
41653,175000.0,12.07254696717504,38,1444,0,191.0,1185.0,31.18,319.0,0.1967,1,0,GK,Goalkeeper,2.235622978906818,2.5151704370380368,0.27263967441569903,-0.8617777712087238,-0.8618576182434448,5.06489162021053,5.065742007924265
574448,400000.0,12.899222326086994,23,529,1,194.0,7650.0,201.32,0.0,0.0,0,0,GK,Goalkeeper,-0.5487622647861113,-0.5895612509242537,0.3397583769601156,2.2201692026145388,2.2202455889834423,-0.3887432632188414,-0.3887145651254728
157178,100000.0,11.51293546492023,34,1156,0,187.0,5265.0,138.55,28.0,0.0173,0,0,GK,Goalkeeper,1.4931202472553702,1.5379434139417094,0.18314807102314357,1.0832096461460963,1.0831607275891104,0.08994569206649536,0.0910114069831213
587726,600000.0,13.304686600863562,24,576,1,190.0,1806.0,47.53,0.0,0.0,0,0,GK,Goalkeeper,-0.3631365818732494,-0.4300832297939503,0.25026677356756016,-0.5657392451848652,-0.5656757242845897,-0.3887432632188414,-0.3887145651254728
477924,150000.0,11.918397239722838,23,529,1,186.0,720.0,18.95,0.0,0.0,0,0,GK,Goalkeeper,-0.5487622647861113,-0.5895612509242537,0.16077517017500473,-1.0834491312748982,-1.083405297944778,-0.3887432632188414,-0.3887145651254728
372201,375000.0,12.834683971615659,31,961,0,188.0,1185.0,31.18,0.0,0.0,0,0,GK,Goalkeeper,0.9362431985167843,0.8762792837202377,0.20552097187128243,-0.8617777712087238,-0.8618576182434448,-0.3887432632188414,-0.3887145651254728
993399,200000.0,12.206077645517674,19,361,0,190.0,1260.0,33.16,0.0,0.0,0,0,GK,Goalkeeper,-1.291264996437559,-1.159610347730445,0.25026677356756016,-0.8260243260367601,-0.8259897191585193,-0.3887432632188414,-0.3887145651254728
993081,100000.0,11.51293546492023,19,361,0,191.0,2465.0,64.87,0.0,0.0,0,0,GK,Goalkeeper,-1.291264996437559,-1.159610347730445,0.27263967441569903,-0.2515856402738783,-0.2515598807832717,-0.3887432632188414,-0.3887145651254728
363901,125000.0,11.736077016252437,28,784,0,195.0,2839.0,74.71,0.0,0.0,0,0,GK,Goalkeeper,0.37936614977819844,0.2756918424422863,0.3621312778082545,-0.07329512701635313,-0.07330729139152055,-0.3887432632188414,-0.3887145651254728
393371,175000.0,12.07254696717504,24,576,1,189.0,4052.0,106.63,0.0,0.0,0,0,GK,Goalkeeper,-0.3631365818732494,-0.4300832297939503,0.2278938727194213,0.5049572595648715,0.5049267180987947,-0.3887432632188414,-0.3887145651254728
111180,500000.0,13.122365377402328,32,1024,0,190.0,360.0,9.47,0.0,0.0,0,0,GK,Goalkeeper,1.1218688814296462,1.0900476950225593,0.25026677356756016,-1.2550656681003234,-1.2551364511392702,-0.3887432632188414,-0.3887145651254728
592163,200000.0,12.206077645517674,23,529,1,190.0,769.0,20.24,69.0,0.0425,1,0,GK,Goalkeeper,-0.5487622647861113,-0.5895612509242537,0.25026677356756016,-1.0600902137625485,-1.0600368182379325,0.790883090877167,0.789802996412981
591844,1500000.0,14.220976332738882,24,576,1,194.0,1695.0,44.61,0.0,0.0,0,0,GK,Goalkeeper,-0.3631365818732494,-0.4300832297939503,0.3397583769601156,-0.6186543440393713,-0.6185718178845809,-0.3887432632188414,-0.3887145651254728
216160,300000.0,12.611541086966115,31,961,0,193.0,242.0,6.37,184.0,0.1134,1,0,GK,Goalkeeper,0.9362431985167843,0.8762792837202377,0.31738547611197676,-1.3113177551708795,-1.3112932628378908,2.7569270143705142,2.755847587308896
314354,200000.0,12.206077645517674,25,625,1,190.0,4702.0,123.74,0.0,0.0,0,0,GK,Goalkeeper,-0.17751089896038744,-0.26381890989214457,0.25026677356756016,0.8148204510552227,0.8148760884740859,-0.3887432632188414,-0.3887145651254728
610898,75000.0,11.225256725762893,24,576,1,195.0,1413.0,37.18,0.0,0.0,0,0,GK,Goalkeeper,-0.3631365818732494,-0.4300832297939503,0.3621312778082545,-0.7530872978859544,-0.7531670149557915,-0.3887432632188414,-0.3887145651254728
398971,750000.0,13.527829818844937,24,576,1,202.0,450.0,11.84,0.0,0.0,0,0,GK,Goalkeeper,-0.3631365818732494,-0.4300832297939503,0.5187415837452265,-1.212161533893967,-1.212203662840647,-0.3887432632188414,-0.3887145651254728
684283,100000.0,11.51293546492023,23,529,1,191.0,4002.0,105.32,0.0,0.0,0,0,GK,Goalkeeper,-0.5487622647861113,-0.5895612509242537,0.27263967441569903,0.4811216294502291,0.4811959363809904,-0.3887432632188414,-0.3887145651254728
228006,1000000.0,13.815511557963774,29,841,0,187.0,930.0,24.47,0.0,0.0,0,0,GK,Goalkeeper,0.5649918326910603,0.4691013574301011,0.18314807102314357,-0.9833394847934,-0.983409942920137,-0.3887432632188414,-0.3887145651254728
138335,500000.0,13.122365377402328,32,1024,0,199.0,270.0,7.11,18.0,0.0111,0,0,GK,Goalkeeper,1.1218688814296462,1.0900476950225593,0.4516228812008099,-1.2979698023066797,-1.2978880884324138,-0.0810146491068392,-0.08091350787660605
322107,350000.0,12.765691290604371,30,900,0,194.0,450.0,11.84,0.0,0.0,0,0,GK,Goalkeeper,0.7506175156039223,0.6692971711894182,0.3397583769601156,-1.212161533893967,-1.212203662840647,-0.3887432632188414,-0.3887145651254728
1125081,450000.0,13.017005083966255,21,441,1,187.0,570.0,15.0,0.0,0.0,0,0,GK,Goalkeeper,-0.9200136306118352,-0.8881583968703538,0.18314807102314357,-1.1549560216188253,-1.1549599451091497,-0.3887432632188414,-0.3887145651254728
328003,400000.0,12.899222326086994,25,625,1,189.0,360.0,9.47,0.0,0.0,0,0,GK,Goalkeeper,-0.17751089896038744,-0.26381890989214457,0.2278938727194213,-1.2550656681003234,-1.2551364511392702,-0.3887432632188414,-0.3887145651254728
361256,6000000.0,15.607270193858982,24,576,1,191.0,5636.0,148.32,35.0,0.0216,0,0,GK,Goalkeeper,-0.3631365818732494,-0.4300832297939503,0.27263967441569903,1.2600700215967429,1.2601452599425054,0.20961793088782954,0.21024965438583548
665542,200000.0,12.206077645517674,22,484,1,187.0,360.0,9.47,0.0,0.0,0,0,GK,Goalkeeper,-0.7343879476989733,-0.742252973283055,0.18314807102314357,-1.2550656681003234,-1.2551364511392702,-0.3887432632188414,-0.3887145651254728
62147,150000.0,11.918397239722838,36,1296,0,190.0,1920.0,50.53,0.0,0.0,0,0,GK,Goalkeeper,1.864371613081094,2.0129843279468687,0.25026677356756016,-0.5113940085234805,-0.511330422640763,-0.3887432632188414,-0.3887145651254728
70627,100000.0,11.51293546492023,34,1156,0,185.0,450.0,11.84,0.0,0.0,0,0,GK,Goalkeeper,1.4931202472553702,1.5379434139417094,0.13840226932686586,-1.212161533893967,-1.212203662840647,-0.3887432632188414,-0.3887145651254728
326594,300000.0,12.611541086966115,27,729,1,198.0,180.0,4.74,0.0,0.0,0,0,GK,Goalkeeper,0.19374046686533647,0.08906862622597374,0.4292499803526711,-1.340873936513036,-1.3408208767310368,-0.3887432632188414,-0.3887145651254728
51894,1000000.0,13.815511557963774,35,1225,0,196.0,7764.0,204.32,93.0,0.0573,1,0,GK,Goalkeeper,1.6787459301682321,1.7720707215585378,0.38450417865639336,2.2745144392759236,2.274590890627269,1.2011879096931697,1.2002044060781365
274344,150000.0,11.918397239722838,27,729,1,195.0,2415.0,63.55,61.0,0.0376,1,0,GK,Goalkeeper,0.19374046686533647,0.08906862622597374,0.3621312778082545,-0.2754212703885207,-0.27547181350655553,0.6541148179384993,0.6539268540238417
670840,1700000.0,14.346139397261565,20,400,0,179.0,6420.0,168.95,0.0,0.0,0,0,GK,Goalkeeper,-1.1056393135246971,-1.0272775216861505,0.0041648642380326785,1.6338127017943356,1.633859784246553,-0.3887432632188414,-0.3887145651254728
181007,100000.0,11.51293546492023,31,961,0,190.0,4430.0,116.58,0.0,0.0,0,1,GK,Goalkeeper,0.9362431985167843,0.8762792837202377,0.25026677356756016,0.6851546232315681,0.6851719685508197,-0.3887432632188414,-0.3887145651254728
258023,75000.0,11.225256725762893,27,729,1,190.0,2001.0,52.66,0.0,0.0,0,0,GK,Goalkeeper,0.19374046686533647,0.08906862622597374,0.25026677356756016,-0.47278028773775976,-0.4727452584736462,-0.3887432632188414,-0.3887145651254728
515254,150000.0,11.918397239722838,28,784,0,190.0,390.0,10.26,0.0,0.0,0,0,GK,Goalkeeper,0.37936614977819844,0.2756918424422863,0.25026677356756016,-1.2407642900315379,-1.2408255217063957,-0.3887432632188414,-0.3887145651254728
204189,2200000.0,14.603968372873895,29,841,0,187.0,6480.0,170.53,0.0,0.0,0,0,GK,Goalkeeper,0.5649918326910603,0.4691013574301011,0.18314807102314357,1.6624154579319066,1.662481643112302,-0.3887432632188414,-0.3887145651254728
435135,125000.0,11.736077016252437,26,676,1,190.0,1170.0,30.79,0.0,0.0,0,0,GK,Goalkeeper,0.008114783952474518,-0.09076829121883655,0.25026677356756016,-0.8689284602431165,-0.8689225074571422,-0.3887432632188414,-0.3887145651254728
205927,9000000.0,16.012735246411598,29,841,0,188.0,7202.0,189.53,64.0,0.0395,1,0,GK,Goalkeeper,0.5649918326910603,0.4691013574301011,0.20552097187128243,2.006601956787343,2.006668553523204,0.7054029202904998,0.7066135214808549
377465,450000.0,13.017005083966255,25,625,1,201.0,750.0,19.74,0.0,0.0,0,0,GK,Goalkeeper,-0.17751089896038744,-0.26381890989214457,0.49636868289708763,-1.0691477532061127,-1.0690943685119036,-0.3887432632188414,-0.3887145651254728
322873,2800000.0,14.845130332288226,26,676,1,193.0,3090.0,81.32,38.0,0.0234,0,0,GK,Goalkeeper,0.008114783952474518,-0.09076829121883655,0.31738547611197676,0.04635973615915172,0.04643352323037743,0.2609060332398299,0.26016333934511116
727077,250000.0,12.429220196836383,20,400,0,193.0,2595.0,68.29,0.0,0.0,0,1,GK,Goalkeeper,-1.1056393135246971,-1.0272775216861505,0.31738547611197676,-0.18961300197580805,-0.1896062369093093,-0.3887432632188414,-0.3887145651254728
25186,25000.0,10.12667110305036,38,1444,0,190.0,1777.0,46.76,0.0,0.0,0,0,GK,Goalkeeper,2.235622978906818,2.5151704370380368,0.25026677356756016,-0.5795639106513577,-0.5796243517065052,-0.3887432632188414,-0.3887145651254728
91945,75000.0,11.225256725762893,35,1225,0,191.0,6120.0,161.05,26.0,0.016,0,0,GK,Goalkeeper,1.6787459301682321,1.7720707215585378,0.27263967441569903,1.4907989211064812,1.49075048991781,0.05575362383182844,0.05496263451253333
920138,100000.0,11.51293546492023,19,361,0,190.0,1713.0,45.08,0.0,0.0,0,0,GK,Goalkeeper,-1.291264996437559,-1.159610347730445,0.25026677356756016,-0.6100735171981,-0.6100577206270481,-0.3887432632188414,-0.3887145651254728
502070,550000.0,13.217675375388819,23,529,1,198.0,5025.0,132.24,0.0,0.0,0,0,GK,Goalkeeper,-0.5487622647861113,-0.5895612509242537,0.4292499803526711,0.9687986215958126,0.968854443131595,-0.3887432632188414,-0.3887145651254728
1038521,75000.0,11.225256725762893,21,441,1,186.0,540.0,14.21,0.0,0.0,0,0,GK,Goalkeeper,-0.9200136306118352,-0.8881583968703538,0.16077517017500473,-1.1692573996876108,-1.1692708745420242,-0.3887432632188414,-0.3887145651254728
581673,250000.0,12.429220196836383,21,441,1,183.0,2145.0,56.45,0.0,0.0,0,0,GK,Goalkeeper,-0.9200136306118352,-0.8881583968703538,0.09365646763058813,-0.4041336730075897,-0.4040890273969451,-0.3887432632188414,-0.3887145651254728
741236,800000.0,13.592368256649284,21,441,1,183.0,3510.0,92.37,0.0,0.0,0,0,GK,Goalkeeper,-0.9200136306118352,-0.8881583968703538,0.09365646763058813,0.24657902912214788,0.24660538428513903,-0.3887432632188414,-0.3887145651254728
50104,50000.0,10.819798284210286,34,1156,0,189.0,2632.0,69.26,0.0,0.0,0,0,GK,Goalkeeper,1.4931202472553702,1.5379434139417094,0.2278938727194213,-0.17197463569097268,-0.17203458937780539,-0.3887432632188414,-0.3887145651254728
49597,50000.0,10.819798284210286,36,1296,0,185.0,6420.0,168.95,0.0,0.0,0,0,GK,Goalkeeper,1.864371613081094,2.0129843279468687,0.13840226932686586,1.6338127017943356,1.633859784246553,-0.3887432632188414,-0.3887145651254728
638365,250000.0,12.429220196836383,23,529,1,193.0,90.0,2.37,0.0,0.0,0,0,GK,Goalkeeper,-0.5487622647861113,-0.5895612509242537,0.31738547611197676,-1.3837780707193923,-1.3837536650296596,-0.3887432632188414,-0.3887145651254728
154530,400000.0,12.899222326086994,33,1089,0,190.0,3420.0,90.0,80.0,0.0493,1,0,GK,Goalkeeper,1.3074945643425082,1.3106024050963831,0.25026677356756016,0.20367489491579158,0.2036725959865159,0.978939466167835,0.9783658062591336
418561,1500000.0,14.220976332738882,24,576,1,189.0,480.0,12.63,85.0,0.0524,1,1,GK,Goalkeeper,-0.3631365818732494,-0.4300832297939503,0.2278938727194213,-1.1978601558251816,-1.1978927334077727,1.0644196367545022,1.0643282636889975
531489,250000.0,12.429220196836383,23,529,1,193.0,1920.0,50.53,0.0,0.0,0,0,GK,Goalkeeper,-0.5487622647861113,-0.5895612509242537,0.31738547611197676,-0.5113940085234805,-0.511330422640763,-0.3887432632188414,-0.3887145651254728
110867,175000.0,12.07254696717504,32,1024,0,183.0,4500.0,118.42,0.0,0.0,0,1,GK,Goalkeeper,1.1218688814296462,1.0900476950225593,0.09365646763058813,0.7185245053920675,0.7185037535590335,-0.3887432632188414,-0.3887145651254728
261998,350000.0,12.765691290604371,28,784,0,200.0,450.0,11.84,0.0,0.0,0,0,GK,Goalkeeper,0.37936614977819844,0.2756918424422863,0.47399578204894877,-1.212161533893967,-1.212203662840647,-0.3887432632188414,-0.3887145651254728
605426,300000.0,12.611541086966115,21,441,1,191.0,390.0,10.26,0.0,0.0,0,0,GK,Goalkeeper,-0.9200136306118352,-0.8881583968703538,0.27263967441569903,-1.2407642900315379,-1.2408255217063957,-0.3887432632188414,-0.3887145651254728
199470,200000.0,12.206077645517674,30,900,0,190.0,1650.0,43.42,0.0,0.0,0,0,GK,Goalkeeper,0.7506175156039223,0.6692971711894182,0.25026677356756016,-0.6401064111425494,-0.640128787536632,-0.3887432632188414,-0.3887145651254728
927953,50000.0,10.819798284210286,20,400,0,0.0,180.0,4.74,0.0,0.0,0,0,GK,Goalkeeper,-1.1056393135246971,-1.0272775216861505,-4.000584387578824,-1.340873936513036,-1.3408208767310368,-0.3887432632188414,-0.3887145651254728
540630,100000.0,11.51293546492023,21,441,1,196.0,990.0,26.05,0.0,0.0,0,0,GK,Goalkeeper,-0.9200136306118352,-0.8881583968703538,0.38450417865639336,-0.9547367286558291,-0.9547880840543883,-0.3887432632188414,-0.3887145651254728
1088712,500000.0,13.122365377402328,18,324,0,195.0,180.0,4.74,0.0,0.0,0,0,GK,Goalkeeper,-1.476890679350421,-1.285156875003237,0.3621312778082545,-1.340873936513036,-1.3408208767310368,-0.3887432632188414,-0.3887145651254728
1126634,100000.0,11.51293546492023,24,576,1,198.0,270.0,7.11,0.0,0.0,0,0,GK,Goalkeeper,-0.3631365818732494,-0.4300832297939503,0.4292499803526711,-1.2979698023066797,-1.2978880884324138,-0.3887432632188414,-0.3887145651254728
801612,250000.0,12.429220196836383,21,441,1,0.0,7560.0,198.95,0.0,0.0,0,0,GK,Goalkeeper,-0.9200136306118352,-0.8881583968703538,-4.000584387578824,2.1772650684081825,2.1773128006848195,-0.3887432632188414,-0.3887145651254728
255440,2000000.0,14.508658238524095,29,841,0,185.0,2880.0,75.79,6.0,0.0037,0,0,GK,Goalkeeper,0.5649918326910603,0.4691013574301011,0.13840226932686586,-0.05374991032234636,-0.05374298279974274,-0.28616705851484064,-0.28611421270918386
418144,300000.0,12.611541086966115,28,784,0,190.0,3743.0,98.5,82.0,0.0506,1,0,GK,Goalkeeper,0.37936614977819844,0.2756918424422863,0.25026677356756016,0.3576530654563815,0.3576509506440247,1.0131315344025018,1.0144145787297214
724536,550000.0,13.217675375388819,21,441,1,191.0,6780.0,178.42,0.0,0.0,0,0,GK,Goalkeeper,-0.9200136306118352,-0.8881583968703538,0.27263967441569903,1.805429238619761,1.8054097864355658,-0.3887432632188414,-0.3887145651254728
342050,650000.0,13.384729180332174,26,676,1,193.0,6435.0,169.34,0.0,0.0,0,0,GK,Goalkeeper,0.008114783952474518,-0.09076829121883655,0.31738547611197676,1.6409633908287284,1.6409246734602507,-0.3887432632188414,-0.3887145651254728
210528,550000.0,13.217675375388819,31,961,0,187.0,4395.0,115.66,0.0,0.0,0,1,GK,Goalkeeper,0.9362431985167843,0.8762792837202377,0.18314807102314357,0.6684696821513184,0.6685060760467129,-0.3887432632188414,-0.3887145651254728
199221,350000.0,12.765691290604371,31,961,0,196.0,900.0,23.68,85.0,0.0524,1,0,GK,Goalkeeper,0.9362431985167843,0.8762792837202377,0.38450417865639336,-0.9976408628621855,-0.9977208723530113,1.0644196367545022,1.0643282636889975
745573,50000.0,10.819798284210286,21,441,1,197.0,180.0,4.74,0.0,0.0,0,0,GK,Goalkeeper,-0.9200136306118352,-0.8881583968703538,0.4068770795045322,-1.340873936513036,-1.3408208767310368,-0.3887432632188414,-0.3887145651254728
921746,250000.0,12.429220196836383,23,529,1,186.0,5861.0,154.24,0.0,0.0,0,0,GK,Goalkeeper,-0.5487622647861113,-0.5895612509242537,0.16077517017500473,1.3673303571126336,1.3673866551863236,-0.3887432632188414,-0.3887145651254728
369772,250000.0,12.429220196836383,25,625,1,183.0,517.0,13.61,0.0,0.0,0,0,GK,Goalkeeper,-0.17751089896038744,-0.26381890989214457,0.09365646763058813,-1.1802217895403462,-1.1801399348707893,-0.3887432632188414,-0.3887145651254728
456111,400000.0,12.899222326086994,26,676,1,191.0,4620.0,121.58,46.0,0.0284,1,0,GK,Goalkeeper,0.008114783952474518,-0.09076829121883655,0.27263967441569903,0.7757300176672092,0.7757474712905308,0.3976743061784975,0.39881246423198813
77825,200000.0,12.206077645517674,35,1225,0,194.0,1380.0,36.32,72.0,0.0444,1,1,GK,Goalkeeper,1.6787459301682321,1.7720707215585378,0.3397583769601156,-0.7688188137616184,-0.7687460014270218,0.8421711932291673,0.8424896638699942
549983,350000.0,12.765691290604371,26,676,1,199.0,644.0,16.95,0.0,0.0,0,0,GK,Goalkeeper,0.008114783952474518,-0.09076829121883655,0.4516228812008099,-1.1196792890491545,-1.1196354990406623,-0.3887432632188414,-0.3887145651254728
410436,1000000.0,13.815511557963774,28,784,0,194.0,3771.0,99.24,12.0,0.0074,0,1,GK,Goalkeeper,0.37936614977819844,0.2756918424422863,0.3397583769601156,0.37100101832058124,0.3710561250495018,-0.18359085381083992,-0.18351386029289496
100988,150000.0,11.918397239722838,33,1089,0,191.0,90.0,2.37,238.0,0.1467,1,0,GK,Goalkeeper,1.3074945643425082,1.3106024050963831,0.27263967441569903,-1.3837780707193923,-1.3837536650296596,3.6801128567065207,3.6792507590554955
730531,1300000.0,14.077875591662238,22,484,1,195.0,360.0,9.47,0.0,0.0,0,1,GK,Goalkeeper,-0.7343879476989733,-0.742252973283055,0.3621312778082545,-1.2550656681003234,-1.2551364511392702,-0.3887432632188414,-0.3887145651254728
296458,600000.0,13.304686600863562,27,729,1,181.0,2130.0,56.05,0.0,0.0,0,1,GK,Goalkeeper,0.19374046686533647,0.08906862622597374,0.048910665934310406,-0.4112843620419824,-0.4113350676161221,-0.3887432632188414,-0.3887145651254728
1007496,50000.0,10.819798284210286,18,324,0,0.0,111.0,2.92,0.0,0.0,0,0,GK,Goalkeeper,-1.476890679350421,-1.285156875003237,-4.000584387578824,-1.3737671060712426,-1.3737903597282914,-0.3887432632188414,-0.3887145651254728
226802,375000.0,12.834683971615659,32,1024,0,191.0,5760.0,151.58,41.0,0.0253,1,0,GK,Goalkeeper,1.1218688814296462,1.0900476950225593,0.27263967441569903,1.319182384281056,1.3192004877287973,0.3121941355918303,0.3128500068021244
214073,250000.0,12.429220196836383,29,841,0,191.0,570.0,15.0,12.0,0.0074,0,0,GK,Goalkeeper,0.5649918326910603,0.4691013574301011,0.27263967441569903,-1.1549560216188253,-1.1549599451091497,-0.18359085381083992,-0.18351386029289496
289411,200000.0,12.206077645517674,31,961,0,193.0,4435.0,116.71,0.0,0.0,0,0,GK,Goalkeeper,0.9362431985167843,0.8762792837202377,0.31738547611197676,0.6875381862430323,0.6875269316220521,-0.3887432632188414,-0.3887145651254728
58088,800000.0,13.592368256649284,38,1444,0,190.0,8562.0,225.32,0.0,0.0,0,0,GK,Goalkeeper,2.235622978906818,2.5151704370380368,0.25026677356756016,2.6549310959056163,2.655008002134055,-0.3887432632188414,-0.3887145651254728
226073,1800000.0,14.403297778421795,28,784,0,195.0,3022.0,79.53,0.0,0.0,0,0,GK,Goalkeeper,0.37936614977819844,0.2756918424422863,0.3621312778082545,0.013943279203238054,0.014007493249561024,-0.3887432632188414,-0.3887145651254728
205700,100000.0,11.51293546492023,36,1296,0,196.0,450.0,11.84,241.0,0.1486,1,0,GK,Goalkeeper,1.864371613081094,2.0129843279468687,0.38450417865639336,-1.212161533893967,-1.212203662840647,3.7314009590585213,3.731937426512509
205364,300000.0,12.611541086966115,32,1024,0,187.0,135.0,3.55,0.0,0.0,0,1,GK,Goalkeeper,1.1218688814296462,1.0900476950225593,0.18314807102314357,-1.3623260036162141,-1.362377846383088,-0.3887432632188414,-0.3887145651254728
52261,50000.0,10.819798284210286,36,1296,0,192.0,2070.0,54.47,7.0,0.0043,0,0,GK,Goalkeeper,1.864371613081094,2.0129843279468687,0.2950125752638379,-0.4398871181795533,-0.43995692648187074,-0.2690710243975072,-0.26947631772275865
712378,1000000.0,13.815511557963774,21,441,1,193.0,2370.0,62.37,77.0,0.0475,1,0,GK,Goalkeeper,-0.9200136306118352,-0.8881583968703538,0.31738547611197676,-0.29687333749169886,-0.2968476321531273,0.9276513638158347,0.928452121299858
842149,75000.0,11.225256725762893,21,441,1,197.0,1696.0,44.63,0.0,0.0,0,0,GK,Goalkeeper,-0.9200136306118352,-0.8881583968703538,0.4068770795045322,-0.6181776314370784,-0.618209515873622,-0.3887432632188414,-0.3887145651254728
75890,200000.0,12.206077645517674,35,1225,0,190.0,750.0,19.74,0.0,0.0,0,0,GK,Goalkeeper,1.6787459301682321,1.7720707215585378,0.25026677356756016,-1.0691477532061127,-1.0690943685119036,-0.3887432632188414,-0.3887145651254728
260368,350000.0,12.765691290604371,29,841,0,183.0,8311.0,218.71,0.0,0.0,0,0,GK,Goalkeeper,0.5649918326910603,0.4691013574301011,0.09365646763058813,2.5352762327301113,2.535267187512158,-0.3887432632188414,-0.3887145651254728
906924,150000.0,11.918397239722838,21,441,1,188.0,180.0,4.74,0.0,0.0,0,0,GK,Goalkeeper,-0.9200136306118352,-0.8881583968703538,0.20552097187128243,-1.340873936513036,-1.3408208767310368,-0.3887432632188414,-0.3887145651254728
33862,150000.0,11.918397239722838,36,1296,0,186.0,3960.0,104.21,18.0,0.0111,0,0,GK,Goalkeeper,1.864371613081094,2.0129843279468687,0.16077517017500473,0.4610997001539295,0.4610881747727746,-0.0810146491068392,-0.08091350787660605
454331,50000.0,10.819798284210286,22,484,1,192.0,670.0,17.63,172.0,0.106,1,0,GK,Goalkeeper,-0.7343879476989733,-0.742252973283055,0.2950125752638379,-1.1072847613895405,-1.1073172306680616,2.5517746049625125,2.5506468824763178
934722,500000.0,13.122365377402328,20,400,0,189.0,216.0,5.68,0.0,0.0,0,0,GK,Goalkeeper,-1.1056393135246971,-1.0272775216861505,0.2278938727194213,-1.3237122828304935,-1.3237926822159711,-0.3887432632188414,-0.3887145651254728
908834,275000.0,12.524530013005734,23,529,1,186.0,2250.0,59.21,0.0,0.0,0,0,GK,Goalkeeper,-0.5487622647861113,-0.5895612509242537,0.16077517017500473,-0.3540788497668406,-0.35409134988462465,-0.3887432632188414,-0.3887145651254728
361032,2000000.0,14.508658238524095,25,625,1,185.0,5400.0,142.11,56.0,0.0345,1,0,GK,Goalkeeper,-0.17751089896038744,-0.26381890989214457,0.13840226932686586,1.1475658474556307,1.1476504855397847,0.5686346473518321,0.567964396593978
900794,100000.0,11.51293546492023,19,361,0,189.0,180.0,4.74,0.0,0.0,0,0,GK,Goalkeeper,-1.291264996437559,-1.159610347730445,0.2278938727194213,-1.340873936513036,-1.3408208767310368,-0.3887432632188414,-0.3887145651254728
284718,200000.0,12.206077645517674,27,729,1,185.0,2790.0,73.42,0.0,0.0,0,0,GK,Goalkeeper,0.19374046686533647,0.08906862622597374,0.13840226932686586,-0.09665404452870269,-0.09667577109836585,-0.3887432632188414,-0.3887145651254728
184745,100000.0,11.51293546492023,32,1024,0,186.0,540.0,14.21,0.0,0.0,0,0,GK,Goalkeeper,1.1218688814296462,1.0900476950225593,0.16077517017500473,-1.1692573996876108,-1.1692708745420242,-0.3887432632188414,-0.3887145651254728
61814,50000.0,10.819798284210286,35,1225,0,191.0,4390.0,115.53,0.0,0.0,0,0,GK,Goalkeeper,1.6787459301682321,1.7720707215585378,0.27263967441569903,0.6660861191398542,0.6661511129754805,-0.3887432632188414,-0.3887145651254728
121612,175000.0,12.07254696717504,33,1089,0,185.0,180.0,4.74,0.0,0.0,0,0,GK,Goalkeeper,1.3074945643425082,1.3106024050963831,0.13840226932686586,-1.340873936513036,-1.3408208767310368,-0.3887432632188414,-0.3887145651254728
616467,50000.0,10.819798284210286,25,625,1,195.0,807.0,21.24,0.0,0.0,0,0,GK,Goalkeeper,-0.17751089896038744,-0.26381890989214457,0.3621312778082545,-1.0419751348754203,-1.0419217176899904,-0.3887432632188414,-0.3887145651254728
831992,100000.0,11.51293546492023,20,400,0,188.0,1710.0,45.0,107.0,0.066,1,0,GK,Goalkeeper,-1.1056393135246971,-1.0272775216861505,0.20552097187128243,-0.6115036550049786,-0.6115069286708834,1.4405323873358382,1.4414538833813026
128898,125000.0,11.736077016252437,31,961,0,199.0,3083.0,81.13,0.0,0.0,0,0,GK,Goalkeeper,0.9362431985167843,0.8762792837202377,0.4516228812008099,0.043022747943101784,0.04299165412626845,-0.3887432632188414,-0.3887145651254728
426142,350000.0,12.765691290604371,24,576,1,202.0,3149.0,82.87,0.0,0.0,0,0,GK,Goalkeeper,-0.3631365818732494,-0.4300832297939503,0.5187415837452265,0.07448577969442975,0.07451192907968807,-0.3887432632188414,-0.3887145651254728
303899,100000.0,11.51293546492023,26,676,1,0.0,90.0,2.37,0.0,0.0,0,0,GK,Goalkeeper,0.008114783952474518,-0.09076829121883655,-4.000584387578824,-1.3837780707193923,-1.3837536650296596,-0.3887432632188414,-0.3887145651254728
258957,250000.0,12.429220196836383,28,784,0,193.0,90.0,2.37,0.0,0.0,0,0,GK,Goalkeeper,0.37936614977819844,0.2756918424422863,0.31738547611197676,-1.3837780707193923,-1.3837536650296596,-0.3887432632188414,-0.3887145651254728
62019,10000.0,9.210440366976517,41,1681,0,186.0,90.0,2.37,0.0,0.0,0,0,GK,Goalkeeper,2.7925000276454037,3.3193468414610567,0.16077517017500473,-1.3837780707193923,-1.3837536650296596,-0.3887432632188414,-0.3887145651254728
282488,100000.0,11.51293546492023,29,841,0,190.0,1011.0,26.61,0.0,0.0,0,0,GK,Goalkeeper,0.5649918326910603,0.4691013574301011,0.25026677356756016,-0.9447257640076793,-0.9446436277475406,-0.3887432632188414,-0.3887145651254728
286170,325000.0,12.691583538230217,27,729,1,193.0,2086.0,54.89,11.0,0.0068,0,0,GK,Goalkeeper,0.19374046686533647,0.08906862622597374,0.31738547611197676,-0.4322597165428677,-0.432348584251735,-0.20068688792817338,-0.20015175527932022
538871,175000.0,12.07254696717504,23,529,1,194.0,4005.0,105.39,177.0,0.1091,1,0,GK,Goalkeeper,-0.5487622647861113,-0.5895612509242537,0.3397583769601156,0.48255176725710763,0.48246399341934654,2.63725477554918,2.6366093399061814
220448,325000.0,12.691583538230217,30,900,0,186.0,360.0,9.47,0.0,0.0,0,0,GK,Goalkeeper,0.7506175156039223,0.6692971711894182,0.16077517017500473,-1.2550656681003234,-1.2551364511392702,-0.3887432632188414,-0.3887145651254728
422251,25000.0,10.12667110305036,23,529,1,190.0,142.0,3.74,0.0,0.0,0,0,GK,Goalkeeper,-0.5487622647861113,-0.5895612509242537,0.25026677356756016,-1.3589890154001643,-1.358935977278979,-0.3887432632188414,-0.3887145651254728
499317,600000.0,13.304686600863562,22,484,1,190.0,5400.0,142.11,45.0,0.0277,1,0,GK,Goalkeeper,-0.7343879476989733,-0.742252973283055,0.25026677356756016,1.1475658474556307,1.1476504855397847,0.38057827206116407,0.37940158674782526
199078,300000.0,12.611541086966115,32,1024,0,187.0,6345.0,166.97,8.0,0.0049,0,1,GK,Goalkeeper,1.1218688814296462,1.0900476950225593,0.18314807102314357,1.5980592566223721,1.5979918851616277,-0.2519749902801737,-0.25283842273633345
199001,175000.0,12.07254696717504,30,900,0,190.0,2925.0,76.97,0.0,0.0,0,0,GK,Goalkeeper,0.7506175156039223,0.6692971711894182,0.25026677356756016,-0.032297843219168204,-0.03236716415317107,-0.3887432632188414,-0.3887145651254728
650256,700000.0,13.45883704259595,21,441,1,195.0,5792.0,152.42,0.0,0.0,0,0,GK,Goalkeeper,-0.9200136306118352,-0.8881583968703538,0.3621312778082545,1.334437187554427,1.3344171721890683,-0.3887432632188414,-0.3887145651254728
85864,800000.0,13.592368256649284,31,961,0,191.0,405.0,10.66,63.0,0.0388,1,0,GK,Goalkeeper,0.9362431985167843,0.8762792837202377,0.27263967441569903,-1.2336136009971452,-1.233579481487219,0.6883068861731663,0.6872026439966921
337082,1000000.0,13.815511557963774,24,576,1,194.0,6169.0,162.34,52.0,0.0321,1,0,GK,Goalkeeper,-0.3631365818732494,-0.4300832297939503,0.3397583769601156,1.5141578386188308,1.5141189696246553,0.5002505108824983,0.5014128166482769
329669,150000.0,11.918397239722838,27,729,1,186.0,720.0,18.95,21.0,0.0129,0,1,GK,Goalkeeper,0.19374046686533647,0.08906862622597374,0.16077517017500473,-1.0834491312748982,-1.083405297944778,-0.029726546754838833,-0.030999822917330364
379137,150000.0,11.918397239722838,25,625,1,195.0,1665.0,43.82,0.0,0.0,0,0,GK,Goalkeeper,-0.17751089896038744,-0.26381890989214457,0.3621312778082545,-0.6329557221081568,-0.6328827473174552,-0.3887432632188414,-0.3887145651254728
494805,25000.0,10.12667110305036,24,576,1,190.0,258.0,6.79,306.0,0.1887,1,0,GK,Goalkeeper,-0.3631365818732494,-0.4300832297939503,0.25026677356756016,-1.303690353534194,-1.303684920607755,4.842643176685196,4.843903408105262
169271,300000.0,12.611541086966115,29,841,0,193.0,90.0,2.37,270.0,0.1665,1,0,GK,Goalkeeper,0.5649918326910603,0.4691013574301011,0.31738547611197676,-1.3837780707193923,-1.3837536650296596,4.227185948461191,4.228301293607529
742235,50000.0,10.819798284210286,20,400,0,197.0,3071.0,80.82,0.0,0.0,0,0,GK,Goalkeeper,-1.1056393135246971,-1.0272775216861505,0.4068770795045322,0.037302196715587606,0.03737597295640633,-0.3887432632188414,-0.3887145651254728
238722,1000000.0,13.815511557963774,27,729,1,186.0,6510.0,171.32,0.0,0.0,0,0,GK,Goalkeeper,0.19374046686533647,0.08906862622597374,0.16077517017500473,1.6767168360006919,1.6767925725451762,-0.3887432632188414,-0.3887145651254728
790473,275000.0,12.524530013005734,21,441,1,190.0,4142.0,109.0,0.0,0.0,0,0,GK,Goalkeeper,-0.9200136306118352,-0.8881583968703538,0.25026677356756016,0.5478613937712279,0.5478595063974179,-0.3887432632188414,-0.3887145651254728
240157,500000.0,13.122365377402328,29,841,0,182.0,7433.0,195.61,3.0,0.0018,0,0,GK,Goalkeeper,0.5649918326910603,0.4691013574301011,0.07128356678244926,2.1167225679169905,2.116808364854693,-0.337455160866841,-0.33880088016619714
458134,225000.0,12.323860125621126,24,576,1,190.0,2214.0,58.26,0.0,0.0,0,0,GK,Goalkeeper,-0.3631365818732494,-0.4300832297939503,0.25026677356756016,-0.37124050344938314,-0.3713006954051698,-0.3887432632188414,-0.3887145651254728
703227,100000.0,11.51293546492023,20,400,0,189.0,2610.0,68.68,0.0,0.0,0,0,GK,Goalkeeper,-1.1056393135246971,-1.0272775216861505,0.2278938727194213,-0.18246231294141532,-0.18254134769561184,-0.3887432632188414,-0.3887145651254728
143068,125000.0,11.736077016252437,35,1225,0,185.0,1560.0,41.05,0.0,0.0,0,0,GK,Goalkeeper,1.6787459301682321,1.7720707215585378,0.13840226932686586,-0.6830105453489057,-0.6830615758352552,-0.3887432632188414,-0.3887145651254728
393150,75000.0,11.225256725762893,25,625,1,186.0,905.0,23.82,3.0,0.0018,0,0,GK,Goalkeeper,-0.17751089896038744,-0.26381890989214457,0.16077517017500473,-0.9952572998507212,-0.9951847582762994,-0.337455160866841,-0.33880088016619714
40792,300000.0,12.611541086966115,36,1296,0,186.0,4196.0,110.42,20.0,0.0123,0,0,GK,Goalkeeper,1.864371613081094,2.0129843279468687,0.16077517017500473,0.5736038742950417,0.5735829491754958,-0.04682258087217229,-0.047637717903755594
459310,275000.0,12.524530013005734,26,676,1,185.0,5317.0,139.92,0.0,0.0,0,0,GK,Goalkeeper,0.008114783952474518,-0.09076829121883655,0.13840226932686586,1.1079987014653243,1.1079784153397907,-0.3887432632188414,-0.3887145651254728
241974,225000.0,12.323860125621126,28,784,0,189.0,339.0,8.92,177.0,0.1091,1,0,GK,Goalkeeper,0.37936614977819844,0.2756918424422863,0.2278938727194213,-1.2650766327484733,-1.2650997564406383,2.63725477554918,2.6366093399061814
707397,100000.0,11.51293546492023,20,400,0,190.0,3510.0,92.37,0.0,0.0,0,0,GK,Goalkeeper,-1.1056393135246971,-1.0272775216861505,0.25026677356756016,0.24657902912214788,0.24660538428513903,-0.3887432632188414,-0.3887145651254728
393797,500000.0,13.122365377402328,26,676,1,194.0,7950.0,209.21,9.0,0.0055,0,0,GK,Goalkeeper,0.008114783952474518,-0.09076829121883655,0.3397583769601156,2.363182983302393,2.363173732306707,-0.2348789561628403,-0.2362005277499082
707969,10000.0,9.210440366976517,19,361,0,193.0,360.0,9.47,0.0,0.0,0,0,GK,Goalkeeper,-1.291264996437559,-1.159610347730445,0.31738547611197676,-1.2550656681003234,-1.2551364511392702,-0.3887432632188414,-0.3887145651254728
687602,250000.0,12.429220196836383,22,484,1,191.0,1440.0,37.89,37.0,0.0228,0,1,GK,Goalkeeper,-0.7343879476989733,-0.742252973283055,0.27263967441569903,-0.7402160576240475,-0.7403052935667526,0.24380999912249646,0.24352544435868595
818929,150000.0,11.918397239722838,19,361,0,189.0,3540.0,93.16,0.0,0.0,0,0,GK,Goalkeeper,-1.291264996437559,-1.159610347730445,0.2278938727194213,0.2608804071909333,0.2609163137180132,-0.3887432632188414,-0.3887145651254728
309397,450000.0,13.017005083966255,25,625,1,192.0,2399.0,63.13,0.0,0.0,0,0,GK,Goalkeeper,-0.17751089896038744,-0.26381890989214457,0.2950125752638379,-0.2830486720252063,-0.28308015573669115,-0.3887432632188414,-0.3887145651254728
930931,25000.0,10.12667110305036,20,400,0,184.0,2760.0,72.63,0.0,0.0,0,0,GK,Goalkeeper,-1.1056393135246971,-1.0272775216861505,0.116029368478727,-0.11095542259748813,-0.11098670053124031,-0.3887432632188414,-0.3887145651254728
21327,500000.0,13.122365377402328,35,1225,0,188.0,6120.0,161.05,0.0,0.0,0,0,GK,Goalkeeper,1.6787459301682321,1.7720707215585378,0.20552097187128243,1.4907989211064812,1.49075048991781,-0.3887432632188414,-0.3887145651254728
88701,200000.0,12.206077645517674,33,1089,0,191.0,5130.0,135.0,28.0,0.0173,0,1,GK,Goalkeeper,1.3074945643425082,1.3106024050963831,0.27263967441569903,1.0188534448365616,1.0188521206439152,0.08994569206649536,0.0910114069831213
224161,250000.0,12.429220196836383,33,1089,0,191.0,990.0,26.05,10.0,0.0062,0,0,GK,Goalkeeper,1.3074945643425082,1.3106024050963831,0.27263967441569903,-0.9547367286558291,-0.9547880840543883,-0.21778292204550684,-0.21678965026574543
691978,275000.0,12.524530013005734,22,484,1,195.0,7020.0,184.74,0.0,0.0,0,0,GK,Goalkeeper,-0.7343879476989733,-0.742252973283055,0.3621312778082545,1.9198402631700444,1.9198972218985608,-0.3887432632188414,-0.3887145651254728
287752,225000.0,12.323860125621126,28,784,0,187.0,5160.0,135.79,0.0,0.0,0,0,GK,Goalkeeper,0.37936614977819844,0.2756918424422863,0.18314807102314357,1.033154822905347,1.0331630500767894,-0.3887432632188414,-0.3887145651254728
882775,75000.0,11.225256725762893,19,361,0,190.0,1440.0,37.89,0.0,0.0,0,0,GK,Goalkeeper,-1.291264996437559,-1.159610347730445,0.25026677356756016,-0.7402160576240475,-0.7403052935667526,-0.3887432632188414,-0.3887145651254728
693312,10000.0,9.210440366976517,22,484,1,186.0,9.0,0.24,0.0,0.0,0,0,GK,Goalkeeper,-0.7343879476989733,-0.742252973283055,0.16077517017500473,-1.422391791505113,-1.4223388291967767,-0.3887432632188414,-0.3887145651254728
470816,200000.0,12.206077645517674,23,529,1,200.0,180.0,4.74,10.0,0.0062,0,0,GK,Goalkeeper,-0.5487622647861113,-0.5895612509242537,0.47399578204894877,-1.340873936513036,-1.3408208767310368,-0.21778292204550684,-0.21678965026574543
357991,1000000.0,13.815511557963774,24,576,1,187.0,8047.0,211.76,0.0,0.0,0,0,GK,Goalkeeper,-0.3631365818732494,-0.4300832297939503,0.18314807102314357,2.4094241057247996,2.409367238703959,-0.3887432632188414,-0.3887145651254728
650989,25000.0,10.12667110305036,20,400,0,196.0,690.0,18.16,141.0,0.0869,1,0,GK,Goalkeeper,-1.1056393135246971,-1.0272775216861505,0.38450417865639336,-1.0977505093436835,-1.0977162273776524,2.0217975473251757,2.0210072254084483
650251,75000.0,11.225256725762893,21,441,1,183.0,3690.0,97.11,0.0,0.0,0,0,GK,Goalkeeper,-0.9200136306118352,-0.8881583968703538,0.09365646763058813,0.3323872975348605,0.332470960882385,-0.3887432632188414,-0.3887145651254728
668730,50000.0,10.819798284210286,21,441,1,188.0,810.0,21.32,0.0,0.0,0,0,GK,Goalkeeper,-0.9200136306118352,-0.8881583968703538,0.20552097187128243,-1.0405449970685419,-1.040472509646155,-0.3887432632188414,-0.3887145651254728
603695,50000.0,10.819798284210286,22,484,1,191.0,90.0,2.37,0.0,0.0,0,0,GK,Goalkeeper,-0.7343879476989733,-0.742252973283055,0.27263967441569903,-1.3837780707193923,-1.3837536650296596,-0.3887432632188414,-0.3887145651254728
146693,300000.0,12.611541086966115,29,841,0,195.0,810.0,21.32,0.0,0.0,0,0,GK,Goalkeeper,0.5649918326910603,0.4691013574301011,0.3621312778082545,-1.0405449970685419,-1.040472509646155,-0.3887432632188414,-0.3887145651254728
667905,25000.0,10.12667110305036,21,441,1,190.0,907.0,23.87,0.0,0.0,0,0,GK,Goalkeeper,-0.9200136306118352,-0.8881583968703538,0.25026677356756016,-0.9943038746461356,-0.9942790032489022,-0.3887432632188414,-0.3887145651254728
319177,175000.0,12.07254696717504,25,625,1,185.0,2880.0,75.79,0.0,0.0,0,0,GK,Goalkeeper,-0.17751089896038744,-0.26381890989214457,0.13840226932686586,-0.05374991032234636,-0.05374298279974274,-0.3887432632188414,-0.3887145651254728
236521,75000.0,11.225256725762893,31,961,0,190.0,90.0,2.37,0.0,0.0,0,1,GK,Goalkeeper,0.9362431985167843,0.8762792837202377,0.25026677356756016,-1.3837780707193923,-1.3837536650296596,-0.3887432632188414,-0.3887145651254728
728490,175000.0,12.07254696717504,20,400,0,0.0,5040.0,132.63,0.0,0.0,0,0,GK,Goalkeeper,-1.1056393135246971,-1.0272775216861505,-4.000584387578824,0.9759493106302054,0.9759193323452922,-0.3887432632188414,-0.3887145651254728
604207,325000.0,12.691583538230217,22,484,1,188.0,5970.0,157.11,0.0,0.0,0,0,GK,Goalkeeper,-0.7343879476989733,-0.742252973283055,0.20552097187128243,1.419292030762554,1.4193769937589178,-0.3887432632188414,-0.3887145651254728
712038,225000.0,12.323860125621126,20,400,0,185.0,4889.0,128.66,33.0,0.0203,0,0,GK,Goalkeeper,-1.1056393135246971,-1.0272775216861505,0.13840226932686586,0.9039657076839853,0.9040023831699616,0.17542586265316262,0.17420088191524744
956588,1800000.0,14.403297778421795,17,289,0,195.0,5295.0,139.34,28.0,0.0173,0,0,GK,Goalkeeper,-1.662516362263283,-1.4039171035045268,0.3621312778082545,1.0975110242148816,1.0974716570219845,0.08994569206649536,0.0910114069831213
163652,200000.0,12.206077645517674,31,961,0,189.0,4410.0,116.05,20.0,0.0123,0,0,GK,Goalkeeper,0.9362431985167843,0.8762792837202377,0.2278938727194213,0.675620371185711,0.6755709652604104,-0.04682258087217229,-0.047637717903755594
295766,200000.0,12.206077645517674,27,729,1,190.0,2595.0,68.29,53.0,0.0327,1,1,GK,Goalkeeper,0.19374046686533647,0.08906862622597374,0.25026677356756016,-0.18961300197580805,-0.1896062369093093,0.5173465449998317,0.5180507116347022
606576,175000.0,12.07254696717504,22,484,1,189.0,1350.0,35.53,0.0,0.0,0,0,GK,Goalkeeper,-0.7343879476989733,-0.742252973283055,0.2278938727194213,-0.7831201918304038,-0.7830569308598961,-0.3887432632188414,-0.3887145651254728
316983,400000.0,12.899222326086994,26,676,1,194.0,937.0,24.66,96.0,0.0592,1,0,GK,Goalkeeper,0.008114783952474518,-0.09076829121883655,0.3397583769601156,-0.9800024965773501,-0.979968073816028,1.2524760120451701,1.25289107353515
120236,300000.0,12.611541086966115,32,1024,0,183.0,7200.0,189.47,0.0,0.0,0,0,GK,Goalkeeper,1.1218688814296462,1.0900476950225593,0.09365646763058813,2.0056485315827572,2.0055816474903274,-0.3887432632188414,-0.3887145651254728
93651,600000.0,13.304686600863562,31,961,0,188.0,6150.0,161.84,0.0,0.0,0,0,GK,Goalkeeper,0.9362431985167843,0.8762792837202377,0.20552097187128243,1.5051002991752667,1.5050614193506842,-0.3887432632188414,-0.3887145651254728
738358,50000.0,10.819798284210286,20,400,0,0.0,3030.0,79.74,0.0,0.0,0,0,GK,Goalkeeper,-1.1056393135246971,-1.0272775216861505,-4.000584387578824,0.01775698002158084,0.017811664364628776,-0.3887432632188414,-0.3887145651254728
397241,250000.0,12.429220196836383,29,841,0,192.0,4621.0,121.61,15.0,0.0092,0,1,GK,Goalkeeper,0.5649918326910603,0.4691013574301011,0.2950125752638379,0.776206730269502,0.7762909243069691,-0.13230275145883957,-0.1336001753336193
140312,100000.0,11.51293546492023,34,1156,0,188.0,1515.0,39.87,22.0,0.0136,0,0,GK,Goalkeeper,1.4931202472553702,1.5379434139417094,0.20552097187128243,-0.704462612452084,-0.704437394481827,-0.012630512637505377,-0.01158894543316762
349465,1800000.0,14.403297778421795,25,625,1,187.0,6480.0,170.53,0.0,0.0,0,0,GK,Goalkeeper,-0.17751089896038744,-0.26381890989214457,0.18314807102314357,1.6624154579319066,1.662481643112302,-0.3887432632188414,-0.3887145651254728
487828,200000.0,12.206077645517674,22,484,1,186.0,4025.0,105.92,0.0,0.0,0,0,GK,Goalkeeper,-0.7343879476989733,-0.742252973283055,0.16077517017500473,0.49208601930296464,0.4920649967097559,-0.3887432632188414,-0.3887145651254728
617178,50000.0,10.819798284210286,21,441,1,187.0,1694.0,44.58,0.0,0.0,0,0,GK,Goalkeeper,-0.9200136306118352,-0.8881583968703538,0.18314807102314357,-0.6191310566416641,-0.6191152709010191,-0.3887432632188414,-0.3887145651254728
504825,100000.0,11.51293546492023,23,529,1,189.0,1800.0,47.37,258.0,0.1591,1,0,GK,Goalkeeper,-0.5487622647861113,-0.5895612509242537,0.2278938727194213,-0.5685995207986222,-0.5685741403722604,4.02203353905319,4.02310058877495
708193,50000.0,10.819798284210286,21,441,1,188.0,1225.0,32.24,131.0,0.0808,1,0,GK,Goalkeeper,-0.9200136306118352,-0.8881583968703538,0.20552097187128243,-0.8427092671170099,-0.8426556116626259,1.850837206151841,1.8518552930464582
601507,125000.0,11.736077016252437,23,529,1,194.0,675.0,17.76,38.0,0.0234,0,0,GK,Goalkeeper,-0.5487622647861113,-0.5895612509242537,0.3397583769601156,-1.1049011983780763,-1.1049622675968291,0.2609060332398299,0.26016333934511116
678006,275000.0,12.524530013005734,20,400,0,0.0,5670.0,149.21,0.0,0.0,0,1,GK,Goalkeeper,-1.1056393135246971,-1.0272775216861505,-4.000584387578824,1.2762782500746996,1.2762676994301743,-0.3887432632188414,-0.3887145651254728
986180,300000.0,12.611541086966115,19,361,0,190.0,4038.0,106.26,72.0,0.0444,1,0,GK,Goalkeeper,-1.291264996437559,-1.159610347730445,0.25026677356756016,0.49828328313277165,0.4982241308960563,0.8421711932291673,0.8424896638699942
62270,75000.0,11.225256725762893,37,1369,0,186.0,5475.0,144.08,15.0,0.0092,0,0,GK,Goalkeeper,2.049997295993956,2.260684233106702,0.16077517017500473,1.1833192926275942,1.1833372336192307,-0.13230275145883957,-0.1336001753336193
73929,250000.0,12.429220196836383,34,1156,0,186.0,6390.0,168.16,31.0,0.0191,0,0,GK,Goalkeeper,1.4931202472553702,1.5379434139417094,0.16077517017500473,1.6195113237255503,1.6195488548136787,0.1412337944184957,0.14092509194239697
197901,250000.0,12.429220196836383,30,900,0,186.0,5250.0,138.16,0.0,0.0,0,1,GK,Goalkeeper,0.7506175156039223,0.6692971711894182,0.16077517017500473,1.0760589571117034,1.0760958383754127,-0.3887432632188414,-0.3887145651254728
704260,50000.0,10.819798284210286,21,441,1,198.0,3060.0,80.53,0.0,0.0,0,0,GK,Goalkeeper,-0.9200136306118352,-0.8881583968703538,0.4292499803526711,0.03205835809036628,0.032122593797503235,-0.3887432632188414,-0.3887145651254728
581604,300000.0,12.611541086966115,22,484,1,193.0,3510.0,92.37,0.0,0.0,0,0,GK,Goalkeeper,-0.7343879476989733,-0.742252973283055,0.31738547611197676,0.24657902912214788,0.24660538428513903,-0.3887432632188414,-0.3887145651254728
704337,225000.0,12.323860125621126,21,441,1,195.0,6600.0,173.68,0.0,0.0,0,0,GK,Goalkeeper,-0.9200136306118352,-0.8881583968703538,0.3621312778082545,1.7196209702070482,1.71954420983832,-0.3887432632188414,-0.3887145651254728
847217,75000.0,11.225256725762893,21,441,1,0.0,1440.0,37.89,0.0,0.0,0,0,GK,Goalkeeper,-0.9200136306118352,-0.8881583968703538,-4.000584387578824,-0.7402160576240475,-0.7403052935667526,-0.3887432632188414,-0.3887145651254728
317444,900000.0,13.710151153416941,25,625,1,192.0,4890.0,128.68,8.0,0.0049,0,0,GK,Goalkeeper,-0.17751089896038744,-0.26381890989214457,0.2950125752638379,0.9044424202862782,0.9043646851809206,-0.2519749902801737,-0.25283842273633345
386442,250000.0,12.429220196836383,25,625,1,193.0,3960.0,104.21,0.0,0.0,0,0,GK,Goalkeeper,-0.17751089896038744,-0.26381890989214457,0.31738547611197676,0.4610997001539295,0.4610881747727746,-0.3887432632188414,-0.3887145651254728
1065094,75000.0,11.225256725762893,18,324,0,188.0,1540.0,40.53,8.0,0.0049,0,0,GK,Goalkeeper,-1.476890679350421,-1.285156875003237,0.20552097187128243,-0.6925447973947627,-0.6924814281201851,-0.2519749902801737,-0.25283842273633345
459300,25000.0,10.12667110305036,24,576,1,188.0,1800.0,47.37,0.0,0.0,0,0,GK,Goalkeeper,-0.3631365818732494,-0.4300832297939503,0.20552097187128243,-0.5685995207986222,-0.5685741403722604,-0.3887432632188414,-0.3887145651254728
273937,175000.0,12.07254696717504,27,729,1,190.0,360.0,9.47,64.0,0.0395,1,0,GK,Goalkeeper,0.19374046686533647,0.08906862622597374,0.25026677356756016,-1.2550656681003234,-1.2551364511392702,0.7054029202904998,0.7066135214808549
386685,600000.0,13.304686600863562,26,676,1,186.0,1980.0,52.11,178.0,0.1097,1,0,GK,Goalkeeper,0.008114783952474518,-0.09076829121883655,0.16077517017500473,-0.4827912523859096,-0.48270856377501437,2.6543508096665134,2.653247234892607
704626,50000.0,10.819798284210286,21,441,1,190.0,1350.0,35.53,0.0,0.0,0,0,GK,Goalkeeper,-0.9200136306118352,-0.8881583968703538,0.25026677356756016,-0.7831201918304038,-0.7830569308598961,-0.3887432632188414,-0.3887145651254728
242537,125000.0,11.736077016252437,28,784,0,191.0,690.0,18.16,11.0,0.0068,0,0,GK,Goalkeeper,0.37936614977819844,0.2756918424422863,0.27263967441569903,-1.0977505093436835,-1.0977162273776524,-0.20068688792817338,-0.20015175527932022
228975,350000.0,12.765691290604371,30,900,0,195.0,900.0,23.68,300.0,0.185,1,0,GK,Goalkeeper,0.7506175156039223,0.6692971711894182,0.3621312778082545,-0.9976408628621855,-0.9977208723530113,4.740066971981195,4.741303055688973
463792,300000.0,12.611541086966115,24,576,1,190.0,3630.0,95.53,0.0,0.0,0,0,GK,Goalkeeper,-0.3631365818732494,-0.4300832297939503,0.25026677356756016,0.30378454139728966,0.30384910201663634,-0.3887432632188414,-0.3887145651254728
640544,200000.0,12.206077645517674,21,441,1,186.0,61.0,1.61,0.0,0.0,0,0,GK,Goalkeeper,-0.9200136306118352,-0.8881583968703538,0.16077517017500473,-1.397602736185885,-1.3975211414460957,-0.3887432632188414,-0.3887145651254728
240799,50000.0,10.819798284210286,29,841,0,192.0,779.0,20.5,0.0,0.0,0,1,GK,Goalkeeper,0.5649918326910603,0.4691013574301011,0.2950125752638379,-1.05532308773962,-1.0553268920954675,-0.3887432632188414,-0.3887145651254728
244175,50000.0,10.819798284210286,29,841,0,188.0,1458.0,38.37,0.0,0.0,0,1,GK,Goalkeeper,0.5649918326910603,0.4691013574301011,0.20552097187128243,-0.7316352307827763,-0.7316100453037403,-0.3887432632188414,-0.3887145651254728
57815,100000.0,11.51293546492023,35,1225,0,183.0,2790.0,73.42,0.0,0.0,0,0,GK,Goalkeeper,1.6787459301682321,1.7720707215585378,0.09365646763058813,-0.09665404452870269,-0.09667577109836585,-0.3887432632188414,-0.3887145651254728
82361,300000.0,12.611541086966115,32,1024,0,190.0,1884.0,49.58,42.0,0.0259,1,0,GK,Goalkeeper,1.1218688814296462,1.0900476950225593,0.25026677356756016,-0.528555662206023,-0.5285397681613081,0.3292901697091637,0.3294879017885496
894692,150000.0,11.918397239722838,19,361,0,191.0,5536.0,145.68,0.0,0.0,0,0,GK,Goalkeeper,-1.291264996437559,-1.159610347730445,0.27263967441569903,1.212398761367458,1.2123213944959381,-0.3887432632188414,-0.3887145651254728
621223,150000.0,11.918397239722838,22,484,1,188.0,3426.0,90.16,11.0,0.0068,0,0,GK,Goalkeeper,-0.7343879476989733,-0.742252973283055,0.20552097187128243,0.20653517052954865,0.2065710120741866,-0.20068688792817338,-0.20015175527932022
788152,150000.0,11.918397239722838,20,400,0,188.0,180.0,4.74,0.0,0.0,0,0,GK,Goalkeeper,-1.1056393135246971,-1.0272775216861505,0.20552097187128243,-1.340873936513036,-1.3408208767310368,-0.3887432632188414,-0.3887145651254728
348778,350000.0,12.765691290604371,25,625,1,186.0,1449.0,38.13,86.0,0.053,1,0,GK,Goalkeeper,-0.17751089896038744,-0.26381890989214457,0.16077517017500473,-0.7359256442034119,-0.7359576694352463,1.0815156708718356,1.0809661586754225
817302,225000.0,12.323860125621126,20,400,0,189.0,2902.0,76.37,0.0,0.0,0,0,GK,Goalkeeper,-1.1056393135246971,-1.0272775216861505,0.2278938727194213,-0.04326223307190371,-0.04323622448193629,-0.3887432632188414,-0.3887145651254728
687640,300000.0,12.611541086966115,24,576,1,185.0,6570.0,172.89,0.0,0.0,0,0,GK,Goalkeeper,-0.3631365818732494,-0.4300832297939503,0.13840226932686586,1.705319592138263,1.7052332804054453,-0.3887432632188414,-0.3887145651254728
624462,1000000.0,13.815511557963774,23,529,1,191.0,5212.0,137.16,0.0,0.0,0,0,GK,Goalkeeper,-0.5487622647861113,-0.5895612509242537,0.27263967441569903,1.0579438782245751,1.0579807378274704,-0.3887432632188414,-0.3887145651254728
296741,500000.0,13.122365377402328,26,676,1,189.0,1592.0,41.89,0.0,0.0,0,0,GK,Goalkeeper,0.008114783952474518,-0.09076829121883655,0.2278938727194213,-0.6677557420755346,-0.6678448913749837,-0.3887432632188414,-0.3887145651254728
604326,1800000.0,14.403297778421795,21,441,1,191.0,4050.0,106.58,60.0,0.037,1,0,GK,Goalkeeper,-0.9200136306118352,-0.8881583968703538,0.27263967441569903,0.5040038343602858,0.5040209630713977,0.637018783821166,0.6372889590374163
393664,50000.0,10.819798284210286,25,625,1,182.0,2121.0,55.82,0.0,0.0,0,0,GK,Goalkeeper,-0.17751089896038744,-0.26381890989214457,0.07128356678244926,-0.415574775462618,-0.41550154074214873,-0.3887432632188414,-0.3887145651254728
85534,200000.0,12.206077645517674,31,961,0,186.0,90.0,2.37,0.0,0.0,0,0,GK,Goalkeeper,0.9362431985167843,0.8762792837202377,0.16077517017500473,-1.3837780707193923,-1.3837536650296596,-0.3887432632188414,-0.3887145651254728
287871,150000.0,11.918397239722838,27,729,1,185.0,5130.0,135.0,0.0,0.0,0,0,GK,Goalkeeper,0.19374046686533647,0.08906862622597374,0.13840226932686586,1.0188534448365616,1.0188521206439152,-0.3887432632188414,-0.3887145651254728
120347,100000.0,11.51293546492023,31,961,0,187.0,842.0,22.16,0.0,0.0,0,0,GK,Goalkeeper,0.9362431985167843,0.8762792837202377,0.18314807102314357,-1.0252901937951706,-1.0252558251858834,-0.3887432632188414,-0.3887145651254728
921955,100000.0,11.51293546492023,24,576,1,198.0,1107.0,29.13,0.0,0.0,0,0,GK,Goalkeeper,-0.3631365818732494,-0.4300832297939503,0.4292499803526711,-0.898961354187566,-0.8989935743667263,-0.3887432632188414,-0.3887145651254728
814473,500000.0,13.122365377402328,20,400,0,194.0,6750.0,177.63,0.0,0.0,0,0,GK,Goalkeeper,-1.1056393135246971,-1.0272775216861505,0.3397583769601156,1.7911278605509755,1.7910988570026916,-0.3887432632188414,-0.3887145651254728
502475,300000.0,12.611541086966115,22,484,1,178.0,3420.0,90.0,0.0,0.0,0,0,GK,Goalkeeper,-0.7343879476989733,-0.742252973283055,-0.018208036610106185,0.20367489491579158,0.2036725959865159,-0.3887432632188414,-0.3887145651254728
391049,100000.0,11.51293546492023,25,625,1,188.0,3600.0,94.74,22.0,0.0136,0,0,GK,Goalkeeper,-0.17751089896038744,-0.26381890989214457,0.20552097187128243,0.2894831633285042,0.2895381725837619,-0.012630512637505377,-0.01158894543316762
817265,25000.0,10.12667110305036,21,441,1,187.0,143.0,3.76,0.0,0.0,0,0,GK,Goalkeeper,-0.9200136306118352,-0.8881583968703538,0.18314807102314357,-1.3585123027978714,-1.35857367526802,-0.3887432632188414,-0.3887145651254728
814472,250000.0,12.429220196836383,20,400,0,193.0,6240.0,164.21,7.0,0.0043,0,0,GK,Goalkeeper,-1.1056393135246971,-1.0272775216861505,0.31738547611197676,1.548004433381623,1.5479942076493074,-0.2690710243975072,-0.26947631772275865
53116,150000.0,11.918397239722838,35,1225,0,187.0,360.0,9.47,0.0,0.0,0,0,GK,Goalkeeper,1.6787459301682321,1.7720707215585378,0.18314807102314357,-1.2550656681003234,-1.2551364511392702,-0.3887432632188414,-0.3887145651254728
57285,300000.0,12.611541086966115,33,1089,0,188.0,6229.0,163.92,44.0,0.0271,1,0,GK,Goalkeeper,1.3074945643425082,1.3106024050963831,0.20552097187128243,1.5427605947564016,1.5427408284904036,0.3634822379438306,0.36276369176140005
818703,200000.0,12.206077645517674,20,400,0,190.0,3240.0,85.26,23.0,0.0142,0,0,GK,Goalkeeper,-1.1056393135246971,-1.0272775216861505,0.25026677356756016,0.11786662650307893,0.11780701938926995,0.0044655214798280775,0.005048949553257654
411371,275000.0,12.524530013005734,28,784,0,194.0,5195.0,136.71,0.0,0.0,0,1,GK,Goalkeeper,0.37936614977819844,0.2756918424422863,0.3397583769601156,1.0498397639855968,1.0498289425808967,-0.3887432632188414,-0.3887145651254728
162951,200000.0,12.206077645517674,30,900,0,190.0,4635.0,121.97,31.0,0.0191,0,0,GK,Goalkeeper,0.7506175156039223,0.6692971711894182,0.25026677356756016,0.7828807067016019,0.7828123605042283,0.1412337944184957,0.14092509194239697
899796,25000.0,10.12667110305036,19,361,0,192.0,866.0,22.79,0.0,0.0,0,0,GK,Goalkeeper,-1.291264996437559,-1.159610347730445,0.2950125752638379,-1.0138490913401423,-1.01384331184068,-0.3887432632188414,-0.3887145651254728
291278,125000.0,11.736077016252437,28,784,0,188.0,3013.0,79.29,0.0,0.0,0,1,GK,Goalkeeper,0.37936614977819844,0.2756918424422863,0.20552097187128243,0.009652865782602422,0.009659869118054987,-0.3887432632188414,-0.3887145651254728
291314,350000.0,12.765691290604371,27,729,1,183.0,6889.0,181.29,3.0,0.0018,0,0,GK,Goalkeeper,0.19374046686533647,0.08906862622597374,0.09365646763058813,1.8573909122696814,1.85740012500816,-0.337455160866841,-0.33880088016619714
818246,100000.0,11.51293546492023,21,441,1,186.0,775.0,20.39,0.0,0.0,0,0,GK,Goalkeeper,-0.9200136306118352,-0.8881583968703538,0.16077517017500473,-1.0572299381487915,-1.057319553155741,-0.3887432632188414,-0.3887145651254728
553282,2500000.0,14.731801689838349,21,441,1,193.0,5370.0,141.32,43.0,0.0265,1,0,GK,Goalkeeper,-0.9200136306118352,-0.8881583968703538,0.31738547611197676,1.1332644693868452,1.13333955610691,0.34638620382649715,0.3461257967749748
340264,100000.0,11.51293546492023,26,676,1,189.0,1534.0,40.37,25.0,0.0154,0,0,GK,Goalkeeper,0.008114783952474518,-0.09076829121883655,0.2278938727194213,-0.6954050730085198,-0.6953798442078559,0.03865758971449499,0.038324739526108105
52880,25000.0,10.12667110305036,40,1600,0,189.0,3390.0,89.21,0.0,0.0,0,0,GK,Goalkeeper,2.606874344732542,3.0445017412152144,0.2278938727194213,0.18937351684700612,0.18936166655364145,-0.3887432632188414,-0.3887145651254728
347353,250000.0,12.429220196836383,26,676,1,194.0,603.0,15.87,0.0,0.0,0,1,GK,Goalkeeper,0.008114783952474518,-0.09076829121883655,0.3397583769601156,-1.1392245057431614,-1.1391998076324399,-0.3887432632188414,-0.3887145651254728
616228,200000.0,12.206077645517674,22,484,1,194.0,3348.0,88.11,325.0,0.2004,1,0,GK,Goalkeeper,-0.7343879476989733,-0.742252973283055,0.3397583769601156,0.1693515875507065,0.16943505595090513,5.167467824914532,5.168342360340554
84993,900000.0,13.710151153416941,32,1024,0,188.0,4680.0,123.16,29.0,0.0179,0,0,GK,Goalkeeper,1.1218688814296462,1.0900476950225593,0.20552097187128243,0.8043327738047801,0.8043693301562794,0.1070417261838288,0.10764930196954653
667060,150000.0,11.918397239722838,20,400,0,190.0,1129.0,29.71,0.0,0.0,0,0,GK,Goalkeeper,-1.1056393135246971,-1.0272775216861505,0.25026677356756016,-0.8884736769371232,-0.8884868160489198,-0.3887432632188414,-0.3887145651254728
821202,125000.0,11.736077016252437,20,400,0,191.0,3720.0,97.89,0.0,0.0,0,0,GK,Goalkeeper,-1.1056393135246971,-1.0272775216861505,0.27263967441569903,0.34668867560364597,0.34660073930977997,-0.3887432632188414,-0.3887145651254728
616131,50000.0,10.819798284210286,22,484,1,186.0,401.0,10.55,0.0,0.0,0,0,GK,Goalkeeper,-0.7343879476989733,-0.742252973283055,0.16077517017500473,-1.2355204514063167,-1.2355721425474926,-0.3887432632188414,-0.3887145651254728
613533,100000.0,11.51293546492023,22,484,1,192.0,2421.0,63.71,0.0,0.0,0,0,GK,Goalkeeper,-0.7343879476989733,-0.742252973283055,0.2950125752638379,-0.2725609947747636,-0.2725733974188847,-0.3887432632188414,-0.3887145651254728
774531,50000.0,10.819798284210286,19,361,0,200.0,2932.0,77.16,0.0,0.0,0,0,GK,Goalkeeper,-1.291264996437559,-1.159610347730445,0.47399578204894877,-0.028960855003118267,-0.02892529504906209,-0.3887432632188414,-0.3887145651254728
704079,100000.0,11.51293546492023,22,484,1,190.0,900.0,23.68,0.0,0.0,0,0,GK,Goalkeeper,-0.7343879476989733,-0.742252973283055,0.25026677356756016,-0.9976408628621855,-0.9977208723530113,-0.3887432632188414,-0.3887145651254728
355444,200000.0,12.206077645517674,28,784,0,184.0,4239.0,111.55,9.0,0.0055,0,0,GK,Goalkeeper,0.37936614977819844,0.2756918424422863,0.116029368478727,0.5941025161936341,0.5940530127946705,-0.2348789561628403,-0.2362005277499082
595530,150000.0,11.918397239722838,21,441,1,0.0,2799.0,73.66,271.0,0.1671,1,0,GK,Goalkeeper,-0.9200136306118352,-0.8881583968703538,-4.000584387578824,-0.09236363110806706,-0.09232814696685981,4.244281982578525,4.244939188593953
196382,350000.0,12.765691290604371,29,841,0,187.0,1350.0,35.53,71.0,0.0438,1,1,GK,Goalkeeper,0.5649918326910603,0.4691013574301011,0.18314807102314357,-0.7831201918304038,-0.7830569308598961,0.8250751591118339,0.8258517688835689
274039,250000.0,12.429220196836383,27,729,1,193.0,180.0,4.74,24.0,0.0148,0,0,GK,Goalkeeper,0.19374046686533647,0.08906862622597374,0.31738547611197676,-1.340873936513036,-1.3408208767310368,0.02156155559716153,0.02168684453968288
353609,225000.0,12.323860125621126,25,625,1,194.0,4754.0,125.11,35.0,0.0216,0,0,GK,Goalkeeper,-0.17751089896038744,-0.26381890989214457,0.3397583769601156,0.8396095063744509,0.8396937762247668,0.20961793088782954,0.21024965438583548
1060962,125000.0,11.736077016252437,20,400,0,187.0,2766.0,72.79,148.0,0.0912,1,0,GK,Goalkeeper,-1.1056393135246971,-1.0272775216861505,0.18314807102314357,-0.10809514698373104,-0.10808828444356937,2.14146978614651,2.1402454728111624
818819,25000.0,10.12667110305036,21,441,1,185.0,1.0,0.03,0.0,0.0,0,0,GK,Goalkeeper,-0.9200136306118352,-0.8881583968703538,0.13840226932686586,-1.4262054923234557,-1.4261430003118445,-0.3887432632188414,-0.3887145651254728
704468,75000.0,11.225256725762893,20,400,0,192.0,90.0,2.37,0.0,0.0,0,1,GK,Goalkeeper,-1.1056393135246971,-1.0272775216861505,0.2950125752638379,-1.3837780707193923,-1.3837536650296596,-0.3887432632188414,-0.3887145651254728
821678,50000.0,10.819798284210286,20,400,0,194.0,3960.0,104.21,3.0,0.0018,0,0,GK,Goalkeeper,-1.1056393135246971,-1.0272775216861505,0.3397583769601156,0.4610997001539295,0.4610881747727746,-0.337455160866841,-0.33880088016619714
600942,1800000.0,14.403297778421795,21,441,1,191.0,5031.0,132.39,54.0,0.0333,1,0,GK,Goalkeeper,-0.9200136306118352,-0.8881583968703538,0.27263967441569903,0.9716588972095698,0.9715717082137859,0.5344425791171652,0.5346886066211275
729536,100000.0,11.51293546492023,20,400,0,184.0,4230.0,111.32,0.0,0.0,0,0,GK,Goalkeeper,-1.1056393135246971,-1.0272775216861505,0.116029368478727,0.5898121027729984,0.5898865396686437,-0.3887432632188414,-0.3887145651254728
616902,200000.0,12.206077645517674,22,484,1,192.0,4620.0,121.58,0.0,0.0,0,0,GK,Goalkeeper,-0.7343879476989733,-0.742252973283055,0.2950125752638379,0.7757300176672092,0.7757474712905308,-0.3887432632188414,-0.3887145651254728
395671,1000000.0,13.815511557963774,26,676,1,189.0,2340.0,61.58,0.0,0.0,0,0,GK,Goalkeeper,0.008114783952474518,-0.09076829121883655,0.2278938727194213,-0.3111747155604843,-0.31115856158600164,-0.3887432632188414,-0.3887145651254728
617164,50000.0,10.819798284210286,21,441,1,196.0,360.0,9.47,13.0,0.008,0,1,GK,Goalkeeper,-0.9200136306118352,-0.8881583968703538,0.38450417865639336,-1.2550656681003234,-1.2551364511392702,-0.16649481969350646,-0.16687596530646973
886189,100000.0,11.51293546492023,20,400,0,0.0,3230.0,85.0,0.0,0.0,0,0,GK,Goalkeeper,-1.1056393135246971,-1.0272775216861505,-4.000584387578824,0.11309950048015044,0.11309709324680488,-0.3887432632188414,-0.3887145651254728
617808,400000.0,12.899222326086994,21,441,1,194.0,3510.0,92.37,30.0,0.0185,0,0,GK,Goalkeeper,-0.9200136306118352,-0.8881583968703538,0.3397583769601156,0.24657902912214788,0.24660538428513903,0.12413776030116226,0.12428719695597175
659648,600000.0,13.304686600863562,21,441,1,185.0,6030.0,158.68,0.0,0.0,0,0,GK,Goalkeeper,-0.9200136306118352,-0.8881583968703538,0.13840226932686586,1.4478947869001249,1.4478177016191869,-0.3887432632188414,-0.3887145651254728
903563,200000.0,12.206077645517674,20,400,0,189.0,2760.0,72.63,0.0,0.0,0,0,GK,Goalkeeper,-1.1056393135246971,-1.0272775216861505,0.2278938727194213,-0.11095542259748813,-0.11098670053124031,-0.3887432632188414,-0.3887145651254728
818623,25000.0,10.12667110305036,21,441,1,0.0,450.0,11.84,58.0,0.0358,1,0,GK,Goalkeeper,-0.9200136306118352,-0.8881583968703538,-4.000584387578824,-1.212161533893967,-1.212203662840647,0.602826715586499,0.6040131690645658
160929,2000000.0,14.508658238524095,29,841,0,190.0,5760.0,151.58,0.0,0.0,0,0,GK,Goalkeeper,0.5649918326910603,0.4691013574301011,0.25026677356756016,1.319182384281056,1.3192004877287973,-0.3887432632188414,-0.3887145651254728
916434,25000.0,10.12667110305036,21,441,1,0.0,3060.0,80.53,0.0,0.0,0,0,GK,Goalkeeper,-0.9200136306118352,-0.8881583968703538,-4.000584387578824,0.03205835809036628,0.032122593797503235,-0.3887432632188414,-0.3887145651254728
970683,300000.0,12.611541086966115,19,361,0,0.0,5786.0,152.26,0.0,0.0,0,0,GK,Goalkeeper,-1.291264996437559,-1.159610347730445,-4.000584387578824,1.33157691194067,1.3315187561013977,-0.3887432632188414,-0.3887145651254728
808027,125000.0,11.736077016252437,26,676,1,187.0,4648.0,122.32,0.0,0.0,0,0,GK,Goalkeeper,0.008114783952474518,-0.09076829121883655,0.18314807102314357,0.7890779705314089,0.789152645696008,-0.3887432632188414,-0.3887145651254728
818225,125000.0,11.736077016252437,20,400,0,184.0,3240.0,85.26,0.0,0.0,0,0,GK,Goalkeeper,-1.1056393135246971,-1.0272775216861505,0.116029368478727,0.11786662650307893,0.11780701938926995,-0.3887432632188414,-0.3887145651254728
930013,150000.0,11.918397239722838,18,324,0,190.0,4230.0,111.32,61.0,0.0376,1,0,GK,Goalkeeper,-1.476890679350421,-1.285156875003237,0.25026677356756016,0.5898121027729984,0.5898865396686437,0.6541148179384993,0.6539268540238417
125348,75000.0,11.225256725762893,32,1024,0,185.0,1399.0,36.82,0.0,0.0,0,0,GK,Goalkeeper,1.1218688814296462,1.0900476950225593,0.13840226932686586,-0.7597612743180543,-0.7596884511530507,-0.3887432632188414,-0.3887145651254728
163315,250000.0,12.429220196836383,32,1024,0,186.0,5040.0,132.63,0.0,0.0,0,0,GK,Goalkeeper,1.1218688814296462,1.0900476950225593,0.16077517017500473,0.9759493106302054,0.9759193323452922,-0.3887432632188414,-0.3887145651254728
315788,100000.0,11.51293546492023,26,676,1,190.0,840.0,22.11,0.0,0.0,0,0,GK,Goalkeeper,0.008114783952474518,-0.09076829121883655,0.25026677356756016,-1.0262436189997564,-1.0261615802132806,-0.3887432632188414,-0.3887145651254728
525658,25000.0,10.12667110305036,23,529,1,193.0,1800.0,47.37,0.0,0.0,0,0,GK,Goalkeeper,-0.5487622647861113,-0.5895612509242537,0.31738547611197676,-0.5685995207986222,-0.5685741403722604,-0.3887432632188414,-0.3887145651254728
918811,800000.0,13.592368256649284,21,441,1,197.0,7230.0,190.26,0.0,0.0,0,0,GK,Goalkeeper,-0.9200136306118352,-0.8881583968703538,0.4068770795045322,2.0199499096515425,2.0198925769232017,-0.3887432632188414,-0.3887145651254728
44536,100000.0,11.51293546492023,35,1225,0,193.0,2610.0,68.68,0.0,0.0,0,0,GK,Goalkeeper,1.6787459301682321,1.7720707215585378,0.31738547611197676,-0.18246231294141532,-0.18254134769561184,-0.3887432632188414,-0.3887145651254728
829299,4000000.0,15.201805169084134,20,400,0,190.0,3540.0,93.16,0.0,0.0,0,0,GK,Goalkeeper,-1.1056393135246971,-1.0272775216861505,0.25026677356756016,0.2608804071909333,0.2609163137180132,-0.3887432632188414,-0.3887145651254728
490699,400000.0,12.899222326086994,23,529,1,185.0,6781.0,178.45,39.0,0.024,0,0,GK,Goalkeeper,-0.5487622647861113,-0.5895612509242537,0.13840226932686586,1.8059059512220537,1.805953239452004,0.2780020673571634,0.2768012343315364
323654,100000.0,11.51293546492023,27,729,1,185.0,1440.0,37.89,0.0,0.0,0,0,GK,Goalkeeper,0.19374046686533647,0.08906862622597374,0.13840226932686586,-0.7402160576240475,-0.7403052935667526,-0.3887432632188414,-0.3887145651254728
709986,75000.0,11.225256725762893,20,400,0,192.0,3751.0,98.71,0.0,0.0,0,0,GK,Goalkeeper,-1.1056393135246971,-1.0272775216861505,0.2950125752638379,0.36146676627472424,0.36145512175909245,-0.3887432632188414,-0.3887145651254728
123503,300000.0,12.611541086966115,32,1024,0,196.0,8400.0,221.05,0.0,0.0,0,0,GK,Goalkeeper,1.1218688814296462,1.0900476950225593,0.38450417865639336,2.577703654334175,2.577656522794342,-0.3887432632188414,-0.3887145651254728
809986,275000.0,12.524530013005734,20,400,0,182.0,5755.0,151.45,0.0,0.0,0,0,GK,Goalkeeper,-1.1056393135246971,-1.0272775216861505,0.07128356678244926,1.3167988212695918,1.3168455246575643,-0.3887432632188414,-0.3887145651254728
570188,300000.0,12.611541086966115,27,729,1,190.0,900.0,23.68,0.0,0.0,0,0,GK,Goalkeeper,0.19374046686533647,0.08906862622597374,0.25026677356756016,-0.9976408628621855,-0.9977208723530113,-0.3887432632188414,-0.3887145651254728
744622,200000.0,12.206077645517674,19,361,0,185.0,3360.0,88.42,0.0,0.0,0,0,GK,Goalkeeper,-1.291264996437559,-1.159610347730445,0.13840226932686586,0.1750721387782207,0.17505073712076727,-0.3887432632188414,-0.3887145651254728
255294,1500000.0,14.220976332738882,27,729,1,190.0,6630.0,174.47,3.0,0.0018,0,0,GK,Goalkeeper,0.19374046686533647,0.08906862622597374,0.25026677356756016,1.7339223482758337,1.7338551392711943,-0.337455160866841,-0.33880088016619714
822960,350000.0,12.765691290604371,19,361,0,193.0,5580.0,146.84,0.0,0.0,0,0,GK,Goalkeeper,-1.291264996437559,-1.159610347730445,0.31738547611197676,1.2333741158683433,1.233334911131551,-0.3887432632188414,-0.3887145651254728
815550,50000.0,10.819798284210286,20,400,0,196.0,1530.0,40.26,0.0,0.0,0,0,GK,Goalkeeper,-1.1056393135246971,-1.0272775216861505,0.38450417865639336,-0.6973119234176912,-0.6973725052681295,-0.3887432632188414,-0.3887145651254728
1016031,150000.0,11.918397239722838,19,361,0,188.0,3960.0,104.21,0.0,0.0,0,0,GK,Goalkeeper,-1.291264996437559,-1.159610347730445,0.20552097187128243,0.4610997001539295,0.4610881747727746,-0.3887432632188414,-0.3887145651254728
738119,225000.0,12.323860125621126,21,441,1,190.0,5310.0,139.74,0.0,0.0,0,0,GK,Goalkeeper,-0.9200136306118352,-0.8881583968703538,0.25026677356756016,1.1046617132492744,1.1047176972411614,-0.3887432632188414,-0.3887145651254728
738112,150000.0,11.918397239722838,20,400,0,192.0,4195.0,110.39,77.0,0.0475,1,0,GK,Goalkeeper,-1.1056393135246971,-1.0272775216861505,0.2950125752638379,0.5731271616927488,0.5730394961590576,0.9276513638158347,0.928452121299858
453770,500000.0,13.122365377402328,24,576,1,196.0,4725.0,124.34,0.0,0.0,0,0,GK,Goalkeeper,-0.3631365818732494,-0.4300832297939503,0.38450417865639336,0.8257848409079582,0.8257451488028514,-0.3887432632188414,-0.3887145651254728
688544,50000.0,10.819798284210286,21,441,1,193.0,3150.0,82.89,0.0,0.0,0,0,GK,Goalkeeper,-0.9200136306118352,-0.8881583968703538,0.31738547611197676,0.0749624922967226,0.07487423109064684,-0.3887432632188414,-0.3887145651254728
196826,250000.0,12.429220196836383,29,841,0,197.0,4979.0,131.03,67.0,0.0413,1,0,GK,Goalkeeper,0.5649918326910603,0.4691013574301011,0.4068770795045322,0.9468698418903416,0.9469351714685847,0.7566910226425001,0.7565272064401306
564792,75000.0,11.225256725762893,22,484,1,188.0,180.0,4.74,296.0,0.1825,1,0,GK,Goalkeeper,-0.7343879476989733,-0.742252973283055,0.20552097187128243,-1.340873936513036,-1.3408208767310368,4.671682835511861,4.671978493245534
815180,200000.0,12.206077645517674,20,400,0,194.0,2520.0,66.32,123.0,0.0758,1,1,GK,Goalkeeper,-1.1056393135246971,-1.0272775216861505,0.3397583769601156,-0.22536644714777165,-0.2252929849887557,1.7140689332131733,1.7132061681595814
255633,100000.0,11.51293546492023,27,729,1,197.0,1620.0,42.63,0.0,0.0,0,0,GK,Goalkeeper,0.19374046686533647,0.08906862622597374,0.4068770795045322,-0.6544077892113349,-0.6544397169695064,-0.3887432632188414,-0.3887145651254728
39015,200000.0,12.206077645517674,36,1296,0,197.0,930.0,24.47,516.0,0.3181,1,0,GK,Goalkeeper,1.864371613081094,2.0129843279468687,0.4068770795045322,-0.9833394847934,-0.983409942920137,8.43281034132522,8.432142760177635
34334,75000.0,11.225256725762893,36,1296,0,191.0,2883.0,75.87,7.0,0.0043,0,0,GK,Goalkeeper,1.864371613081094,2.0129843279468687,0.27263967441569903,-0.05231977251546782,-0.05229377475590739,-0.2690710243975072,-0.26947631772275865
342876,150000.0,11.918397239722838,25,625,1,190.0,5459.0,143.66,0.0,0.0,0,0,GK,Goalkeeper,-0.17751089896038744,-0.26381890989214457,0.25026677356756016,1.1756918909909087,1.1757288913890946,-0.3887432632188414,-0.3887145651254728
815563,100000.0,11.51293546492023,20,400,0,197.0,2522.0,66.37,0.0,0.0,0,0,GK,Goalkeeper,-1.1056393135246971,-1.0272775216861505,0.4068770795045322,-0.22441302194318596,-0.22438722996135838,-0.3887432632188414,-0.3887145651254728
726120,600000.0,13.304686600863562,20,400,0,195.0,1793.0,47.18,96.0,0.0592,1,0,GK,Goalkeeper,-1.1056393135246971,-1.0272775216861505,0.3621312778082545,-0.5719365090146722,-0.5720160094763694,1.2524760120451701,1.25289107353515
199598,200000.0,12.206077645517674,30,900,0,190.0,5268.0,138.63,0.0,0.0,0,0,GK,Goalkeeper,0.7506175156039223,0.6692971711894182,0.25026677356756016,1.0846397839529747,1.0846099356329455,-0.3887432632188414,-0.3887145651254728
196427,250000.0,12.429220196836383,28,784,0,198.0,870.0,22.89,0.0,0.0,0,0,GK,Goalkeeper,0.37936614977819844,0.2756918424422863,0.4292499803526711,-1.0119422409309708,-1.0120318017858856,-0.3887432632188414,-0.3887145651254728
724709,75000.0,11.225256725762893,20,400,0,196.0,720.0,18.95,239.0,0.1473,1,0,GK,Goalkeeper,-1.1056393135246971,-1.0272775216861505,0.38450417865639336,-1.0834491312748982,-1.083405297944778,3.697208890823854,3.6958886540419202
73396,400000.0,12.899222326086994,36,1296,0,183.0,1316.0,34.63,135.0,0.0832,1,0,GK,Goalkeeper,1.864371613081094,2.0129843279468687,0.09365646763058813,-0.7993284203083607,-0.799360521353044,1.9192213426211748,1.918406872992159
662363,50000.0,10.819798284210286,22,484,1,185.0,1753.0,46.13,0.0,0.0,0,0,GK,Goalkeeper,-0.7343879476989733,-0.742252973283055,0.13840226932686586,-0.5910050131063861,-0.5910368650517087,-0.3887432632188414,-0.3887145651254728
264766,75000.0,11.225256725762893,30,900,0,191.0,2361.0,62.13,7.0,0.0043,0,0,GK,Goalkeeper,0.7506175156039223,0.6692971711894182,0.27263967441569903,-0.3011637509123345,-0.30119525628463334,-0.2690710243975072,-0.26947631772275865
275671,25000.0,10.12667110305036,28,784,0,190.0,1695.0,44.61,0.0,0.0,0,0,GK,Goalkeeper,0.37936614977819844,0.2756918424422863,0.25026677356756016,-0.6186543440393713,-0.6185718178845809,-0.3887432632188414,-0.3887145651254728
320897,150000.0,11.918397239722838,25,625,1,189.0,1620.0,42.63,0.0,0.0,0,0,GK,Goalkeeper,-0.17751089896038744,-0.26381890989214457,0.2278938727194213,-0.6544077892113349,-0.6544397169695064,-0.3887432632188414,-0.3887145651254728
138341,25000.0,10.12667110305036,36,1296,0,188.0,5130.0,135.0,0.0,0.0,0,0,GK,Goalkeeper,1.864371613081094,2.0129843279468687,0.20552097187128243,1.0188534448365616,1.0188521206439152,-0.3887432632188414,-0.3887145651254728
381487,50000.0,10.819798284210286,26,676,1,189.0,1260.0,33.16,0.0,0.0,0,0,GK,Goalkeeper,0.008114783952474518,-0.09076829121883655,0.2278938727194213,-0.8260243260367601,-0.8259897191585193,-0.3887432632188414,-0.3887145651254728
975860,200000.0,12.206077645517674,20,400,0,190.0,2508.0,66.0,0.0,0.0,0,0,GK,Goalkeeper,-1.1056393135246971,-1.0272775216861505,0.25026677356756016,-0.23108699837528582,-0.23108981716409707,-0.3887432632188414,-0.3887145651254728
255532,25000.0,10.12667110305036,29,841,0,190.0,716.0,18.84,0.0,0.0,0,0,GK,Goalkeeper,0.5649918326910603,0.4691013574301011,0.25026677356756016,-1.0853559816840694,-1.0853979590050515,-0.3887432632188414,-0.3887145651254728
258267,175000.0,12.07254696717504,27,729,1,188.0,90.0,2.37,0.0,0.0,0,0,GK,Goalkeeper,0.19374046686533647,0.08906862622597374,0.20552097187128243,-1.3837780707193923,-1.3837536650296596,-0.3887432632188414,-0.3887145651254728
684699,25000.0,10.12667110305036,24,576,1,187.0,2857.0,75.18,0.0,0.0,0,0,GK,Goalkeeper,-0.3631365818732494,-0.4300832297939503,0.18314807102314357,-0.06471430017508187,-0.06479319413398747,-0.3887432632188414,-0.3887145651254728
989099,10000.0,9.210440366976517,18,324,0,192.0,383.0,10.08,0.0,0.0,0,0,GK,Goalkeeper,-1.476890679350421,-1.285156875003237,0.2950125752638379,-1.244101278247588,-1.2440862398050254,-0.3887432632188414,-0.3887145651254728
298580,25000.0,10.12667110305036,29,841,0,186.0,3418.0,89.95,0.0,0.0,0,0,GK,Goalkeeper,0.5649918326910603,0.4691013574301011,0.16077517017500473,0.20272146971120586,0.20276684095911887,-0.3887432632188414,-0.3887145651254728
339041,450000.0,13.017005083966255,25,625,1,185.0,4666.0,122.79,26.0,0.016,0,0,GK,Goalkeeper,-0.17751089896038744,-0.26381890989214457,0.13840226932686586,0.7976587973726802,0.797666742953541,0.05575362383182844,0.05496263451253333
257791,25000.0,10.12667110305036,30,900,0,188.0,3601.0,94.76,0.0,0.0,0,0,GK,Goalkeeper,0.7506175156039223,0.6692971711894182,0.20552097187128243,0.2899598759307971,0.2899004745947209,-0.3887432632188414,-0.3887145651254728
395569,50000.0,10.819798284210286,31,961,0,186.0,3848.0,101.26,0.0,0.0,0,0,GK,Goalkeeper,0.9362431985167843,0.8762792837202377,0.16077517017500473,0.40770788869713054,0.4076486281563453,-0.3887432632188414,-0.3887145651254728
342995,125000.0,11.736077016252437,27,729,1,192.0,2970.0,78.16,0.0,0.0,0,0,GK,Goalkeeper,0.19374046686533647,0.08906862622597374,0.2950125752638379,-0.010845776115990044,-0.010810194501119882,-0.3887432632188414,-0.3887145651254728
406294,25000.0,10.12667110305036,26,676,1,192.0,1110.0,29.21,0.0,0.0,0,0,GK,Goalkeeper,0.008114783952474518,-0.09076829121883655,0.2950125752638379,-0.8975312163806873,-0.8975443663228909,-0.3887432632188414,-0.3887145651254728
721532,10000.0,9.210440366976517,21,441,1,193.0,446.0,11.74,0.0,0.0,0,0,GK,Goalkeeper,-0.9200136306118352,-0.8881583968703538,0.31738547611197676,-1.2140683843031383,-1.2140151728954414,-0.3887432632188414,-0.3887145651254728
722650,200000.0,12.206077645517674,20,400,0,188.0,5149.0,135.5,0.0,0.0,0,0,GK,Goalkeeper,-1.1056393135246971,-1.0272775216861505,0.20552097187128243,1.0279109842801257,1.0279096709178863,-0.3887432632188414,-0.3887145651254728
341649,150000.0,11.918397239722838,25,625,1,191.0,4199.0,110.5,39.0,0.024,0,1,GK,Goalkeeper,-0.17751089896038744,-0.26381890989214457,0.27263967441569903,0.5750340121019202,0.5750321572193312,0.2780020673571634,0.2768012343315364
226980,175000.0,12.07254696717504,31,961,0,186.0,3372.0,88.74,0.0,0.0,0,0,GK,Goalkeeper,0.9362431985167843,0.8762792837202377,0.16077517017500473,0.18079269000573486,0.18084756929610865,-0.3887432632188414,-0.3887145651254728
663128,100000.0,11.51293546492023,21,441,1,198.0,1710.0,45.0,0.0,0.0,0,0,GK,Goalkeeper,-0.9200136306118352,-0.8881583968703538,0.4292499803526711,-0.6115036550049786,-0.6115069286708834,-0.3887432632188414,-0.3887145651254728
208596,125000.0,11.736077016252437,31,961,0,187.0,4452.0,117.16,0.0,0.0,0,0,GK,Goalkeeper,0.9362431985167843,0.8762792837202377,0.18314807102314357,0.6956423004820107,0.6956787268686262,-0.3887432632188414,-0.3887145651254728
880461,10000.0,9.210440366976517,20,400,0,186.0,15.0,0.39,0.0,0.0,0,1,GK,Goalkeeper,-1.1056393135246971,-1.0272775216861505,0.16077517017500473,-1.419531515891356,-1.4196215641145853,-0.3887432632188414,-0.3887145651254728
747315,275000.0,12.524530013005734,25,625,1,189.0,120.0,3.16,0.0,0.0,0,0,GK,Goalkeeper,-0.17751089896038744,-0.26381890989214457,0.2278938727194213,-1.369476692650607,-1.3694427355967855,-0.3887432632188414,-0.3887145651254728
434072,25000.0,10.12667110305036,24,576,1,188.0,720.0,18.95,0.0,0.0,0,0,GK,Goalkeeper,-0.3631365818732494,-0.4300832297939503,0.20552097187128243,-1.0834491312748982,-1.083405297944778,-0.3887432632188414,-0.3887145651254728
899060,250000.0,12.429220196836383,21,441,1,193.0,1861.0,48.97,0.0,0.0,0,0,GK,Goalkeeper,-0.9200136306118352,-0.8881583968703538,0.31738547611197676,-0.5395200520587585,-0.5395899794955529,-0.3887432632188414,-0.3887145651254728
554530,175000.0,12.07254696717504,22,484,1,190.0,2125.0,55.92,0.0,0.0,0,1,GK,Goalkeeper,-0.7343879476989733,-0.742252973283055,0.25026677356756016,-0.41366792505344663,-0.4136900306873545,-0.3887432632188414,-0.3887145651254728
191556,25000.0,10.12667110305036,35,1225,0,189.0,1956.0,51.47,0.0,0.0,0,1,GK,Goalkeeper,1.6787459301682321,1.7720707215585378,0.2278938727194213,-0.4942323548409379,-0.49430222812569735,-0.3887432632188414,-0.3887145651254728
186381,175000.0,12.07254696717504,28,784,0,187.0,4770.0,125.53,0.0,0.0,0,0,GK,Goalkeeper,0.37936614977819844,0.2756918424422863,0.18314807102314357,0.8472369080111364,0.8473021184549026,-0.3887432632188414,-0.3887145651254728
186769,100000.0,11.51293546492023,32,1024,0,192.0,2610.0,68.68,0.0,0.0,0,1,GK,Goalkeeper,1.1218688814296462,1.0900476950225593,0.2950125752638379,-0.18246231294141532,-0.18254134769561184,-0.3887432632188414,-0.3887145651254728
44990,25000.0,10.12667110305036,37,1369,0,190.0,3775.0,99.34,0.0,0.0,0,0,GK,Goalkeeper,2.049997295993956,2.260684233106702,0.25026677356756016,0.3729078687297526,0.3728676351042962,-0.3887432632188414,-0.3887145651254728
131759,75000.0,11.225256725762893,32,1024,0,186.0,3780.0,99.47,217.0,0.1338,1,0,GK,Goalkeeper,1.1218688814296462,1.0900476950225593,0.16077517017500473,0.3752914317412169,0.3752225981755286,3.3210961402425183,3.321536016847354
937467,10000.0,9.210440366976517,21,441,1,190.0,191.0,5.03,0.0,0.0,0,0,GK,Goalkeeper,-0.9200136306118352,-0.8881583968703538,0.25026677356756016,-1.3356300978878146,-1.3355674975721334,-0.3887432632188414,-0.3887145651254728
185795,25000.0,10.12667110305036,30,900,0,193.0,4365.0,114.87,0.0,0.0,0,0,GK,Goalkeeper,0.7506175156039223,0.6692971711894182,0.31738547611197676,0.6541683040825329,0.6541951466138387,-0.3887432632188414,-0.3887145651254728
809926,50000.0,10.819798284210286,21,441,1,192.0,2149.0,56.55,17.0,0.0105,0,0,GK,Goalkeeper,-0.9200136306118352,-0.8881583968703538,0.2950125752638379,-0.40222682259841824,-0.402277517342151,-0.09811068322417266,-0.09755140286303127
737743,10000.0,9.210440366976517,23,529,1,187.0,540.0,14.21,0.0,0.0,0,0,GK,Goalkeeper,-0.5487622647861113,-0.5895612509242537,0.18314807102314357,-1.1692573996876108,-1.1692708745420242,-0.3887432632188414,-0.3887145651254728
920118,10000.0,9.210440366976517,19,361,0,195.0,990.0,26.05,0.0,0.0,0,0,GK,Goalkeeper,-1.291264996437559,-1.159610347730445,0.3621312778082545,-0.9547367286558291,-0.9547880840543883,-0.3887432632188414,-0.3887145651254728
1033780,75000.0,11.225256725762893,21,441,1,0.0,1935.0,50.92,0.0,0.0,0,0,GK,Goalkeeper,-0.9200136306118352,-0.8881583968703538,-4.000584387578824,-0.5042433194890877,-0.5042655334270655,-0.3887432632188414,-0.3887145651254728
93104,25000.0,10.12667110305036,35,1225,0,190.0,3375.0,88.82,0.0,0.0,0,0,GK,Goalkeeper,1.6787459301682321,1.7720707215585378,0.25026677356756016,0.1822228278126134,0.18229677733994398,-0.3887432632188414,-0.3887145651254728
985515,10000.0,9.210440366976517,20,400,0,184.0,180.0,4.74,0.0,0.0,0,1,GK,Goalkeeper,-1.1056393135246971,-1.0272775216861505,0.116029368478727,-1.340873936513036,-1.3408208767310368,-0.3887432632188414,-0.3887145651254728
85339,25000.0,10.12667110305036,33,1089,0,190.0,2460.0,64.74,0.0,0.0,0,0,GK,Goalkeeper,1.3074945643425082,1.3106024050963831,0.25026677356756016,-0.25396920328534256,-0.25391484385450436,-0.3887432632188414,-0.3887145651254728
617279,100000.0,11.51293546492023,25,625,1,193.0,3285.0,86.45,0.0,0.0,0,0,GK,Goalkeeper,-0.17751089896038744,-0.26381890989214457,0.31738547611197676,0.1393186936062571,0.13936398904132113,-0.3887432632188414,-0.3887145651254728
269351,25000.0,10.12667110305036,36,1296,0,190.0,4455.0,117.24,0.0,0.0,0,0,GK,Goalkeeper,1.864371613081094,2.0129843279468687,0.25026677356756016,0.6970724382888893,0.6971279349124616,-0.3887432632188414,-0.3887145651254728
656206,50000.0,10.819798284210286,21,441,1,191.0,922.0,24.26,170.0,0.1048,1,0,GK,Goalkeeper,-0.9200136306118352,-0.8881583968703538,0.27263967441569903,-0.9871531856117428,-0.9872141140352048,2.5175825367278457,2.5173710925034674
415529,100000.0,11.51293546492023,26,676,1,196.0,1800.0,47.37,0.0,0.0,0,0,GK,Goalkeeper,0.008114783952474518,-0.09076829121883655,0.38450417865639336,-0.5685995207986222,-0.5685741403722604,-0.3887432632188414,-0.3887145651254728
478712,175000.0,12.07254696717504,25,625,1,192.0,210.0,5.53,0.0,0.0,0,1,GK,Goalkeeper,-0.17751089896038744,-0.26381890989214457,0.2950125752638379,-1.3265725584442505,-1.3265099472981623,-0.3887432632188414,-0.3887145651254728
373714,800000.0,13.592368256649284,26,676,1,180.0,90.0,2.37,0.0,0.0,0,0,GK,Goalkeeper,0.008114783952474518,-0.09076829121883655,0.02653776508617154,-1.3837780707193923,-1.3837536650296596,-0.3887432632188414,-0.3887145651254728
969346,75000.0,11.225256725762893,18,324,0,193.0,3902.0,102.68,22.0,0.0136,0,0,GK,Goalkeeper,-1.476890679350421,-1.285156875003237,0.31738547611197676,0.4334503692209443,0.43337207093442326,-0.012630512637505377,-0.01158894543316762
242512,25000.0,10.12667110305036,34,1156,0,188.0,3088.0,81.26,0.0,0.0,0,1,GK,Goalkeeper,1.4931202472553702,1.5379434139417094,0.20552097187128243,0.04540631095456602,0.04534661719750112,-0.3887432632188414,-0.3887145651254728
347383,150000.0,11.918397239722838,23,529,1,195.0,2790.0,73.42,0.0,0.0,0,1,GK,Goalkeeper,-0.5487622647861113,-0.5895612509242537,0.3621312778082545,-0.09665404452870269,-0.09667577109836585,-0.3887432632188414,-0.3887145651254728
393370,125000.0,11.736077016252437,26,676,1,184.0,5880.0,154.74,0.0,0.0,0,0,GK,Goalkeeper,0.008114783952474518,-0.09076829121883655,0.116029368478727,1.3763878965561978,1.3764442054602946,-0.3887432632188414,-0.3887145651254728
494420,25000.0,10.12667110305036,25,625,1,188.0,1170.0,30.79,0.0,0.0,0,0,GK,Goalkeeper,-0.17751089896038744,-0.26381890989214457,0.20552097187128243,-0.8689284602431165,-0.8689225074571422,-0.3887432632188414,-0.3887145651254728
169927,50000.0,10.819798284210286,34,1156,0,190.0,1710.0,45.0,0.0,0.0,0,1,GK,Goalkeeper,1.4931202472553702,1.5379434139417094,0.25026677356756016,-0.6115036550049786,-0.6115069286708834,-0.3887432632188414,-0.3887145651254728
1047622,150000.0,11.918397239722838,18,324,0,187.0,3341.0,87.92,0.0,0.0,0,0,GK,Goalkeeper,-1.476890679350421,-1.285156875003237,0.18314807102314357,0.16601459933465657,0.16599318684679615,-0.3887432632188414,-0.3887145651254728
495830,150000.0,11.918397239722838,28,784,0,199.0,4545.0,119.61,0.0,0.0,0,0,GK,Goalkeeper,0.37936614977819844,0.2756918424422863,0.4516228812008099,0.7399765724952456,0.7400607232110847,-0.3887432632188414,-0.3887145651254728
74941,25000.0,10.12667110305036,37,1369,0,195.0,1110.0,29.21,0.0,0.0,0,0,GK,Goalkeeper,2.049997295993956,2.260684233106702,0.3621312778082545,-0.8975312163806873,-0.8975443663228909,-0.3887432632188414,-0.3887145651254728
181605,25000.0,10.12667110305036,30,900,0,0.0,3130.0,82.37,0.0,0.0,0,0,GK,Goalkeeper,0.7506175156039223,0.6692971711894182,-4.000584387578824,0.06542824025086565,0.06545437880571696,-0.3887432632188414,-0.3887145651254728
1042083,25000.0,10.12667110305036,21,441,1,190.0,1440.0,37.89,0.0,0.0,0,0,GK,Goalkeeper,-0.9200136306118352,-0.8881583968703538,0.25026677356756016,-0.7402160576240475,-0.7403052935667526,-0.3887432632188414,-0.3887145651254728
921867,10000.0,9.210440366976517,22,484,1,185.0,90.0,2.37,0.0,0.0,0,0,GK,Goalkeeper,-0.7343879476989733,-0.742252973283055,0.13840226932686586,-1.3837780707193923,-1.3837536650296596,-0.3887432632188414,-0.3887145651254728
338783,50000.0,10.819798284210286,28,784,0,188.0,3150.0,82.89,0.0,0.0,0,0,GK,Goalkeeper,0.37936614977819844,0.2756918424422863,0.20552097187128243,0.0749624922967226,0.07487423109064684,-0.3887432632188414,-0.3887145651254728
576099,300000.0,12.611541086966115,24,576,1,190.0,900.0,23.68,0.0,0.0,0,0,GK,Goalkeeper,-0.3631365818732494,-0.4300832297939503,0.25026677356756016,-0.9976408628621855,-0.9977208723530113,-0.3887432632188414,-0.3887145651254728
581018,250000.0,12.429220196836383,22,484,1,195.0,4455.0,117.24,0.0,0.0,0,1,GK,Goalkeeper,-0.7343879476989733,-0.742252973283055,0.3621312778082545,0.6970724382888893,0.6971279349124616,-0.3887432632188414,-0.3887145651254728
581619,150000.0,11.918397239722838,24,576,1,187.0,5400.0,142.11,0.0,0.0,0,0,GK,Goalkeeper,-0.3631365818732494,-0.4300832297939503,0.18314807102314357,1.1475658474556307,1.1476504855397847,-0.3887432632188414,-0.3887145651254728
810803,75000.0,11.225256725762893,21,441,1,182.0,3405.0,89.61,0.0,0.0,0,0,GK,Goalkeeper,-0.9200136306118352,-0.8881583968703538,0.07128356678244926,0.19652420588139885,0.19660770677281844,-0.3887432632188414,-0.3887145651254728
244945,75000.0,11.225256725762893,26,676,1,188.0,5340.0,140.53,0.0,0.0,0,0,GK,Goalkeeper,0.008114783952474518,-0.09076829121883655,0.20552097187128243,1.1189630913180597,1.1190286266740357,-0.3887432632188414,-0.3887145651254728
898723,900000.0,13.710151153416941,19,361,0,185.0,2160.0,56.84,0.0,0.0,0,0,GK,Goalkeeper,-1.291264996437559,-1.159610347730445,0.13840226932686586,-0.3969829839731969,-0.3970241381832476,-0.3887432632188414,-0.3887145651254728
407841,650000.0,13.384729180332174,27,729,1,193.0,2732.0,71.89,0.0,0.0,0,0,GK,Goalkeeper,0.19374046686533647,0.08906862622597374,0.31738547611197676,-0.12430337546168788,-0.12439187493671745,-0.3887432632188414,-0.3887145651254728
876750,50000.0,10.819798284210286,22,484,1,192.0,720.0,18.95,0.0,0.0,0,0,GK,Goalkeeper,-0.7343879476989733,-0.742252973283055,0.2950125752638379,-1.0834491312748982,-1.083405297944778,-0.3887432632188414,-0.3887145651254728
443478,100000.0,11.51293546492023,25,625,1,190.0,4230.0,111.32,15.0,0.0092,0,0,GK,Goalkeeper,-0.17751089896038744,-0.26381890989214457,0.25026677356756016,0.5898121027729984,0.5898865396686437,-0.13230275145883957,-0.1336001753336193
949878,25000.0,10.12667110305036,20,400,0,186.0,1351.0,35.55,0.0,0.0,0,0,GK,Goalkeeper,-1.1056393135246971,-1.0272775216861505,0.16077517017500473,-0.782643479228111,-0.7826946288489374,-0.3887432632188414,-0.3887145651254728
100127,25000.0,10.12667110305036,34,1156,0,195.0,1292.0,34.0,0.0,0.0,0,0,GK,Goalkeeper,1.4931202472553702,1.5379434139417094,0.3621312778082545,-0.810769522763389,-0.8107730346982477,-0.3887432632188414,-0.3887145651254728
475407,750000.0,13.527829818844937,26,676,1,189.0,4138.0,108.89,0.0,0.0,0,0,GK,Goalkeeper,0.008114783952474518,-0.09076829121883655,0.2278938727194213,0.5459545433620564,0.5458668453371442,-0.3887432632188414,-0.3887145651254728
454036,75000.0,11.225256725762893,25,625,1,188.0,4500.0,118.42,0.0,0.0,0,0,GK,Goalkeeper,-0.17751089896038744,-0.26381890989214457,0.20552097187128243,0.7185245053920675,0.7185037535590335,-0.3887432632188414,-0.3887145651254728
17592,50000.0,10.819798284210286,40,1600,0,187.0,5785.0,152.24,0.0,0.0,0,0,GK,Goalkeeper,2.606874344732542,3.0445017412152144,0.18314807102314357,1.331100199338377,1.331156454090439,-0.3887432632188414,-0.3887145651254728
640821,200000.0,12.206077645517674,25,625,1,193.0,1830.0,48.16,0.0,0.0,0,0,GK,Goalkeeper,-0.17751089896038744,-0.26381890989214457,0.31738547611197676,-0.5542981427298368,-0.5542632109393861,-0.3887432632188414,-0.3887145651254728
168797,150000.0,11.918397239722838,28,784,0,190.0,3120.0,82.11,232.0,0.143,1,1,GK,Goalkeeper,0.37936614977819844,0.2756918424422863,0.25026677356756016,0.06066111422793716,0.06074445266325189,3.57753665200252,3.576650406639206
575722,75000.0,11.225256725762893,21,441,1,186.0,323.0,8.5,0.0,0.0,0,1,GK,Goalkeeper,-0.9200136306118352,-0.8881583968703538,0.16077517017500473,-1.2727040343851588,-1.272708098670774,-0.3887432632188414,-0.3887145651254728
821730,900000.0,13.710151153416941,22,484,1,194.0,3372.0,88.74,0.0,0.0,0,0,GK,Goalkeeper,-0.7343879476989733,-0.742252973283055,0.3397583769601156,0.18079269000573486,0.18084756929610865,-0.3887432632188414,-0.3887145651254728
294817,175000.0,12.07254696717504,28,784,0,188.0,975.0,25.66,0.0,0.0,0,0,GK,Goalkeeper,0.37936614977819844,0.2756918424422863,0.20552097187128243,-0.9618874176902219,-0.9618529732680858,-0.3887432632188414,-0.3887145651254728
192968,50000.0,10.819798284210286,31,961,0,187.0,1130.0,29.74,43.0,0.0265,1,0,GK,Goalkeeper,0.9362431985167843,0.8762792837202377,0.18314807102314357,-0.8879969643348304,-0.8879433630324817,0.34638620382649715,0.3461257967749748
719646,1500000.0,14.220976332738882,22,484,1,196.0,5798.0,152.58,0.0,0.0,0,1,GK,Goalkeeper,-0.7343879476989733,-0.742252973283055,0.38450417865639336,1.3372974631681842,1.3373155882767396,-0.3887432632188414,-0.3887145651254728
286772,350000.0,12.765691290604371,30,900,0,195.0,4514.0,118.79,0.0,0.0,0,0,GK,Goalkeeper,0.7506175156039223,0.6692971711894182,0.3621312778082545,0.7251984818241674,0.7252063407617722,-0.3887432632188414,-0.3887145651254728
696016,50000.0,10.819798284210286,20,400,0,190.0,765.0,20.13,0.0,0.0,0,0,GK,Goalkeeper,-1.1056393135246971,-1.0272775216861505,0.25026677356756016,-1.06199706417172,-1.0620294792982061,-0.3887432632188414,-0.3887145651254728
695812,50000.0,10.819798284210286,23,529,1,190.0,2454.0,64.58,17.0,0.0105,0,0,GK,Goalkeeper,-0.5487622647861113,-0.5895612509242537,0.25026677356756016,-0.25682947889909963,-0.256813259942175,-0.09811068322417266,-0.09755140286303127
728033,175000.0,12.07254696717504,23,529,1,188.0,1377.0,36.24,0.0,0.0,0,0,GK,Goalkeeper,-0.5487622647861113,-0.5895612509242537,0.20552097187128243,-0.7702489515684969,-0.7701952094708572,-0.3887432632188414,-0.3887145651254728
700168,800000.0,13.592368256649284,26,676,1,192.0,4578.0,120.47,0.0,0.0,0,0,GK,Goalkeeper,0.008114783952474518,-0.09076829121883655,0.2950125752638379,0.7557080883709095,0.755639709682315,-0.3887432632188414,-0.3887145651254728
178942,200000.0,12.206077645517674,33,1089,0,187.0,5085.0,133.82,91.0,0.0561,1,0,GK,Goalkeeper,1.3074945643425082,1.3106024050963831,0.18314807102314357,0.9974013777333836,0.9974763019973434,1.1669958414585029,1.166928616105286
929334,1000000.0,13.815511557963774,18,324,0,190.0,2250.0,59.21,0.0,0.0,0,0,GK,Goalkeeper,-1.476890679350421,-1.285156875003237,0.25026677356756016,-0.3540788497668406,-0.35409134988462465,-0.3887432632188414,-0.3887145651254728
920936,50000.0,10.819798284210286,19,361,0,183.0,1778.0,46.79,0.0,0.0,0,0,GK,Goalkeeper,-1.291264996437559,-1.159610347730445,0.09365646763058813,-0.5790871980490648,-0.5790808986900668,-0.3887432632188414,-0.3887145651254728
457448,150000.0,11.918397239722838,22,484,1,188.0,3212.0,84.53,0.0,0.0,0,0,GK,Goalkeeper,-0.7343879476989733,-0.742252973283055,0.20552097187128243,0.10451867363887918,0.10458299598927207,-0.3887432632188414,-0.3887145651254728
46991,50000.0,10.819798284210286,36,1296,0,192.0,3240.0,85.26,0.0,0.0,0,0,GK,Goalkeeper,1.864371613081094,2.0129843279468687,0.2950125752638379,0.11786662650307893,0.11780701938926995,-0.3887432632188414,-0.3887145651254728
400514,75000.0,11.225256725762893,24,576,1,182.0,3057.0,80.45,0.0,0.0,0,0,GK,Goalkeeper,-0.3631365818732494,-0.4300832297939503,0.07128356678244926,0.030628220283487734,0.030673385753667886,-0.3887432632188414,-0.3887145651254728
604125,25000.0,10.12667110305036,22,484,1,196.0,1440.0,37.89,0.0,0.0,0,0,GK,Goalkeeper,-0.7343879476989733,-0.742252973283055,0.38450417865639336,-0.7402160576240475,-0.7403052935667526,-0.3887432632188414,-0.3887145651254728
964705,150000.0,11.918397239722838,19,361,0,187.0,2911.0,76.61,0.0,0.0,0,1,GK,Goalkeeper,-1.291264996437559,-1.159610347730445,0.18314807102314357,-0.03897181965126808,-0.03888860035043026,-0.3887432632188414,-0.3887145651254728
453873,50000.0,10.819798284210286,23,529,1,198.0,1035.0,27.24,103.0,0.0635,1,0,GK,Goalkeeper,-0.5487622647861113,-0.5895612509242537,0.4292499803526711,-0.933284661552651,-0.9332311144023372,1.3721482508665044,1.3721293209378642
56005,50000.0,10.819798284210286,37,1369,0,190.0,5190.0,136.58,0.0,0.0,0,1,GK,Goalkeeper,2.049997295993956,2.260684233106702,0.25026677356756016,1.0474562009741326,1.0474739795096641,-0.3887432632188414,-0.3887145651254728
837529,200000.0,12.206077645517674,23,529,1,191.0,660.0,17.37,0.0,0.0,0,1,GK,Goalkeeper,-0.5487622647861113,-0.5895612509242537,0.27263967441569903,-1.112051887412469,-1.1120271568105267,-0.3887432632188414,-0.3887145651254728
826528,100000.0,11.51293546492023,20,400,0,195.0,2070.0,54.47,0.0,0.0,0,0,GK,Goalkeeper,-1.1056393135246971,-1.0272775216861505,0.3621312778082545,-0.4398871181795533,-0.43995692648187074,-0.3887432632188414,-0.3887145651254728
656163,200000.0,12.206077645517674,21,441,1,187.0,3579.0,94.18,0.0,0.0,0,0,GK,Goalkeeper,-0.9200136306118352,-0.8881583968703538,0.18314807102314357,0.2794721986803544,0.27939371627691445,-0.3887432632188414,-0.3887145651254728
665971,175000.0,12.07254696717504,20,400,0,191.0,4095.0,107.76,43.0,0.0265,1,0,GK,Goalkeeper,-1.1056393135246971,-1.0272775216861505,0.27263967441569903,0.525455901463464,0.5253967817179697,0.34638620382649715,0.3461257967749748
487603,600000.0,13.304686600863562,23,529,1,187.0,4140.0,108.95,0.0,0.0,0,0,GK,Goalkeeper,-0.5487622647861113,-0.5895612509242537,0.18314807102314357,0.5469079685666421,0.5469537513700208,-0.3887432632188414,-0.3887145651254728
606301,125000.0,11.736077016252437,21,441,1,192.0,3690.0,97.11,66.0,0.0407,1,0,GK,Goalkeeper,-0.9200136306118352,-0.8881583968703538,0.2950125752638379,0.3323872975348605,0.332470960882385,0.7395949885251666,0.7398893114537053
681206,200000.0,12.206077645517674,21,441,1,190.0,2925.0,76.97,0.0,0.0,0,0,GK,Goalkeeper,-0.9200136306118352,-0.8881583968703538,0.25026677356756016,-0.032297843219168204,-0.03236716415317107,-0.3887432632188414,-0.3887145651254728
606038,150000.0,11.918397239722838,28,784,0,189.0,1650.0,43.42,0.0,0.0,0,1,GK,Goalkeeper,0.37936614977819844,0.2756918424422863,0.2278938727194213,-0.6401064111425494,-0.640128787536632,-0.3887432632188414,-0.3887145651254728
980036,200000.0,12.206077645517674,20,400,0,188.0,3450.0,90.79,0.0,0.0,0,0,GK,Goalkeeper,-1.1056393135246971,-1.0272775216861505,0.20552097187128243,0.217976272984577,0.21798352541939037,-0.3887432632188414,-0.3887145651254728
457346,100000.0,11.51293546492023,22,484,1,190.0,3590.0,94.47,62.0,0.0382,1,1,GK,Goalkeeper,-0.7343879476989733,-0.742252973283055,0.25026677356756016,0.2847160373055757,0.28464709543581757,0.6712108520558329,0.6705647490102667
1023612,25000.0,10.12667110305036,19,361,0,185.0,990.0,26.05,0.0,0.0,0,0,GK,Goalkeeper,-1.291264996437559,-1.159610347730445,0.13840226932686586,-0.9547367286558291,-0.9547880840543883,-0.3887432632188414,-0.3887145651254728
540182,800000.0,13.592368256649284,23,529,1,188.0,4320.0,113.68,21.0,0.0129,0,0,GK,Goalkeeper,-0.5487622647861113,-0.5895612509242537,0.20552097187128243,0.6327162369793548,0.6326381769617875,-0.029726546754838833,-0.030999822917330364
568154,400000.0,12.899222326086994,22,484,1,188.0,3960.0,104.21,0.0,0.0,0,0,GK,Goalkeeper,-0.7343879476989733,-0.742252973283055,0.20552097187128243,0.4610997001539295,0.4610881747727746,-0.3887432632188414,-0.3887145651254728
263541,25000.0,10.12667110305036,30,900,0,193.0,3510.0,92.37,0.0,0.0,0,0,GK,Goalkeeper,0.7506175156039223,0.6692971711894182,0.31738547611197676,0.24657902912214788,0.24660538428513903,-0.3887432632188414,-0.3887145651254728
698840,200000.0,12.206077645517674,20,400,0,191.0,2070.0,54.47,191.0,0.1178,1,0,GK,Goalkeeper,-1.1056393135246971,-1.0272775216861505,0.27263967441569903,-0.4398871181795533,-0.43995692648187074,2.8765992531918485,2.8778588172093476
577869,600000.0,13.304686600863562,24,576,1,188.0,4410.0,116.05,0.0,0.0,0,1,GK,Goalkeeper,-0.3631365818732494,-0.4300832297939503,0.20552097187128243,0.675620371185711,0.6755709652604104,-0.3887432632188414,-0.3887145651254728
342966,75000.0,11.225256725762893,25,625,1,198.0,270.0,7.11,155.0,0.0956,1,0,GK,Goalkeeper,-0.17751089896038744,-0.26381890989214457,0.4292499803526711,-1.2979698023066797,-1.2978880884324138,2.2611420249678438,2.262256702711614
272806,50000.0,10.819798284210286,29,841,0,188.0,3510.0,92.37,0.0,0.0,0,0,GK,Goalkeeper,0.5649918326910603,0.4691013574301011,0.20552097187128243,0.24657902912214788,0.24660538428513903,-0.3887432632188414,-0.3887145651254728
554944,150000.0,11.918397239722838,22,484,1,192.0,2743.0,72.18,0.0,0.0,0,0,GK,Goalkeeper,-0.7343879476989733,-0.742252973283055,0.2950125752638379,-0.11905953683646654,-0.1191384957778141,-0.3887432632188414,-0.3887145651254728
337090,125000.0,11.736077016252437,24,576,1,188.0,6100.0,160.53,7.0,0.0043,0,0,GK,Goalkeeper,-0.3631365818732494,-0.4300832297939503,0.20552097187128243,1.4812646690606244,1.4813306376328799,-0.2690710243975072,-0.26947631772275865
375770,150000.0,11.918397239722838,27,729,1,193.0,1729.0,45.5,0.0,0.0,0,0,GK,Goalkeeper,0.19374046686533647,0.08906862622597374,0.31738547611197676,-0.6024461155614145,-0.6024493783969124,-0.3887432632188414,-0.3887145651254728
114814,50000.0,10.819798284210286,31,961,0,191.0,5580.0,146.84,0.0,0.0,0,0,GK,Goalkeeper,0.9362431985167843,0.8762792837202377,0.27263967441569903,1.2333741158683433,1.233334911131551,-0.3887432632188414,-0.3887145651254728
38120,75000.0,11.225256725762893,35,1225,0,194.0,5760.0,151.58,27.0,0.0166,0,0,GK,Goalkeeper,1.6787459301682321,1.7720707215585378,0.3397583769601156,1.319182384281056,1.3192004877287973,0.0728496579491619,0.07160052949895855
696022,75000.0,11.225256725762893,20,400,0,188.0,1335.0,35.13,161.0,0.0993,1,0,GK,Goalkeeper,-1.1056393135246971,-1.0272775216861505,0.20552097187128243,-0.7902708808647966,-0.790302971079073,2.3637182296718446,2.364857055127903
702402,50000.0,10.819798284210286,23,529,1,191.0,1740.0,45.79,0.0,0.0,0,0,GK,Goalkeeper,-0.5487622647861113,-0.5895612509242537,0.27263967441569903,-0.5972022769361931,-0.5971959992380091,-0.3887432632188414,-0.3887145651254728
381250,50000.0,10.819798284210286,25,625,1,195.0,2340.0,61.58,0.0,0.0,0,0,GK,Goalkeeper,-0.17751089896038744,-0.26381890989214457,0.3621312778082545,-0.3111747155604843,-0.31115856158600164,-0.3887432632188414,-0.3887145651254728
601894,25000.0,10.12667110305036,22,484,1,204.0,4110.0,108.16,9.0,0.0055,0,0,GK,Goalkeeper,-0.7343879476989733,-0.742252973283055,0.5634873854415042,0.5326065904978567,0.5326428219371464,-0.2348789561628403,-0.2362005277499082
607780,300000.0,12.611541086966115,24,576,1,195.0,1895.0,49.87,0.0,0.0,0,1,GK,Goalkeeper,-0.3631365818732494,-0.4300832297939503,0.3621312778082545,-0.5233118235808016,-0.5232863890024049,-0.3887432632188414,-0.3887145651254728
237297,75000.0,11.225256725762893,30,900,0,196.0,1920.0,50.53,0.0,0.0,0,1,GK,Goalkeeper,0.7506175156039223,0.6692971711894182,0.38450417865639336,-0.5113940085234805,-0.511330422640763,-0.3887432632188414,-0.3887145651254728
1150980,10000.0,9.210440366976517,17,289,0,192.0,2409.0,63.39,0.0,0.0,0,0,GK,Goalkeeper,-1.662516362263283,-1.4039171035045268,0.2950125752638379,-0.2782815460022778,-0.27837022959422625,-0.3887432632188414,-0.3887145651254728
527653,100000.0,11.51293546492023,23,529,1,192.0,3645.0,95.92,0.0,0.0,0,0,GK,Goalkeeper,-0.5487622647861113,-0.5895612509242537,0.2950125752638379,0.31093523043168236,0.3109139912303338,-0.3887432632188414,-0.3887145651254728
718216,150000.0,11.918397239722838,22,484,1,186.0,360.0,9.47,0.0,0.0,0,0,GK,Goalkeeper,-0.7343879476989733,-0.742252973283055,0.16077517017500473,-1.2550656681003234,-1.2551364511392702,-0.3887432632188414,-0.3887145651254728
670710,2500000.0,14.731801689838349,20,400,0,186.0,4421.0,116.34,8.0,0.0049,0,1,GK,Goalkeeper,-1.1056393135246971,-1.0272775216861505,0.16077517017500473,0.6808642098109324,0.6808243444193137,-0.2519749902801737,-0.25283842273633345
672449,100000.0,11.51293546492023,22,484,1,186.0,153.0,4.03,0.0,0.0,0,0,GK,Goalkeeper,-0.7343879476989733,-0.742252973283055,0.16077517017500473,-1.3537451767749429,-1.3536825981200757,-0.3887432632188414,-0.3887145651254728
592336,300000.0,12.611541086966115,31,961,0,186.0,3060.0,80.53,0.0,0.0,0,0,GK,Goalkeeper,0.9362431985167843,0.8762792837202377,0.16077517017500473,0.03205835809036628,0.032122593797503235,-0.3887432632188414,-0.3887145651254728
218431,400000.0,12.899222326086994,31,961,0,186.0,2274.0,59.84,0.0,0.0,0,0,GK,Goalkeeper,0.9362431985167843,0.8762792837202377,0.16077517017500473,-0.3426377473118123,-0.342678836539421,-0.3887432632188414,-0.3887145651254728
617059,1500000.0,14.220976332738882,22,484,1,188.0,5760.0,151.58,0.0,0.0,0,0,GK,Goalkeeper,-0.7343879476989733,-0.742252973283055,0.20552097187128243,1.319182384281056,1.3192004877287973,-0.3887432632188414,-0.3887145651254728
126746,300000.0,12.611541086966115,31,961,0,191.0,3450.0,90.79,0.0,0.0,0,0,GK,Goalkeeper,0.9362431985167843,0.8762792837202377,0.27263967441569903,0.217976272984577,0.21798352541939037,-0.3887432632188414,-0.3887145651254728
695208,75000.0,11.225256725762893,19,361,0,191.0,4335.0,114.08,0.0,0.0,0,0,GK,Goalkeeper,-1.291264996437559,-1.159610347730445,0.27263967441569903,0.6398669260137475,0.6398842171809642,-0.3887432632188414,-0.3887145651254728
59349,250000.0,12.429220196836383,34,1156,0,185.0,2283.0,60.08,0.0,0.0,0,0,GK,Goalkeeper,1.4931202472553702,1.5379434139417094,0.13840226932686586,-0.33834733389117666,-0.33833121240791497,-0.3887432632188414,-0.3887145651254728
398131,100000.0,11.51293546492023,26,676,1,188.0,686.0,18.05,44.0,0.0271,1,0,GK,Goalkeeper,0.008114783952474518,-0.09076829121883655,0.20552097187128243,-1.099657359752855,-1.099708888437926,0.3634822379438306,0.36276369176140005
42079,25000.0,10.12667110305036,35,1225,0,190.0,1350.0,35.53,117.0,0.0721,1,0,GK,Goalkeeper,1.6787459301682321,1.7720707215585378,0.25026677356756016,-0.7831201918304038,-0.7830569308598961,1.6114927285091727,1.6106058157432923
277607,200000.0,12.206077645517674,31,961,0,188.0,4062.0,106.89,53.0,0.0327,1,0,GK,Goalkeeper,0.9362431985167843,0.8762792837202377,0.20552097187128243,0.5097243855878,0.5096366442412599,0.5173465449998317,0.5180507116347022
744100,50000.0,10.819798284210286,22,484,1,193.0,2070.0,54.47,0.0,0.0,0,0,GK,Goalkeeper,-0.7343879476989733,-0.742252973283055,0.31738547611197676,-0.4398871181795533,-0.43995692648187074,-0.3887432632188414,-0.3887145651254728
537367,200000.0,12.206077645517674,24,576,1,192.0,90.0,2.37,180.0,0.111,1,0,GK,Goalkeeper,-0.3631365818732494,-0.4300832297939503,0.2950125752638379,-1.3837780707193923,-1.3837536650296596,2.68854287790118,2.6892960073631946
455363,500000.0,13.122365377402328,28,784,0,189.0,1976.0,52.0,0.0,0.0,0,0,GK,Goalkeeper,0.37936614977819844,0.2756918424422863,0.2278938727194213,-0.48469810279508097,-0.484701224835288,-0.3887432632188414,-0.3887145651254728
908544,10000.0,9.210440366976517,21,441,1,0.0,2880.0,75.79,0.0,0.0,0,0,GK,Goalkeeper,-0.9200136306118352,-0.8881583968703538,-4.000584387578824,-0.05374991032234636,-0.05374298279974274,-0.3887432632188414,-0.3887145651254728
408288,700000.0,13.45883704259595,27,729,1,182.0,5760.0,151.58,0.0,0.0,0,0,GK,Goalkeeper,0.19374046686533647,0.08906862622597374,0.07128356678244926,1.319182384281056,1.3192004877287973,-0.3887432632188414,-0.3887145651254728
606848,800000.0,13.592368256649284,24,576,1,183.0,4620.0,121.58,0.0,0.0,0,0,GK,Goalkeeper,-0.3631365818732494,-0.4300832297939503,0.09365646763058813,0.7757300176672092,0.7757474712905308,-0.3887432632188414,-0.3887145651254728
601917,125000.0,11.736077016252437,23,529,1,188.0,3870.0,101.84,27.0,0.0166,0,0,GK,Goalkeeper,-0.5487622647861113,-0.5895612509242537,0.20552097187128243,0.4181955659475732,0.41815538647415174,0.0728496579491619,0.07160052949895855
129478,400000.0,12.899222326086994,30,900,0,183.0,7500.0,197.37,0.0,0.0,0,0,GK,Goalkeeper,0.7506175156039223,0.6692971711894182,0.09365646763058813,2.1486623122706114,2.148690941819071,-0.3887432632188414,-0.3887145651254728
480966,200000.0,12.206077645517674,25,625,1,184.0,90.0,2.37,0.0,0.0,0,1,GK,Goalkeeper,-0.17751089896038744,-0.26381890989214457,0.116029368478727,-1.3837780707193923,-1.3837536650296596,-0.3887432632188414,-0.3887145651254728
129374,250000.0,12.429220196836383,34,1156,0,186.0,2520.0,66.32,0.0,0.0,0,0,GK,Goalkeeper,1.4931202472553702,1.5379434139417094,0.16077517017500473,-0.22536644714777165,-0.2252929849887557,-0.3887432632188414,-0.3887145651254728
591882,50000.0,10.819798284210286,22,484,1,191.0,4098.0,107.84,0.0,0.0,0,0,GK,Goalkeeper,-0.7343879476989733,-0.742252973283055,0.27263967441569903,0.5268860392703425,0.526845989761805,-0.3887432632188414,-0.3887145651254728
162027,700000.0,13.45883704259595,30,900,0,186.0,3675.0,96.71,0.0,0.0,0,0,GK,Goalkeeper,0.7506175156039223,0.6692971711894182,0.16077517017500473,0.3252366085004678,0.325224920663208,-0.3887432632188414,-0.3887145651254728
57522,250000.0,12.429220196836383,38,1444,0,185.0,6840.0,180.0,20.0,0.0123,0,0,GK,Goalkeeper,2.235622978906818,2.5151704370380368,0.13840226932686586,1.8340319947573318,1.8340316453013146,-0.04682258087217229,-0.047637717903755594
158375,50000.0,10.819798284210286,34,1156,0,184.0,2389.0,62.87,0.0,0.0,0,0,GK,Goalkeeper,1.4931202472553702,1.5379434139417094,0.116029368478727,-0.28781579804813473,-0.2877900818791562,-0.3887432632188414,-0.3887145651254728
453874,200000.0,12.206077645517674,23,529,1,190.0,3780.0,99.47,0.0,0.0,0,1,GK,Goalkeeper,-0.5487622647861113,-0.5895612509242537,0.25026677356756016,0.3752914317412169,0.3752225981755286,-0.3887432632188414,-0.3887145651254728
1166314,10000.0,9.210440366976517,19,361,0,193.0,62.0,1.63,0.0,0.0,0,0,GK,Goalkeeper,-1.291264996437559,-1.159610347730445,0.31738547611197676,-1.397126023583592,-1.397158839435137,-0.3887432632188414,-0.3887145651254728
964114,125000.0,11.736077016252437,20,400,0,194.0,5438.0,143.11,0.0,0.0,0,0,GK,Goalkeeper,-1.1056393135246971,-1.0272775216861505,0.3397583769601156,1.1656809263427588,1.1657655860877267,-0.3887432632188414,-0.3887145651254728
631049,800000.0,13.592368256649284,24,576,1,184.0,7026.0,184.89,0.0,0.0,0,0,GK,Goalkeeper,-0.3631365818732494,-0.4300832297939503,0.116029368478727,1.9227005387838016,1.9226144869807518,-0.3887432632188414,-0.3887145651254728
1111332,50000.0,10.819798284210286,18,324,0,182.0,2340.0,61.58,5.0,0.0031,0,0,GK,Goalkeeper,-1.476890679350421,-1.285156875003237,0.07128356678244926,-0.3111747155604843,-0.31115856158600164,-0.3032630926321741,-0.3027521076956091
644559,50000.0,10.819798284210286,21,441,1,185.0,824.0,21.68,342.0,0.2109,1,0,GK,Goalkeeper,-0.9200136306118352,-0.8881583968703538,0.13840226932686586,-1.0338710206364419,-1.0339510734488957,5.4581004049092,5.459505522602996
422364,100000.0,11.51293546492023,24,576,1,190.0,4680.0,123.16,0.0,0.0,0,0,GK,Goalkeeper,-0.3631365818732494,-0.4300832297939503,0.25026677356756016,0.8043327738047801,0.8043693301562794,-0.3887432632188414,-0.3887145651254728
587700,25000.0,10.12667110305036,22,484,1,189.0,1080.0,28.42,0.0,0.0,0,0,GK,Goalkeeper,-0.7343879476989733,-0.742252973283055,0.2278938727194213,-0.9118325944494728,-0.9118552957557652,-0.3887432632188414,-0.3887145651254728
623526,300000.0,12.611541086966115,23,529,1,195.0,630.0,16.58,0.0,0.0,0,0,GK,Goalkeeper,-0.5487622647861113,-0.5895612509242537,0.3621312778082545,-1.1263532654812545,-1.126338086243401,-0.3887432632188414,-0.3887145651254728
623525,300000.0,12.611541086966115,23,529,1,197.0,930.0,24.47,0.0,0.0,0,1,GK,Goalkeeper,-0.5487622647861113,-0.5895612509242537,0.4068770795045322,-0.9833394847934,-0.983409942920137,-0.3887432632188414,-0.3887145651254728
635929,500000.0,13.122365377402328,24,576,1,192.0,2910.0,76.58,0.0,0.0,0,0,GK,Goalkeeper,-0.3631365818732494,-0.4300832297939503,0.2950125752638379,-0.039448532253560924,-0.03943205336686854,-0.3887432632188414,-0.3887145651254728
608838,50000.0,10.819798284210286,20,400,0,188.0,1154.0,30.37,0.0,0.0,0,1,GK,Goalkeeper,-1.1056393135246971,-1.0272775216861505,0.20552097187128243,-0.8765558618798021,-0.8765308496872779,-0.3887432632188414,-0.3887145651254728
386775,50000.0,10.819798284210286,24,576,1,195.0,2160.0,56.84,0.0,0.0,0,0,GK,Goalkeeper,-0.3631365818732494,-0.4300832297939503,0.3621312778082545,-0.3969829839731969,-0.3970241381832476,-0.3887432632188414,-0.3887145651254728
624905,200000.0,12.206077645517674,22,484,1,191.0,2145.0,56.45,0.0,0.0,0,0,GK,Goalkeeper,-0.7343879476989733,-0.742252973283055,0.27263967441569903,-0.4041336730075897,-0.4040890273969451,-0.3887432632188414,-0.3887145651254728
344591,800000.0,13.592368256649284,25,625,1,186.0,3211.0,84.5,0.0,0.0,0,0,GK,Goalkeeper,-0.17751089896038744,-0.26381890989214457,0.16077517017500473,0.10404196103658633,0.10403954297283377,-0.3887432632188414,-0.3887145651254728
450942,75000.0,11.225256725762893,26,676,1,186.0,2014.0,53.0,0.0,0.0,0,0,GK,Goalkeeper,0.008114783952474518,-0.09076829121883655,0.16077517017500473,-0.46658302390795275,-0.46658612428734575,-0.3887432632188414,-0.3887145651254728
688853,10000.0,9.210440366976517,21,441,1,192.0,1471.0,38.71,0.0,0.0,0,0,GK,Goalkeeper,-0.9200136306118352,-0.8881583968703538,0.2950125752638379,-0.7254379669529692,-0.7254509111174399,-0.3887432632188414,-0.3887145651254728
937713,700000.0,13.45883704259595,18,324,0,189.0,3810.0,100.26,3.0,0.0018,0,0,GK,Goalkeeper,-1.476890679350421,-1.285156875003237,0.2278938727194213,0.38959280981000227,0.38953352760840304,-0.337455160866841,-0.33880088016619714
1104725,150000.0,11.918397239722838,18,324,0,190.0,2894.0,76.16,0.0,0.0,0,0,GK,Goalkeeper,-1.476890679350421,-1.285156875003237,0.25026677356756016,-0.047075933890246495,-0.0470403955970043,-0.3887432632188414,-0.3887145651254728
58115,100000.0,11.51293546492023,36,1296,0,184.0,1110.0,29.21,0.0,0.0,0,0,GK,Goalkeeper,1.864371613081094,2.0129843279468687,0.116029368478727,-0.8975312163806873,-0.8975443663228909,-0.3887432632188414,-0.3887145651254728
367464,3000000.0,14.914123179965662,25,625,1,190.0,5760.0,151.58,0.0,0.0,0,0,GK,Goalkeeper,-0.17751089896038744,-0.26381890989214457,0.25026677356756016,1.319182384281056,1.3192004877287973,-0.3887432632188414,-0.3887145651254728
396337,600000.0,13.304686600863562,27,729,1,187.0,1980.0,52.11,0.0,0.0,0,0,GK,Goalkeeper,0.19374046686533647,0.08906862622597374,0.18314807102314357,-0.4827912523859096,-0.48270856377501437,-0.3887432632188414,-0.3887145651254728
175172,225000.0,12.323860125621126,33,1089,0,190.0,5826.0,153.32,0.0,0.0,0,0,GK,Goalkeeper,1.3074945643425082,1.3106024050963831,0.25026677356756016,1.350645416032384,1.3507207626822164,-0.3887432632188414,-0.3887145651254728
54217,200000.0,12.206077645517674,36,1296,0,195.0,4451.0,117.13,0.0,0.0,0,0,GK,Goalkeeper,1.864371613081094,2.0129843279468687,0.3621312778082545,0.6951655878797178,0.695135273852188,-0.3887432632188414,-0.3887145651254728
268946,600000.0,13.304686600863562,30,900,0,184.0,4283.0,112.71,0.0,0.0,0,1,GK,Goalkeeper,0.7506175156039223,0.6692971711894182,0.116029368478727,0.6150778706945194,0.6150665294302834,-0.3887432632188414,-0.3887145651254728
1192975,10000.0,9.210440366976517,19,361,0,188.0,90.0,2.37,0.0,0.0,0,0,GK,Goalkeeper,-1.291264996437559,-1.159610347730445,0.20552097187128243,-1.3837780707193923,-1.3837536650296596,-0.3887432632188414,-0.3887145651254728
246335,1200000.0,13.997832948091215,31,961,0,188.0,7077.0,186.24,30.0,0.0185,0,0,GK,Goalkeeper,0.9362431985167843,0.8762792837202377,0.20552097187128243,1.9470128815007368,1.9470698727204743,0.12413776030116226,0.12428719695597175
283489,1500000.0,14.220976332738882,26,676,1,183.0,5607.0,147.55,31.0,0.0191,0,0,GK,Goalkeeper,0.008114783952474518,-0.09076829121883655,0.09365646763058813,1.2462453561302502,1.2461966325205902,0.1412337944184957,0.14092509194239697
284430,1000000.0,13.815511557963774,29,841,0,184.0,4513.0,118.76,0.0,0.0,0,0,GK,Goalkeeper,0.5649918326910603,0.4691013574301011,0.116029368478727,0.7247217692218745,0.7246628877453339,-0.3887432632188414,-0.3887145651254728
438347,100000.0,11.51293546492023,24,576,1,186.0,4564.0,120.11,127.0,0.0783,1,0,GK,Goalkeeper,-0.3631365818732494,-0.4300832297939503,0.16077517017500473,0.7490341119388098,0.7491182734850558,1.7824530696825072,1.7825307306030196
251877,800000.0,13.592368256649284,27,729,1,187.0,7192.0,189.26,0.0,0.0,0,0,GK,Goalkeeper,0.19374046686533647,0.08906862622597374,0.18314807102314357,2.0018348307644143,2.0017774763752594,-0.3887432632188414,-0.3887145651254728
666167,125000.0,11.736077016252437,20,400,0,193.0,3068.0,80.74,0.0,0.0,0,0,GK,Goalkeeper,-1.1056393135246971,-1.0272775216861505,0.31738547611197676,0.035872058908709065,0.035926764912570984,-0.3887432632188414,-0.3887145651254728
32779,50000.0,10.819798284210286,37,1369,0,190.0,6408.0,168.63,5.0,0.0031,0,0,GK,Goalkeeper,2.049997295993956,2.260684233106702,0.25026677356756016,1.6280921505668215,1.6280629520712115,-0.3032630926321741,-0.3027521076956091
9247,10000.0,9.210440366976517,41,1681,0,195.0,136.0,3.58,0.0,0.0,0,1,GK,Goalkeeper,2.7925000276454037,3.3193468414610567,0.3621312778082545,-1.3618492910139213,-1.3618343933666497,-0.3887432632188414,-0.3887145651254728
710474,400000.0,12.899222326086994,21,441,1,190.0,2759.0,72.61,0.0,0.0,0,0,GK,Goalkeeper,-0.9200136306118352,-0.8881583968703538,0.25026677356756016,-0.11143213519978097,-0.11134900254219908,-0.3887432632188414,-0.3887145651254728
524937,300000.0,12.611541086966115,26,676,1,187.0,288.0,7.58,0.0,0.0,0,1,GK,Goalkeeper,0.008114783952474518,-0.09076829121883655,0.18314807102314357,-1.2893889754654084,-1.289373991174881,-0.3887432632188414,-0.3887145651254728
199325,1000000.0,13.815511557963774,29,841,0,192.0,7560.0,198.95,0.0,0.0,0,1,GK,Goalkeeper,0.5649918326910603,0.4691013574301011,0.2950125752638379,2.1772650684081825,2.1773128006848195,-0.3887432632188414,-0.3887145651254728
126509,250000.0,12.429220196836383,34,1156,0,179.0,3300.0,86.84,0.0,0.0,0,0,GK,Goalkeeper,1.4931202472553702,1.5379434139417094,0.0041648642380326785,0.1464693826406498,0.1464288782550186,-0.3887432632188414,-0.3887145651254728
698776,25000.0,10.12667110305036,20,400,0,0.0,1290.0,33.95,0.0,0.0,0,0,GK,Goalkeeper,-1.1056393135246971,-1.0272775216861505,-4.000584387578824,-0.8117229479679747,-0.8116787897256448,-0.3887432632188414,-0.3887145651254728
390942,500000.0,13.122365377402328,27,729,1,194.0,420.0,11.05,0.0,0.0,0,0,GK,Goalkeeper,0.19374046686533647,0.08906862622597374,0.3397583769601156,-1.2264629119627526,-1.2265145922735214,-0.3887432632188414,-0.3887145651254728
915071,75000.0,11.225256725762893,19,361,0,191.0,1170.0,30.79,112.0,0.0691,1,0,GK,Goalkeeper,-1.291264996437559,-1.159610347730445,0.27263967441569903,-0.8689284602431165,-0.8689225074571422,1.5260125579225055,1.527416340811166
379548,2500000.0,14.731801689838349,28,784,0,193.0,7740.0,203.68,0.0,0.0,0,0,GK,Goalkeeper,0.37936614977819844,0.2756918424422863,0.31738547611197676,2.263073336820895,2.2629972262765863,-0.3887432632188414,-0.3887145651254728
102146,600000.0,13.304686600863562,32,1024,0,180.0,4590.0,120.79,0.0,0.0,0,0,GK,Goalkeeper,1.1218688814296462,1.0900476950225593,0.02653776508617154,0.7614286395984238,0.7614365418576566,-0.3887432632188414,-0.3887145651254728
81997,350000.0,12.765691290604371,34,1156,0,183.0,1890.0,49.74,0.0,0.0,0,0,GK,Goalkeeper,1.4931202472553702,1.5379434139417094,0.09365646763058813,-0.5256953865922659,-0.5256413520736374,-0.3887432632188414,-0.3887145651254728
298613,500000.0,13.122365377402328,28,784,0,191.0,1386.0,36.47,0.0,0.0,0,0,GK,Goalkeeper,0.37936614977819844,0.2756918424422863,0.27263967441569903,-0.7659585381478613,-0.7660287363448305,-0.3887432632188414,-0.3887145651254728
167228,300000.0,12.611541086966115,33,1089,0,188.0,5310.0,139.74,0.0,0.0,0,1,GK,Goalkeeper,1.3074945643425082,1.3106024050963831,0.20552097187128243,1.1046617132492744,1.1047176972411614,-0.3887432632188414,-0.3887145651254728
144128,200000.0,12.206077645517674,37,1369,0,191.0,6300.0,165.79,49.0,0.0302,1,0,GK,Goalkeeper,2.049997295993956,2.260684233106702,0.27263967441569903,1.5766071895191938,1.5766160665150557,0.4489624085304979,0.4487261491912638
457449,75000.0,11.225256725762893,22,484,1,187.0,4886.0,128.58,176.0,0.1085,1,0,GK,Goalkeeper,-0.7343879476989733,-0.742252973283055,0.18314807102314357,0.9025355698771068,0.9025531751261265,2.6201587414318466,2.619971444919756
1004298,100000.0,11.51293546492023,20,400,0,184.0,510.0,13.42,0.0,0.0,0,0,GK,Goalkeeper,-1.1056393135246971,-1.0272775216861505,0.116029368478727,-1.1835587777563963,-1.1835818039748984,-0.3887432632188414,-0.3887145651254728
70164,175000.0,12.07254696717504,34,1156,0,188.0,3310.0,87.11,0.0,0.0,0,0,GK,Goalkeeper,1.4931202472553702,1.5379434139417094,0.20552097187128243,0.1512365086635783,0.15131995540296292,-0.3887432632188414,-0.3887145651254728
325328,50000.0,10.819798284210286,26,676,1,189.0,360.0,9.47,0.0,0.0,0,0,GK,Goalkeeper,0.008114783952474518,-0.09076829121883655,0.2278938727194213,-1.2550656681003234,-1.2551364511392702,-0.3887432632188414,-0.3887145651254728
229032,100000.0,11.51293546492023,28,784,0,188.0,1440.0,37.89,0.0,0.0,0,0,GK,Goalkeeper,0.37936614977819844,0.2756918424422863,0.20552097187128243,-0.7402160576240475,-0.7403052935667526,-0.3887432632188414,-0.3887145651254728
335221,600000.0,13.304686600863562,26,676,1,187.0,3676.0,96.74,0.0,0.0,0,0,GK,Goalkeeper,0.008114783952474518,-0.09076829121883655,0.18314807102314357,0.3257133211027607,0.3257683736796463,-0.3887432632188414,-0.3887145651254728
175383,600000.0,13.304686600863562,34,1156,0,196.0,6480.0,170.53,29.0,0.0179,0,0,GK,Goalkeeper,1.4931202472553702,1.5379434139417094,0.38450417865639336,1.6624154579319066,1.662481643112302,0.1070417261838288,0.10764930196954653
910173,100000.0,11.51293546492023,20,400,0,0.0,2464.0,64.84,0.0,0.0,0,0,GK,Goalkeeper,-1.1056393135246971,-1.0272775216861505,-4.000584387578824,-0.2520623528761711,-0.25210333379970995,-0.3887432632188414,-0.3887145651254728
242301,700000.0,13.45883704259595,28,784,0,182.0,390.0,10.26,0.0,0.0,0,0,GK,Goalkeeper,0.37936614977819844,0.2756918424422863,0.07128356678244926,-1.2407642900315379,-1.2408255217063957,-0.3887432632188414,-0.3887145651254728
336733,200000.0,12.206077645517674,29,841,0,183.0,4582.0,120.58,0.0,0.0,0,0,GK,Goalkeeper,0.5649918326910603,0.4691013574301011,0.09365646763058813,0.757614938780081,0.7576323707425886,-0.3887432632188414,-0.3887145651254728
270314,300000.0,12.611541086966115,31,961,0,187.0,3810.0,100.26,0.0,0.0,0,0,GK,Goalkeeper,0.9362431985167843,0.8762792837202377,0.18314807102314357,0.38959280981000227,0.38953352760840304,-0.3887432632188414,-0.3887145651254728
728379,50000.0,10.819798284210286,22,484,1,189.0,1349.0,35.5,0.0,0.0,0,0,GK,Goalkeeper,-0.7343879476989733,-0.742252973283055,0.2278938727194213,-0.7835969044326967,-0.7836003838763345,-0.3887432632188414,-0.3887145651254728
317818,300000.0,12.611541086966115,29,841,0,193.0,6229.0,163.92,0.0,0.0,0,0,GK,Goalkeeper,0.5649918326910603,0.4691013574301011,0.31738547611197676,1.5427605947564016,1.5427408284904036,-0.3887432632188414,-0.3887145651254728
938145,300000.0,12.611541086966115,18,324,0,187.0,1440.0,37.89,10.0,0.0062,0,0,GK,Goalkeeper,-1.476890679350421,-1.285156875003237,0.18314807102314357,-0.7402160576240475,-0.7403052935667526,-0.21778292204550684,-0.21678965026574543
706797,100000.0,11.51293546492023,22,484,1,192.0,4399.0,115.76,0.0,0.0,0,0,GK,Goalkeeper,-0.7343879476989733,-0.742252973283055,0.2950125752638379,0.6703765325604898,0.6703175861015073,-0.3887432632188414,-0.3887145651254728
938144,500000.0,13.122365377402328,18,324,0,190.0,1710.0,45.0,35.0,0.0216,0,0,GK,Goalkeeper,-1.476890679350421,-1.285156875003237,0.25026677356756016,-0.6115036550049786,-0.6115069286708834,0.20961793088782954,0.21024965438583548
786130,200000.0,12.206077645517674,22,484,1,185.0,2826.0,74.37,73.0,0.045,1,0,GK,Goalkeeper,-0.7343879476989733,-0.742252973283055,0.13840226932686586,-0.07949239084616015,-0.0794664255778207,0.8592672273465009,0.8591275588564193
705885,25000.0,10.12667110305036,22,484,1,180.0,180.0,4.74,0.0,0.0,0,0,GK,Goalkeeper,-0.7343879476989733,-0.742252973283055,0.02653776508617154,-1.340873936513036,-1.3408208767310368,-0.3887432632188414,-0.3887145651254728
276051,150000.0,11.918397239722838,31,961,0,189.0,2646.0,69.63,0.0,0.0,0,0,GK,Goalkeeper,0.9362431985167843,0.8762792837202377,0.2278938727194213,-0.1653006592588728,-0.16533200217506694,-0.3887432632188414,-0.3887145651254728
446289,100000.0,11.51293546492023,33,1089,0,192.0,4095.0,107.76,0.0,0.0,0,0,GK,Goalkeeper,1.3074945643425082,1.3106024050963831,0.2950125752638379,0.525455901463464,0.5253967817179697,-0.3887432632188414,-0.3887145651254728
342065,225000.0,12.323860125621126,29,841,0,190.0,4680.0,123.16,0.0,0.0,0,0,GK,Goalkeeper,0.5649918326910603,0.4691013574301011,0.25026677356756016,0.8043327738047801,0.8043693301562794,-0.3887432632188414,-0.3887145651254728
510330,200000.0,12.206077645517674,29,841,0,176.0,5555.0,146.18,94.0,0.058,1,0,GK,Goalkeeper,0.5649918326910603,0.4691013574301011,-0.0629538383063839,1.2214563008110222,1.2213789447699093,1.2182839438105033,1.2196152835622993
341984,175000.0,12.07254696717504,27,729,1,196.0,4484.0,118.0,0.0,0.0,0,0,GK,Goalkeeper,0.19374046686533647,0.08906862622597374,0.38450417865639336,0.7108971037553818,0.7108954113288978,-0.3887432632188414,-0.3887145651254728
1099061,300000.0,12.611541086966115,19,361,0,188.0,4590.0,120.79,0.0,0.0,0,0,GK,Goalkeeper,-1.291264996437559,-1.159610347730445,0.20552097187128243,0.7614286395984238,0.7614365418576566,-0.3887432632188414,-0.3887145651254728
561702,300000.0,12.611541086966115,23,529,1,185.0,5130.0,135.0,0.0,0.0,0,0,GK,Goalkeeper,-0.5487622647861113,-0.5895612509242537,0.13840226932686586,1.0188534448365616,1.0188521206439152,-0.3887432632188414,-0.3887145651254728
85389,175000.0,12.07254696717504,33,1089,0,180.0,5850.0,153.95,0.0,0.0,0,0,GK,Goalkeeper,1.3074945643425082,1.3106024050963831,0.02653776508617154,1.3620865184874122,1.3621332760274198,-0.3887432632188414,-0.3887145651254728
854158,75000.0,11.225256725762893,22,484,1,188.0,2520.0,66.32,0.0,0.0,0,0,GK,Goalkeeper,-0.7343879476989733,-0.742252973283055,0.20552097187128243,-0.22536644714777165,-0.2252929849887557,-0.3887432632188414,-0.3887145651254728
767255,100000.0,11.51293546492023,22,484,1,184.0,1170.0,30.79,0.0,0.0,0,0,GK,Goalkeeper,-0.7343879476989733,-0.742252973283055,0.116029368478727,-0.8689284602431165,-0.8689225074571422,-0.3887432632188414,-0.3887145651254728
107354,25000.0,10.12667110305036,37,1369,0,191.0,3446.0,90.68,0.0,0.0,0,0,GK,Goalkeeper,2.049997295993956,2.260684233106702,0.27263967441569903,0.21606942257540562,0.21599086435911674,-0.3887432632188414,-0.3887145651254728
495627,200000.0,12.206077645517674,24,576,1,185.0,6150.0,161.84,0.0,0.0,0,0,GK,Goalkeeper,-0.3631365818732494,-0.4300832297939503,0.13840226932686586,1.5051002991752667,1.5050614193506842,-0.3887432632188414,-0.3887145651254728
340880,75000.0,11.225256725762893,26,676,1,189.0,2331.0,61.34,0.0,0.0,0,0,GK,Goalkeeper,0.008114783952474518,-0.09076829121883655,0.2278938727194213,-0.31546512898111995,-0.3155061857175077,-0.3887432632188414,-0.3887145651254728
798365,100000.0,11.51293546492023,24,576,1,195.0,3120.0,82.11,0.0,0.0,0,0,GK,Goalkeeper,-0.3631365818732494,-0.4300832297939503,0.3621312778082545,0.06066111422793716,0.06074445266325189,-0.3887432632188414,-0.3887145651254728
945756,25000.0,10.12667110305036,20,400,0,190.0,540.0,14.21,0.0,0.0,0,0,GK,Goalkeeper,-1.1056393135246971,-1.0272775216861505,0.25026677356756016,-1.1692573996876108,-1.1692708745420242,-0.3887432632188414,-0.3887145651254728
946976,25000.0,10.12667110305036,21,441,1,188.0,558.0,14.68,0.0,0.0,0,1,GK,Goalkeeper,-0.9200136306118352,-0.8881583968703538,0.20552097187128243,-1.1606765728463395,-1.1607567772844913,-0.3887432632188414,-0.3887145651254728
717952,600000.0,13.304686600863562,22,484,1,185.0,1710.0,45.0,0.0,0.0,0,1,GK,Goalkeeper,-0.7343879476989733,-0.742252973283055,0.13840226932686586,-0.6115036550049786,-0.6115069286708834,-0.3887432632188414,-0.3887145651254728
1073051,100000.0,11.51293546492023,20,400,0,179.0,2220.0,58.42,0.0,0.0,0,1,GK,Goalkeeper,-1.1056393135246971,-1.0272775216861505,0.0041648642380326785,-0.3683802278356261,-0.36840227931749897,-0.3887432632188414,-0.3887145651254728
711367,50000.0,10.819798284210286,22,484,1,197.0,870.0,22.89,0.0,0.0,0,1,GK,Goalkeeper,-0.7343879476989733,-0.742252973283055,0.4068770795045322,-1.0119422409309708,-1.0120318017858856,-0.3887432632188414,-0.3887145651254728
1130913,50000.0,10.819798284210286,19,361,0,0.0,1863.0,49.03,0.0,0.0,0,0,GK,Goalkeeper,-1.291264996437559,-1.159610347730445,-4.000584387578824,-0.5385666268541728,-0.5385030734626763,-0.3887432632188414,-0.3887145651254728
631071,50000.0,10.819798284210286,24,576,1,0.0,2205.0,58.03,0.0,0.0,0,0,GK,Goalkeeper,-0.3631365818732494,-0.4300832297939503,-4.000584387578824,-0.37553091687001877,-0.37546716853119644,-0.3887432632188414,-0.3887145651254728
1171530,100000.0,11.51293546492023,20,400,0,188.0,2790.0,73.42,0.0,0.0,0,0,GK,Goalkeeper,-1.1056393135246971,-1.0272775216861505,0.20552097187128243,-0.09665404452870269,-0.09667577109836585,-0.3887432632188414,-0.3887145651254728
388359,600000.0,13.304686600863562,28,784,0,190.0,5537.0,145.71,0.0,0.0,0,0,GK,Goalkeeper,0.37936614977819844,0.2756918424422863,0.25026677356756016,1.212875473969751,1.2128648475123764,-0.3887432632188414,-0.3887145651254728
401910,150000.0,11.918397239722838,29,841,0,184.0,2297.0,60.45,77.0,0.0475,1,0,GK,Goalkeeper,0.5649918326910603,0.4691013574301011,0.116029368478727,-0.3316733574590768,-0.3316286252051763,0.9276513638158347,0.928452121299858
137610,200000.0,12.206077645517674,30,900,0,190.0,6210.0,163.42,0.0,0.0,0,0,GK,Goalkeeper,0.7506175156039223,0.6692971711894182,0.25026677356756016,1.5337030553128375,1.5336832782164327,-0.3887432632188414,-0.3887145651254728
707271,50000.0,10.819798284210286,22,484,1,0.0,881.0,23.18,0.0,0.0,0,0,GK,Goalkeeper,-0.7343879476989733,-0.742252973283055,-4.000584387578824,-1.0066984023057495,-1.0067784226269825,-0.3887432632188414,-0.3887145651254728
51726,25000.0,10.12667110305036,36,1296,0,181.0,3889.0,102.34,0.0,0.0,0,0,GK,Goalkeeper,1.864371613081094,2.0129843279468687,0.048910665934310406,0.4272531053911373,0.42721293674812283,-0.3887432632188414,-0.3887145651254728
892421,50000.0,10.819798284210286,20,400,0,191.0,690.0,18.16,0.0,0.0,0,1,GK,Goalkeeper,-1.1056393135246971,-1.0272775216861505,0.27263967441569903,-1.0977505093436835,-1.0977162273776524,-0.3887432632188414,-0.3887145651254728
708497,150000.0,11.918397239722838,21,441,1,0.0,3330.0,87.63,0.0,0.0,0,0,GK,Goalkeeper,-0.9200136306118352,-0.8881583968703538,-4.000584387578824,0.16077076070943525,0.1607398076878928,-0.3887432632188414,-0.3887145651254728
551184,100000.0,11.51293546492023,23,529,1,182.0,2790.0,73.42,21.0,0.0129,0,0,GK,Goalkeeper,-0.5487622647861113,-0.5895612509242537,0.07128356678244926,-0.09665404452870269,-0.09667577109836585,-0.029726546754838833,-0.030999822917330364
341570,300000.0,12.611541086966115,29,841,0,182.0,2832.0,74.53,0.0,0.0,0,0,GK,Goalkeeper,0.5649918326910603,0.4691013574301011,0.07128356678244926,-0.07663211523240307,-0.07656800949015001,-0.3887432632188414,-0.3887145651254728
214741,125000.0,11.736077016252437,31,961,0,189.0,4905.0,129.08,0.0,0.0,0,0,GK,Goalkeeper,0.9362431985167843,0.8762792837202377,0.2278938727194213,0.9115931093206708,0.9116107254000976,-0.3887432632188414,-0.3887145651254728
1063990,150000.0,11.918397239722838,19,361,0,187.0,3060.0,80.53,0.0,0.0,0,0,GK,Goalkeeper,-1.291264996437559,-1.159610347730445,0.18314807102314357,0.03205835809036628,0.032122593797503235,-0.3887432632188414,-0.3887145651254728
214467,50000.0,10.819798284210286,32,1024,0,183.0,6030.0,158.68,0.0,0.0,0,0,GK,Goalkeeper,1.1218688814296462,1.0900476950225593,0.09365646763058813,1.4478947869001249,1.4478177016191869,-0.3887432632188414,-0.3887145651254728
895330,50000.0,10.819798284210286,19,361,0,193.0,630.0,16.58,246.0,0.1517,1,1,GK,Goalkeeper,-1.291264996437559,-1.159610347730445,0.31738547611197676,-1.1263532654812545,-1.126338086243401,3.8168811296451883,3.8178998839423723
712181,200000.0,12.206077645517674,20,400,0,188.0,4080.0,107.37,0.0,0.0,0,0,GK,Goalkeeper,-1.1056393135246971,-1.0272775216861505,0.20552097187128243,0.5183052124290712,0.5183318925042721,-0.3887432632188414,-0.3887145651254728
71206,25000.0,10.12667110305036,39,1521,0,190.0,2442.0,64.26,185.0,0.1141,1,0,GK,Goalkeeper,2.42124866181968,2.7764429397408747,0.25026677356756016,-0.2625500301266138,-0.2626100921175164,2.7740230484878476,2.7752584647930583
520391,50000.0,10.819798284210286,26,676,1,188.0,4590.0,120.79,0.0,0.0,0,0,GK,Goalkeeper,0.008114783952474518,-0.09076829121883655,0.20552097187128243,0.7614286395984238,0.7614365418576566,-0.3887432632188414,-0.3887145651254728
213990,225000.0,12.323860125621126,28,784,0,196.0,3798.0,99.95,0.0,0.0,0,0,GK,Goalkeeper,0.37936614977819844,0.2756918424422863,0.38450417865639336,0.38387225858248814,0.38391784643854093,-0.3887432632188414,-0.3887145651254728
289199,50000.0,10.819798284210286,29,841,0,192.0,2083.0,54.82,27.0,0.0166,0,1,GK,Goalkeeper,0.5649918326910603,0.4691013574301011,0.2950125752638379,-0.4336898543497462,-0.4336166412900909,0.0728496579491619,0.07160052949895855
720409,150000.0,11.918397239722838,23,529,1,189.0,2674.0,70.37,0.0,0.0,0,0,GK,Goalkeeper,-0.5487622647861113,-0.5895612509242537,0.2278938727194213,-0.15195270639467306,-0.15192682776958955,-0.3887432632188414,-0.3887145651254728
720525,50000.0,10.819798284210286,22,484,1,0.0,18.0,0.47,0.0,0.0,0,0,GK,Goalkeeper,-0.7343879476989733,-0.742252973283055,-4.000584387578824,-1.4181013780844773,-1.41817235607075,-0.3887432632188414,-0.3887145651254728
65266,50000.0,10.819798284210286,35,1225,0,191.0,4338.0,114.16,120.0,0.074,1,0,GK,Goalkeeper,1.6787459301682321,1.7720707215585378,0.27263967441569903,0.641297063820626,0.6413334252247996,1.6627808308611731,1.6632924832003055
603619,200000.0,12.206077645517674,27,729,1,190.0,6757.0,177.82,0.0,0.0,0,0,GK,Goalkeeper,0.19374046686533647,0.08906862622597374,0.25026677356756016,1.7944648487670254,1.7945407261068005,-0.3887432632188414,-0.3887145651254728
1034156,25000.0,10.12667110305036,21,441,1,0.0,35.0,0.92,0.0,0.0,0,0,GK,Goalkeeper,-0.9200136306118352,-0.8881583968703538,-4.000584387578824,-1.409997263845499,-1.4100205608241758,-0.3887432632188414,-0.3887145651254728
349475,600000.0,13.304686600863562,25,625,1,195.0,4140.0,108.95,6.0,0.0037,0,0,GK,Goalkeeper,-0.17751089896038744,-0.26381890989214457,0.3621312778082545,0.5469079685666421,0.5469537513700208,-0.28616705851484064,-0.28611421270918386
1051775,25000.0,10.12667110305036,21,441,1,190.0,136.0,3.58,0.0,0.0,0,0,GK,Goalkeeper,-0.9200136306118352,-0.8881583968703538,0.25026677356756016,-1.3618492910139213,-1.3618343933666497,-0.3887432632188414,-0.3887145651254728
465318,150000.0,11.918397239722838,26,676,1,194.0,4590.0,120.79,0.0,0.0,0,0,GK,Goalkeeper,0.008114783952474518,-0.09076829121883655,0.3397583769601156,0.7614286395984238,0.7614365418576566,-0.3887432632188414,-0.3887145651254728
363871,100000.0,11.51293546492023,28,784,0,198.0,2959.0,77.87,0.0,0.0,0,0,GK,Goalkeeper,0.37936614977819844,0.2756918424422863,0.4292499803526711,-0.016089614741211372,-0.01606357366002298,-0.3887432632188414,-0.3887145651254728
549069,200000.0,12.206077645517674,24,576,1,188.0,1200.0,31.58,0.0,0.0,0,0,GK,Goalkeeper,-0.3631365818732494,-0.4300832297939503,0.20552097187128243,-0.854627082174331,-0.8546115780242679,-0.3887432632188414,-0.3887145651254728
581640,200000.0,12.206077645517674,22,484,1,188.0,1620.0,42.63,0.0,0.0,0,0,GK,Goalkeeper,-0.7343879476989733,-0.742252973283055,0.20552097187128243,-0.6544077892113349,-0.6544397169695064,-0.3887432632188414,-0.3887145651254728
58567,25000.0,10.12667110305036,39,1521,0,187.0,3432.0,90.32,0.0,0.0,0,0,GK,Goalkeeper,2.42124866181968,2.7764429397408747,0.18314807102314357,0.20939544614330574,0.2094694281618573,-0.3887432632188414,-0.3887145651254728
1053392,25000.0,10.12667110305036,20,400,0,191.0,3060.0,80.53,0.0,0.0,0,0,GK,Goalkeeper,-1.1056393135246971,-1.0272775216861505,0.27263967441569903,0.03205835809036628,0.032122593797503235,-0.3887432632188414,-0.3887145651254728
536659,150000.0,11.918397239722838,27,729,1,186.0,2880.0,75.79,0.0,0.0,0,0,GK,Goalkeeper,0.19374046686533647,0.08906862622597374,0.16077517017500473,-0.05374991032234636,-0.05374298279974274,-0.3887432632188414,-0.3887145651254728
727147,700000.0,13.45883704259595,20,400,0,188.0,3322.0,87.42,0.0,0.0,0,1,GK,Goalkeeper,-1.1056393135246971,-1.0272775216861505,0.20552097187128243,0.15695705989109246,0.15693563657282505,-0.3887432632188414,-0.3887145651254728
945758,25000.0,10.12667110305036,21,441,1,193.0,572.0,15.05,8.0,0.0049,0,0,GK,Goalkeeper,-0.9200136306118352,-0.8881583968703538,0.31738547611197676,-1.1540025964142395,-1.1540541900817527,-0.2519749902801737,-0.25283842273633345
1004295,50000.0,10.819798284210286,22,484,1,187.0,1510.0,39.74,0.0,0.0,0,0,GK,Goalkeeper,-0.7343879476989733,-0.742252973283055,0.18314807102314357,-0.7068461754635481,-0.7067923575530594,-0.3887432632188414,-0.3887145651254728
204409,100000.0,11.51293546492023,33,1089,0,191.0,234.0,6.16,274.0,0.1689,1,0,GK,Goalkeeper,1.3074945643425082,1.3106024050963831,0.27263967441569903,-1.3151314559892222,-1.3150974339529589,4.295570084930525,4.2948528735532285
268257,50000.0,10.819798284210286,30,900,0,186.0,2248.0,59.16,244.0,0.1504,1,0,GK,Goalkeeper,0.7506175156039223,0.6692971711894182,0.16077517017500473,-0.3550322749714263,-0.35499710491202185,3.7826890614105215,3.7818511114717848
713632,150000.0,11.918397239722838,22,484,1,194.0,427.0,11.24,0.0,0.0,0,0,GK,Goalkeeper,-0.7343879476989733,-0.742252973283055,0.3397583769601156,-1.2231259237467025,-1.2230727231694125,-0.3887432632188414,-0.3887145651254728
618801,2000000.0,14.508658238524095,21,441,1,186.0,5940.0,156.32,0.0,0.0,0,0,GK,Goalkeeper,-0.9200136306118352,-0.8881583968703538,0.16077517017500473,1.4049906526937685,1.405066064326043,-0.3887432632188414,-0.3887145651254728
598274,200000.0,12.206077645517674,23,529,1,189.0,3309.0,87.08,0.0,0.0,0,0,GK,Goalkeeper,-0.5487622647861113,-0.5895612509242537,0.2278938727194213,0.15075979606128545,0.15077650238652465,-0.3887432632188414,-0.3887145651254728
67552,150000.0,11.918397239722838,33,1089,0,181.0,6210.0,163.42,0.0,0.0,0,0,GK,Goalkeeper,1.3074945643425082,1.3106024050963831,0.048910665934310406,1.5337030553128375,1.5336832782164327,-0.3887432632188414,-0.3887145651254728
1056956,250000.0,12.429220196836383,20,400,0,182.0,2415.0,63.55,0.0,0.0,0,1,GK,Goalkeeper,-1.1056393135246971,-1.0272775216861505,0.07128356678244926,-0.2754212703885207,-0.27547181350655553,-0.3887432632188414,-0.3887145651254728
668278,50000.0,10.819798284210286,21,441,1,185.0,2160.0,56.84,0.0,0.0,0,0,GK,Goalkeeper,-0.9200136306118352,-0.8881583968703538,0.13840226932686586,-0.3969829839731969,-0.3970241381832476,-0.3887432632188414,-0.3887145651254728
731214,150000.0,11.918397239722838,25,625,1,185.0,3900.0,102.63,0.0,0.0,0,0,GK,Goalkeeper,-0.17751089896038744,-0.26381890989214457,0.13840226932686586,0.43249694401635863,0.43246631590702594,-0.3887432632188414,-0.3887145651254728
251070,100000.0,11.51293546492023,27,729,1,194.0,1540.0,40.53,0.0,0.0,0,0,GK,Goalkeeper,0.19374046686533647,0.08906862622597374,0.3397583769601156,-0.6925447973947627,-0.6924814281201851,-0.3887432632188414,-0.3887145651254728
355534,200000.0,12.206077645517674,28,784,0,188.0,5580.0,146.84,0.0,0.0,0,1,GK,Goalkeeper,0.37936614977819844,0.2756918424422863,0.20552097187128243,1.2333741158683433,1.233334911131551,-0.3887432632188414,-0.3887145651254728
668313,500000.0,13.122365377402328,21,441,1,0.0,5400.0,142.11,0.0,0.0,0,0,GK,Goalkeeper,-0.9200136306118352,-0.8881583968703538,-4.000584387578824,1.1475658474556307,1.1476504855397847,-0.3887432632188414,-0.3887145651254728
541621,300000.0,12.611541086966115,24,576,1,185.0,4590.0,120.79,0.0,0.0,0,0,GK,Goalkeeper,-0.3631365818732494,-0.4300832297939503,0.13840226932686586,0.7614286395984238,0.7614365418576566,-0.3887432632188414,-0.3887145651254728
352659,275000.0,12.524530013005734,25,625,1,194.0,974.0,25.63,6.0,0.0037,0,0,GK,Goalkeeper,-0.17751089896038744,-0.26381890989214457,0.3397583769601156,-0.9623641302925147,-0.962396426284524,-0.28616705851484064,-0.28611421270918386
1100634,50000.0,10.819798284210286,18,324,0,185.0,2736.0,72.0,0.0,0.0,0,0,GK,Goalkeeper,-1.476890679350421,-1.285156875003237,0.13840226932686586,-0.12239652505251648,-0.12239921387644383,-0.3887432632188414,-0.3887145651254728
1055220,400000.0,12.899222326086994,19,361,0,199.0,2160.0,56.84,0.0,0.0,0,0,GK,Goalkeeper,-1.291264996437559,-1.159610347730445,0.4516228812008099,-0.3969829839731969,-0.3970241381832476,-0.3887432632188414,-0.3887145651254728
396341,25000.0,10.12667110305036,25,625,1,185.0,1935.0,50.92,0.0,0.0,0,0,GK,Goalkeeper,-0.17751089896038744,-0.26381890989214457,0.13840226932686586,-0.5042433194890877,-0.5042655334270655,-0.3887432632188414,-0.3887145651254728
282409,150000.0,11.918397239722838,28,784,0,190.0,3780.0,99.47,0.0,0.0,0,0,GK,Goalkeeper,0.37936614977819844,0.2756918424422863,0.25026677356756016,0.3752914317412169,0.3752225981755286,-0.3887432632188414,-0.3887145651254728
1182569,100000.0,11.51293546492023,18,324,0,187.0,720.0,18.95,0.0,0.0,0,0,GK,Goalkeeper,-1.476890679350421,-1.285156875003237,0.18314807102314357,-1.0834491312748982,-1.083405297944778,-0.3887432632188414,-0.3887145651254728
1061332,50000.0,10.819798284210286,20,400,0,0.0,90.0,2.37,0.0,0.0,0,0,GK,Goalkeeper,-1.1056393135246971,-1.0272775216861505,-4.000584387578824,-1.3837780707193923,-1.3837536650296596,-0.3887432632188414,-0.3887145651254728
252056,25000.0,10.12667110305036,35,1225,0,186.0,2680.0,70.53,0.0,0.0,0,0,GK,Goalkeeper,1.6787459301682321,1.7720707215585378,0.16077517017500473,-0.14909243078091597,-0.14902841168191885,-0.3887432632188414,-0.3887145651254728
1061277,50000.0,10.819798284210286,20,400,0,0.0,935.0,24.61,0.0,0.0,0,0,GK,Goalkeeper,-1.1056393135246971,-1.0272775216861505,-4.000584387578824,-0.9809559217819358,-0.9808738288434251,-0.3887432632188414,-0.3887145651254728
634429,50000.0,10.819798284210286,22,484,1,186.0,390.0,10.26,0.0,0.0,0,0,GK,Goalkeeper,-0.7343879476989733,-0.742252973283055,0.16077517017500473,-1.2407642900315379,-1.2408255217063957,-0.3887432632188414,-0.3887145651254728
531491,600000.0,13.304686600863562,25,625,1,179.0,6012.0,158.21,0.0,0.0,0,0,GK,Goalkeeper,-0.17751089896038744,-0.26381890989214457,0.0041648642380326785,1.4393139600588536,1.439303604361654,-0.3887432632188414,-0.3887145651254728
343943,25000.0,10.12667110305036,29,841,0,178.0,3268.0,86.0,0.0,0.0,0,0,GK,Goalkeeper,0.5649918326910603,0.4691013574301011,-0.018208036610106185,0.13121457936727868,0.13121219379474708,-0.3887432632188414,-0.3887145651254728
257813,50000.0,10.819798284210286,38,1444,0,184.0,2610.0,68.68,0.0,0.0,0,0,GK,Goalkeeper,2.235622978906818,2.5151704370380368,0.116029368478727,-0.18246231294141532,-0.18254134769561184,-0.3887432632188414,-0.3887145651254728
582698,50000.0,10.819798284210286,24,576,1,190.0,180.0,4.74,0.0,0.0,0,1,GK,Goalkeeper,-0.3631365818732494,-0.4300832297939503,0.25026677356756016,-1.340873936513036,-1.3408208767310368,-0.3887432632188414,-0.3887145651254728
509492,150000.0,11.918397239722838,27,729,1,188.0,5070.0,133.42,0.0,0.0,0,0,GK,Goalkeeper,0.19374046686533647,0.08906862622597374,0.20552097187128243,0.9902506886989908,0.9902302617781663,-0.3887432632188414,-0.3887145651254728
741251,200000.0,12.206077645517674,19,361,0,187.0,1800.0,47.37,0.0,0.0,0,0,GK,Goalkeeper,-1.291264996437559,-1.159610347730445,0.18314807102314357,-0.5685995207986222,-0.5685741403722604,-0.3887432632188414,-0.3887145651254728
176612,25000.0,10.12667110305036,35,1225,0,182.0,1541.0,40.55,0.0,0.0,0,0,GK,Goalkeeper,1.6787459301682321,1.7720707215585378,0.07128356678244926,-0.6920680847924698,-0.6921191261092263,-0.3887432632188414,-0.3887145651254728
388888,200000.0,12.206077645517674,27,729,1,187.0,5970.0,157.11,0.0,0.0,0,0,GK,Goalkeeper,0.19374046686533647,0.08906862622597374,0.18314807102314357,1.419292030762554,1.4193769937589178,-0.3887432632188414,-0.3887145651254728
353019,100000.0,11.51293546492023,25,625,1,183.0,5715.0,150.39,0.0,0.0,0,0,GK,Goalkeeper,-0.17751089896038744,-0.26381890989214457,0.09365646763058813,1.2977303171778778,1.2976435180767456,-0.3887432632188414,-0.3887145651254728
906442,50000.0,10.819798284210286,21,441,1,187.0,934.0,24.58,0.0,0.0,0,0,GK,Goalkeeper,-0.9200136306118352,-0.8881583968703538,0.18314807102314357,-0.9814326343842286,-0.9814172818598633,-0.3887432632188414,-0.3887145651254728
938722,150000.0,11.918397239722838,21,441,1,190.0,1903.0,50.08,0.0,0.0,0,0,GK,Goalkeeper,-0.9200136306118352,-0.8881583968703538,0.25026677356756016,-0.5194981227624589,-0.5194822178873371,-0.3887432632188414,-0.3887145651254728
749087,350000.0,12.765691290604371,24,576,1,189.0,3150.0,82.89,0.0,0.0,0,0,GK,Goalkeeper,-0.3631365818732494,-0.4300832297939503,0.2278938727194213,0.0749624922967226,0.07487423109064684,-0.3887432632188414,-0.3887145651254728
566666,200000.0,12.206077645517674,25,625,1,188.0,2910.0,76.58,0.0,0.0,0,0,GK,Goalkeeper,-0.17751089896038744,-0.26381890989214457,0.20552097187128243,-0.039448532253560924,-0.03943205336686854,-0.3887432632188414,-0.3887145651254728
955382,50000.0,10.819798284210286,19,361,0,191.0,549.0,14.45,0.0,0.0,0,0,GK,Goalkeeper,-1.291264996437559,-1.159610347730445,0.27263967441569903,-1.1649669862669751,-1.1649232504105178,-0.3887432632188414,-0.3887145651254728
894945,50000.0,10.819798284210286,23,529,1,0.0,1080.0,28.42,0.0,0.0,0,0,GK,Goalkeeper,-0.5487622647861113,-0.5895612509242537,-4.000584387578824,-0.9118325944494728,-0.9118552957557652,-0.3887432632188414,-0.3887145651254728
1044645,25000.0,10.12667110305036,21,441,1,182.0,250.0,6.58,0.0,0.0,0,0,GK,Goalkeeper,-0.9200136306118352,-0.8881583968703538,0.07128356678244926,-1.3075040543525367,-1.307489091722823,-0.3887432632188414,-0.3887145651254728
610909,100000.0,11.51293546492023,24,576,1,0.0,3870.0,101.84,0.0,0.0,0,0,GK,Goalkeeper,-0.3631365818732494,-0.4300832297939503,-4.000584387578824,0.4181955659475732,0.41815538647415174,-0.3887432632188414,-0.3887145651254728
450283,150000.0,11.918397239722838,29,841,0,191.0,5340.0,140.53,0.0,0.0,0,0,GK,Goalkeeper,0.5649918326910603,0.4691013574301011,0.27263967441569903,1.1189630913180597,1.1190286266740357,-0.3887432632188414,-0.3887145651254728
611202,150000.0,11.918397239722838,24,576,1,185.0,3690.0,97.11,214.0,0.1319,1,0,GK,Goalkeeper,-0.3631365818732494,-0.4300832297939503,0.13840226932686586,0.3323872975348605,0.332470960882385,3.2698080378905177,3.26884934939034
631378,100000.0,11.51293546492023,23,529,1,183.0,810.0,21.32,0.0,0.0,0,0,GK,Goalkeeper,-0.5487622647861113,-0.5895612509242537,0.09365646763058813,-1.0405449970685419,-1.040472509646155,-0.3887432632188414,-0.3887145651254728
625016,250000.0,12.429220196836383,23,529,1,188.0,3990.0,105.0,0.0,0.0,0,0,GK,Goalkeeper,-0.5487622647861113,-0.5895612509242537,0.20552097187128243,0.47540107822271493,0.475399104205649,-0.3887432632188414,-0.3887145651254728
635521,50000.0,10.819798284210286,21,441,1,180.0,270.0,7.11,0.0,0.0,0,0,GK,Goalkeeper,-0.9200136306118352,-0.8881583968703538,0.02653776508617154,-1.2979698023066797,-1.2978880884324138,-0.3887432632188414,-0.3887145651254728
567504,150000.0,11.918397239722838,23,529,1,191.0,5130.0,135.0,0.0,0.0,0,0,GK,Goalkeeper,-0.5487622647861113,-0.5895612509242537,0.27263967441569903,1.0188534448365616,1.0188521206439152,-0.3887432632188414,-0.3887145651254728
634116,100000.0,11.51293546492023,22,484,1,184.0,1620.0,42.63,0.0,0.0,0,1,GK,Goalkeeper,-0.7343879476989733,-0.742252973283055,0.116029368478727,-0.6544077892113349,-0.6544397169695064,-0.3887432632188414,-0.3887145651254728
568598,75000.0,11.225256725762893,21,441,1,191.0,180.0,4.74,0.0,0.0,0,0,GK,Goalkeeper,-0.9200136306118352,-0.8881583968703538,0.27263967441569903,-1.340873936513036,-1.3408208767310368,-0.3887432632188414,-0.3887145651254728
568183,200000.0,12.206077645517674,22,484,1,182.0,5250.0,138.16,0.0,0.0,0,0,GK,Goalkeeper,-0.7343879476989733,-0.742252973283055,0.07128356678244926,1.0760589571117034,1.0760958383754127,-0.3887432632188414,-0.3887145651254728
495602,50000.0,10.819798284210286,24,576,1,189.0,1080.0,28.42,0.0,0.0,0,0,GK,Goalkeeper,-0.3631365818732494,-0.4300832297939503,0.2278938727194213,-0.9118325944494728,-0.9118552957557652,-0.3887432632188414,-0.3887145651254728
399366,150000.0,11.918397239722838,28,784,0,187.0,6300.0,165.79,0.0,0.0,0,0,GK,Goalkeeper,0.37936614977819844,0.2756918424422863,0.18314807102314357,1.5766071895191938,1.5766160665150557,-0.3887432632188414,-0.3887145651254728
296838,200000.0,12.206077645517674,30,900,0,185.0,6030.0,158.68,0.0,0.0,0,0,GK,Goalkeeper,0.7506175156039223,0.6692971711894182,0.13840226932686586,1.4478947869001249,1.4478177016191869,-0.3887432632188414,-0.3887145651254728
580972,25000.0,10.12667110305036,23,529,1,194.0,450.0,11.84,0.0,0.0,0,0,GK,Goalkeeper,-0.5487622647861113,-0.5895612509242537,0.3397583769601156,-1.212161533893967,-1.212203662840647,-0.3887432632188414,-0.3887145651254728
58161,50000.0,10.819798284210286,36,1296,0,188.0,4465.0,117.5,0.0,0.0,0,0,GK,Goalkeeper,1.864371613081094,2.0129843279468687,0.20552097187128243,0.7018395643118177,0.7018378610549266,-0.3887432632188414,-0.3887145651254728
973314,50000.0,10.819798284210286,19,361,0,193.0,1350.0,35.53,0.0,0.0,0,0,GK,Goalkeeper,-1.291264996437559,-1.159610347730445,0.31738547611197676,-0.7831201918304038,-0.7830569308598961,-0.3887432632188414,-0.3887145651254728
461613,150000.0,11.918397239722838,24,576,1,187.0,4590.0,120.79,0.0,0.0,0,0,GK,Goalkeeper,-0.3631365818732494,-0.4300832297939503,0.18314807102314357,0.7614286395984238,0.7614365418576566,-0.3887432632188414,-0.3887145651254728
566733,150000.0,11.918397239722838,23,529,1,194.0,569.0,14.97,0.0,0.0,0,1,GK,Goalkeeper,-0.5487622647861113,-0.5895612509242537,0.3397583769601156,-1.1554327342211181,-1.155503398125588,-0.3887432632188414,-0.3887145651254728
156863,25000.0,10.12667110305036,34,1156,0,198.0,2385.0,62.76,0.0,0.0,0,0,GK,Goalkeeper,1.4931202472553702,1.5379434139417094,0.4292499803526711,-0.28972264845730616,-0.28978274293942985,-0.3887432632188414,-0.3887145651254728
1006478,100000.0,11.51293546492023,20,400,0,0.0,3110.0,81.84,0.0,0.0,0,1,GK,Goalkeeper,-1.1056393135246971,-1.0272775216861505,-4.000584387578824,0.05589398820500868,0.055853375515307564,-0.3887432632188414,-0.3887145651254728
363541,150000.0,11.918397239722838,27,729,1,188.0,6329.0,166.55,0.0,0.0,0,0,GK,Goalkeeper,0.19374046686533647,0.08906862622597374,0.20552097187128243,1.5904318549856864,1.590383542931492,-0.3887432632188414,-0.3887145651254728
58534,50000.0,10.819798284210286,35,1225,0,185.0,5044.0,132.74,30.0,0.0185,0,0,GK,Goalkeeper,1.6787459301682321,1.7720707215585378,0.13840226932686586,0.9778561610393768,0.977911993405566,0.12413776030116226,0.12428719695597175
310708,75000.0,11.225256725762893,29,841,0,0.0,1470.0,38.68,0.0,0.0,0,0,GK,Goalkeeper,0.5649918326910603,0.4691013574301011,-4.000584387578824,-0.7259146795552621,-0.7259943641338782,-0.3887432632188414,-0.3887145651254728
284880,100000.0,11.51293546492023,26,676,1,185.0,3132.0,82.42,0.0,0.0,0,0,GK,Goalkeeper,0.008114783952474518,-0.09076829121883655,0.13840226932686586,0.06638166545545134,0.06636013383311401,-0.3887432632188414,-0.3887145651254728
935228,50000.0,10.819798284210286,21,441,1,186.0,432.0,11.37,0.0,0.0,0,0,GK,Goalkeeper,-0.9200136306118352,-0.8881583968703538,0.16077517017500473,-1.2207423607352383,-1.2207177600981798,-0.3887432632188414,-0.3887145651254728
902145,100000.0,11.51293546492023,20,400,0,190.0,2419.0,63.66,0.0,0.0,0,0,GK,Goalkeeper,-1.1056393135246971,-1.0272775216861505,0.25026677356756016,-0.2735144199793493,-0.2734791524462819,-0.3887432632188414,-0.3887145651254728
197132,100000.0,11.51293546492023,31,961,0,189.0,3180.0,83.68,0.0,0.0,0,0,GK,Goalkeeper,0.9362431985167843,0.8762792837202377,0.2278938727194213,0.08926387036550804,0.0891851605235213,-0.3887432632188414,-0.3887145651254728
636685,50000.0,10.819798284210286,21,441,1,188.0,785.0,20.66,0.0,0.0,0,0,GK,Goalkeeper,-0.9200136306118352,-0.8881583968703538,0.20552097187128243,-1.052462812125863,-1.0524284760077969,-0.3887432632188414,-0.3887145651254728
197128,100000.0,11.51293546492023,33,1089,0,187.0,4854.0,127.74,0.0,0.0,0,0,GK,Goalkeeper,1.3074945643425082,1.3106024050963831,0.18314807102314357,0.8872807666037357,0.8873364906658547,-0.3887432632188414,-0.3887145651254728
636354,25000.0,10.12667110305036,24,576,1,191.0,2970.0,78.16,0.0,0.0,0,0,GK,Goalkeeper,-0.3631365818732494,-0.4300832297939503,0.27263967441569903,-0.010845776115990044,-0.010810194501119882,-0.3887432632188414,-0.3887145651254728
298249,50000.0,10.819798284210286,30,900,0,0.0,2550.0,67.11,0.0,0.0,0,0,GK,Goalkeeper,0.7506175156039223,0.6692971711894182,-4.000584387578824,-0.2110650690789862,-0.21098205555588123,-0.3887432632188414,-0.3887145651254728
298134,200000.0,12.206077645517674,28,784,0,187.0,6210.0,163.42,0.0,0.0,0,0,GK,Goalkeeper,0.37936614977819844,0.2756918424422863,0.18314807102314357,1.5337030553128375,1.5336832782164327,-0.3887432632188414,-0.3887145651254728
264431,275000.0,12.524530013005734,29,841,0,187.0,6840.0,180.0,0.0,0.0,0,0,GK,Goalkeeper,0.5649918326910603,0.4691013574301011,0.18314807102314357,1.8340319947573318,1.8340316453013146,-0.3887432632188414,-0.3887145651254728
632913,50000.0,10.819798284210286,22,484,1,193.0,2313.0,60.87,0.0,0.0,0,0,GK,Goalkeeper,-0.7343879476989733,-0.742252973283055,0.31738547611197676,-0.3240459558223912,-0.32402028297504065,-0.3887432632188414,-0.3887145651254728
814995,100000.0,11.51293546492023,24,576,1,187.0,2074.0,54.58,0.0,0.0,0,0,GK,Goalkeeper,-0.3631365818732494,-0.4300832297939503,0.18314807102314357,-0.43798026777038185,-0.4379642654215971,-0.3887432632188414,-0.3887145651254728
718574,150000.0,11.918397239722838,22,484,1,183.0,2496.0,65.68,0.0,0.0,0,0,GK,Goalkeeper,-0.7343879476989733,-0.742252973283055,0.09365646763058813,-0.2368075496028,-0.23688664933943845,-0.3887432632188414,-0.3887145651254728
632892,150000.0,11.918397239722838,23,529,1,184.0,2520.0,66.32,0.0,0.0,0,0,GK,Goalkeeper,-0.5487622647861113,-0.5895612509242537,0.116029368478727,-0.22536644714777165,-0.2252929849887557,-0.3887432632188414,-0.3887145651254728
209576,75000.0,11.225256725762893,32,1024,0,186.0,6240.0,164.21,0.0,0.0,0,1,GK,Goalkeeper,1.1218688814296462,1.0900476950225593,0.16077517017500473,1.548004433381623,1.5479942076493074,-0.3887432632188414,-0.3887145651254728
460218,400000.0,12.899222326086994,25,625,1,192.0,1650.0,43.42,38.0,0.0234,0,0,GK,Goalkeeper,-0.17751089896038744,-0.26381890989214457,0.2950125752638379,-0.6401064111425494,-0.640128787536632,0.2609060332398299,0.26016333934511116
554859,100000.0,11.51293546492023,25,625,1,185.0,2555.0,67.24,0.0,0.0,0,0,GK,Goalkeeper,-0.17751089896038744,-0.26381890989214457,0.13840226932686586,-0.20868150606752198,-0.20862709248464884,-0.3887432632188414,-0.3887145651254728
627070,100000.0,11.51293546492023,25,625,1,188.0,5177.0,136.24,0.0,0.0,0,0,GK,Goalkeeper,-0.17751089896038744,-0.26381890989214457,0.20552097187128243,1.0412589371443255,1.0413148453233638,-0.3887432632188414,-0.3887145651254728
574213,50000.0,10.819798284210286,24,576,1,184.0,3852.0,101.37,0.0,0.0,0,0,GK,Goalkeeper,-0.3631365818732494,-0.4300832297939503,0.116029368478727,0.4096147391063019,0.4096412892166189,-0.3887432632188414,-0.3887145651254728
448835,150000.0,11.918397239722838,27,729,1,190.0,3015.0,79.34,0.0,0.0,0,0,GK,Goalkeeper,0.19374046686533647,0.08906862622597374,0.25026677356756016,0.010606290987188119,0.010565624145452045,-0.3887432632188414,-0.3887145651254728
575472,100000.0,11.51293546492023,24,576,1,190.0,2642.0,69.53,0.0,0.0,0,0,GK,Goalkeeper,-0.3631365818732494,-0.4300832297939503,0.25026677356756016,-0.1672075096680442,-0.16714351222986104,-0.3887432632188414,-0.3887145651254728
265450,100000.0,11.51293546492023,28,784,0,193.0,1830.0,48.16,0.0,0.0,0,0,GK,Goalkeeper,0.37936614977819844,0.2756918424422863,0.31738547611197676,-0.5542981427298368,-0.5542632109393861,-0.3887432632188414,-0.3887145651254728
631050,150000.0,11.918397239722838,24,576,1,195.0,5119.0,134.71,0.0,0.0,0,0,GK,Goalkeeper,-0.3631365818732494,-0.4300832297939503,0.3621312778082545,1.0136096062113404,1.0135987414850123,-0.3887432632188414,-0.3887145651254728
505494,150000.0,11.918397239722838,24,576,1,186.0,2072.0,54.53,123.0,0.0758,1,1,GK,Goalkeeper,-0.3631365818732494,-0.4300832297939503,0.16077517017500473,-0.4389336929749676,-0.43887002044899415,1.7140689332131733,1.7132061681595814
1059293,100000.0,11.51293546492023,20,400,0,0.0,1851.0,48.71,223.0,0.1375,1,0,GK,Goalkeeper,-1.1056393135246971,-1.0272775216861505,-4.000584387578824,-0.544287178081687,-0.5442999056380178,3.4236723449465187,3.4241363692636426
636092,25000.0,10.12667110305036,23,529,1,0.0,540.0,14.21,0.0,0.0,0,0,GK,Goalkeeper,-0.5487622647861113,-0.5895612509242537,-4.000584387578824,-1.1692573996876108,-1.1692708745420242,-0.3887432632188414,-0.3887145651254728
156801,50000.0,10.819798284210286,34,1156,0,181.0,3426.0,90.16,0.0,0.0,0,0,GK,Goalkeeper,1.4931202472553702,1.5379434139417094,0.048910665934310406,0.20653517052954865,0.2065710120741866,-0.3887432632188414,-0.3887145651254728
303248,250000.0,12.429220196836383,29,841,0,189.0,5358.0,141.0,0.0,0.0,0,0,GK,Goalkeeper,0.5649918326910603,0.4691013574301011,0.2278938727194213,1.127543918159331,1.1275427239315685,-0.3887432632188414,-0.3887145651254728
200612,100000.0,11.51293546492023,33,1089,0,193.0,540.0,14.21,0.0,0.0,0,0,GK,Goalkeeper,1.3074945643425082,1.3106024050963831,0.31738547611197676,-1.1692573996876108,-1.1692708745420242,-0.3887432632188414,-0.3887145651254728
948251,25000.0,10.12667110305036,19,361,0,0.0,585.0,15.39,0.0,0.0,0,0,GK,Goalkeeper,-1.291264996437559,-1.159610347730445,-4.000584387578824,-1.1478053325844326,-1.1478950558954522,-0.3887432632188414,-0.3887145651254728
335247,100000.0,11.51293546492023,32,1024,0,192.0,3491.0,91.87,0.0,0.0,0,0,GK,Goalkeeper,1.1218688814296462,1.0900476950225593,0.2950125752638379,0.23752148967858377,0.23754783401116794,-0.3887432632188414,-0.3887145651254728
605528,100000.0,11.51293546492023,22,484,1,188.0,4500.0,118.42,0.0,0.0,0,0,GK,Goalkeeper,-0.7343879476989733,-0.742252973283055,0.20552097187128243,0.7185245053920675,0.7185037535590335,-0.3887432632188414,-0.3887145651254728
466788,50000.0,10.819798284210286,23,529,1,189.0,1840.0,48.42,0.0,0.0,0,1,GK,Goalkeeper,-0.5487622647861113,-0.5895612509242537,0.2278938727194213,-0.5495310167069083,-0.549553284796921,-0.3887432632188414,-0.3887145651254728
636686,200000.0,12.206077645517674,21,441,1,190.0,2610.0,68.68,0.0,0.0,0,0,GK,Goalkeeper,-0.9200136306118352,-0.8881583968703538,0.25026677356756016,-0.18246231294141532,-0.18254134769561184,-0.3887432632188414,-0.3887145651254728
550934,150000.0,11.918397239722838,26,676,1,190.0,4615.0,121.45,0.0,0.0,0,0,GK,Goalkeeper,0.008114783952474518,-0.09076829121883655,0.25026677356756016,0.7733464546557449,0.7733925082192984,-0.3887432632188414,-0.3887145651254728
469737,200000.0,12.206077645517674,26,676,1,192.0,4924.0,129.58,0.0,0.0,0,0,GK,Goalkeeper,0.008114783952474518,-0.09076829121883655,0.2950125752638379,0.920650648764235,0.9206682756740687,-0.3887432632188414,-0.3887145651254728
1052906,25000.0,10.12667110305036,18,324,0,191.0,90.0,2.37,67.0,0.0413,1,0,GK,Goalkeeper,-1.476890679350421,-1.285156875003237,0.27263967441569903,-1.3837780707193923,-1.3837536650296596,0.7566910226425001,0.7565272064401306
1053186,25000.0,10.12667110305036,21,441,1,0.0,630.0,16.58,0.0,0.0,0,0,GK,Goalkeeper,-0.9200136306118352,-0.8881583968703538,-4.000584387578824,-1.1263532654812545,-1.126338086243401,-0.3887432632188414,-0.3887145651254728
576566,300000.0,12.611541086966115,24,576,1,189.0,3054.0,80.37,0.0,0.0,0,0,GK,Goalkeeper,-0.3631365818732494,-0.4300832297939503,0.2278938727194213,0.02919808247660919,0.02922417770983254,-0.3887432632188414,-0.3887145651254728
870093,100000.0,11.51293546492023,22,484,1,183.0,4302.0,113.21,0.0,0.0,0,0,GK,Goalkeeper,-0.7343879476989733,-0.742252973283055,0.09365646763058813,0.6241354101380835,0.6241240797042544,-0.3887432632188414,-0.3887145651254728
157848,50000.0,10.819798284210286,32,1024,0,194.0,3270.0,86.05,0.0,0.0,0,0,GK,Goalkeeper,1.1218688814296462,1.0900476950225593,0.3397583769601156,0.13216800457186437,0.13211794882214414,-0.3887432632188414,-0.3887145651254728
741285,50000.0,10.819798284210286,19,361,0,188.0,1800.0,47.37,106.0,0.0654,1,0,GK,Goalkeeper,-1.291264996437559,-1.159610347730445,0.20552097187128243,-0.5685995207986222,-0.5685741403722604,1.4234363532185048,1.4248159883948772
741252,50000.0,10.819798284210286,19,361,0,185.0,1530.0,40.26,0.0,0.0,0,0,GK,Goalkeeper,-1.291264996437559,-1.159610347730445,0.13840226932686586,-0.6973119234176912,-0.6973725052681295,-0.3887432632188414,-0.3887145651254728
709336,100000.0,11.51293546492023,22,484,1,185.0,900.0,23.68,0.0,0.0,0,0,GK,Goalkeeper,-0.7343879476989733,-0.742252973283055,0.13840226932686586,-0.9976408628621855,-0.9977208723530113,-0.3887432632188414,-0.3887145651254728
709790,50000.0,10.819798284210286,22,484,1,190.0,2354.0,61.95,0.0,0.0,0,0,GK,Goalkeeper,-0.7343879476989733,-0.742252973283055,0.25026677356756016,-0.30450073912838443,-0.30445597438326294,-0.3887432632188414,-0.3887145651254728
118017,100000.0,11.51293546492023,34,1156,0,185.0,4910.0,129.21,0.0,0.0,0,0,GK,Goalkeeper,1.4931202472553702,1.5379434139417094,0.13840226932686586,0.9139766723321351,0.9139656884713301,-0.3887432632188414,-0.3887145651254728
709955,800000.0,13.592368256649284,20,400,0,190.0,3060.0,80.53,44.0,0.0271,1,0,GK,Goalkeeper,-1.1056393135246971,-1.0272775216861505,0.25026677356756016,0.03205835809036628,0.032122593797503235,0.3634822379438306,0.36276369176140005
71570,50000.0,10.819798284210286,36,1296,0,187.0,3270.0,86.05,0.0,0.0,0,0,GK,Goalkeeper,1.864371613081094,2.0129843279468687,0.18314807102314357,0.13216800457186437,0.13211794882214414,-0.3887432632188414,-0.3887145651254728
159079,125000.0,11.736077016252437,35,1225,0,187.0,3807.0,100.18,103.0,0.0635,1,0,GK,Goalkeeper,1.6787459301682321,1.7720707215585378,0.18314807102314357,0.38816267200312377,0.38808431956456774,1.3721482508665044,1.3721293209378642
464879,100000.0,11.51293546492023,26,676,1,0.0,2970.0,78.16,0.0,0.0,0,0,GK,Goalkeeper,0.008114783952474518,-0.09076829121883655,-4.000584387578824,-0.010845776115990044,-0.010810194501119882,-0.3887432632188414,-0.3887145651254728
780818,25000.0,10.12667110305036,19,361,0,188.0,810.0,21.32,0.0,0.0,0,0,GK,Goalkeeper,-1.291264996437559,-1.159610347730445,0.20552097187128243,-1.0405449970685419,-1.040472509646155,-0.3887432632188414,-0.3887145651254728
412042,150000.0,11.918397239722838,25,625,1,188.0,1260.0,33.16,0.0,0.0,0,0,GK,Goalkeeper,-0.17751089896038744,-0.26381890989214457,0.20552097187128243,-0.8260243260367601,-0.8259897191585193,-0.3887432632188414,-0.3887145651254728
698721,100000.0,11.51293546492023,26,676,1,185.0,1713.0,45.08,0.0,0.0,0,0,GK,Goalkeeper,0.008114783952474518,-0.09076829121883655,0.13840226932686586,-0.6100735171981,-0.6100577206270481,-0.3887432632188414,-0.3887145651254728
330824,650000.0,13.384729180332174,25,625,1,186.0,3465.0,91.18,0.0,0.0,0,0,GK,Goalkeeper,-0.17751089896038744,-0.26381890989214457,0.16077517017500473,0.22512696201896973,0.22504841463308786,-0.3887432632188414,-0.3887145651254728
258825,200000.0,12.206077645517674,29,841,0,177.0,6459.0,169.97,0.0,0.0,0,0,GK,Goalkeeper,0.5649918326910603,0.4691013574301011,-0.040580937458245044,1.6524044932837567,1.6523371868054542,-0.3887432632188414,-0.3887145651254728
521956,550000.0,13.217675375388819,23,529,1,194.0,5154.0,135.63,0.0,0.0,0,0,GK,Goalkeeper,-0.5487622647861113,-0.5895612509242537,0.3397583769601156,1.03029454729159,1.0302646339891188,-0.3887432632188414,-0.3887145651254728
197578,50000.0,10.819798284210286,33,1089,0,186.0,1971.0,51.87,0.0,0.0,0,0,GK,Goalkeeper,1.3074945643425082,1.3106024050963831,0.16077517017500473,-0.4870816658065452,-0.4870561879065205,-0.3887432632188414,-0.3887145651254728
77038,25000.0,10.12667110305036,35,1225,0,186.0,2314.0,60.89,0.0,0.0,0,0,GK,Goalkeeper,1.6787459301682321,1.7720707215585378,0.16077517017500473,-0.32356924322009833,-0.3236579809640817,-0.3887432632188414,-0.3887145651254728
766555,25000.0,10.12667110305036,21,441,1,0.0,90.0,2.37,0.0,0.0,0,0,GK,Goalkeeper,-0.9200136306118352,-0.8881583968703538,-4.000584387578824,-1.3837780707193923,-1.3837536650296596,-0.3887432632188414,-0.3887145651254728
766552,300000.0,12.611541086966115,21,441,1,187.0,5220.0,137.37,0.0,0.0,0,1,GK,Goalkeeper,-0.9200136306118352,-0.8881583968703538,0.18314807102314357,1.061757579042918,1.0617849089425384,-0.3887432632188414,-0.3887145651254728
891312,200000.0,12.206077645517674,18,324,0,185.0,2453.0,64.55,0.0,0.0,0,1,GK,Goalkeeper,-1.476890679350421,-1.285156875003237,0.13840226932686586,-0.25730619150139244,-0.25735671295861334,-0.3887432632188414,-0.3887145651254728
649996,75000.0,11.225256725762893,21,441,1,193.0,207.0,5.45,0.0,0.0,0,0,GK,Goalkeeper,-0.9200136306118352,-0.8881583968703538,0.31738547611197676,-1.328002696251129,-1.3279591553419976,-0.3887432632188414,-0.3887145651254728
223718,150000.0,11.918397239722838,29,841,0,180.0,4175.0,109.87,0.0,0.0,0,0,GK,Goalkeeper,0.5649918326910603,0.4691013574301011,0.02653776508617154,0.5635929096468918,0.5636196438741277,-0.3887432632188414,-0.3887145651254728
238032,200000.0,12.206077645517674,31,961,0,194.0,7403.0,194.82,0.0,0.0,0,0,GK,Goalkeeper,0.9362431985167843,0.8762792837202377,0.3397583769601156,2.1024211898482053,2.102497435421818,-0.3887432632188414,-0.3887145651254728
464378,300000.0,12.611541086966115,27,729,1,188.0,3019.0,79.45,0.0,0.0,0,0,GK,Goalkeeper,0.19374046686533647,0.08906862622597374,0.20552097187128243,0.01251314139635951,0.012558285205725678,-0.3887432632188414,-0.3887145651254728
705697,100000.0,11.51293546492023,23,529,1,184.0,2742.0,72.16,0.0,0.0,0,0,GK,Goalkeeper,-0.5487622647861113,-0.5895612509242537,0.116029368478727,-0.11953624943875939,-0.11950079778877314,-0.3887432632188414,-0.3887145651254728
279338,200000.0,12.206077645517674,29,841,0,198.0,1170.0,30.79,0.0,0.0,0,0,GK,Goalkeeper,0.5649918326910603,0.4691013574301011,0.4292499803526711,-0.8689284602431165,-0.8689225074571422,-0.3887432632188414,-0.3887145651254728
929864,25000.0,10.12667110305036,20,400,0,187.0,1620.0,42.63,0.0,0.0,0,1,GK,Goalkeeper,-1.1056393135246971,-1.0272775216861505,0.18314807102314357,-0.6544077892113349,-0.6544397169695064,-0.3887432632188414,-0.3887145651254728
890817,200000.0,12.206077645517674,21,441,1,191.0,3600.0,94.74,0.0,0.0,0,0,GK,Goalkeeper,-0.9200136306118352,-0.8881583968703538,0.27263967441569903,0.2894831633285042,0.2895381725837619,-0.3887432632188414,-0.3887145651254728
513972,150000.0,11.918397239722838,26,676,1,183.0,3534.0,93.0,0.0,0.0,0,0,GK,Goalkeeper,0.008114783952474518,-0.09076829121883655,0.09365646763058813,0.25802013157717624,0.25801789763034255,-0.3887432632188414,-0.3887145651254728
603691,150000.0,11.918397239722838,25,625,1,0.0,3330.0,87.63,0.0,0.0,0,0,GK,Goalkeeper,-0.17751089896038744,-0.26381890989214457,-4.000584387578824,0.16077076070943525,0.1607398076878928,-0.3887432632188414,-0.3887145651254728
296704,150000.0,11.918397239722838,28,784,0,187.0,4644.0,122.21,0.0,0.0,0,0,GK,Goalkeeper,0.37936614977819844,0.2756918424422863,0.18314807102314357,0.7871711201222376,0.7871599846357343,-0.3887432632188414,-0.3887145651254728
233072,100000.0,11.51293546492023,30,900,0,191.0,5580.0,146.84,0.0,0.0,0,0,GK,Goalkeeper,0.7506175156039223,0.6692971711894182,0.27263967441569903,1.2333741158683433,1.233334911131551,-0.3887432632188414,-0.3887145651254728
72933,25000.0,10.12667110305036,40,1600,0,178.0,6120.0,161.05,0.0,0.0,0,0,GK,Goalkeeper,2.606874344732542,3.0445017412152144,-0.018208036610106185,1.4907989211064812,1.49075048991781,-0.3887432632188414,-0.3887145651254728
271092,50000.0,10.819798284210286,35,1225,0,190.0,6210.0,163.42,0.0,0.0,0,0,GK,Goalkeeper,1.6787459301682321,1.7720707215585378,0.25026677356756016,1.5337030553128375,1.5336832782164327,-0.3887432632188414,-0.3887145651254728
282460,50000.0,10.819798284210286,29,841,0,197.0,900.0,23.68,0.0,0.0,0,0,GK,Goalkeeper,0.5649918326910603,0.4691013574301011,0.4068770795045322,-0.9976408628621855,-0.9977208723530113,-0.3887432632188414,-0.3887145651254728
1054924,25000.0,10.12667110305036,19,361,0,0.0,731.0,19.24,0.0,0.0,0,0,GK,Goalkeeper,-1.291264996437559,-1.159610347730445,-4.000584387578824,-1.0782052926496768,-1.0781519187858748,-0.3887432632188414,-0.3887145651254728
930415,150000.0,11.918397239722838,21,441,1,191.0,810.0,21.32,0.0,0.0,0,1,GK,Goalkeeper,-0.9200136306118352,-0.8881583968703538,0.27263967441569903,-1.0405449970685419,-1.040472509646155,-0.3887432632188414,-0.3887145651254728
103444,50000.0,10.819798284210286,35,1225,0,193.0,720.0,18.95,11.0,0.0068,0,0,GK,Goalkeeper,1.6787459301682321,1.7720707215585378,0.31738547611197676,-1.0834491312748982,-1.083405297944778,-0.20068688792817338,-0.20015175527932022
249210,150000.0,11.918397239722838,31,961,0,182.0,6694.0,176.16,0.0,0.0,0,0,GK,Goalkeeper,0.9362431985167843,0.8762792837202377,0.07128356678244926,1.764431954822576,1.7644696591972164,-0.3887432632188414,-0.3887145651254728
193073,250000.0,12.429220196836383,31,961,0,188.0,6420.0,168.95,0.0,0.0,0,0,GK,Goalkeeper,0.9362431985167843,0.8762792837202377,0.20552097187128243,1.6338127017943356,1.633859784246553,-0.3887432632188414,-0.3887145651254728
8176,100000.0,11.51293546492023,35,1225,0,189.0,1170.0,30.79,0.0,0.0,0,1,GK,Goalkeeper,1.6787459301682321,1.7720707215585378,0.2278938727194213,-0.8689284602431165,-0.8689225074571422,-0.3887432632188414,-0.3887145651254728
422459,200000.0,12.206077645517674,26,676,1,185.0,4140.0,108.95,0.0,0.0,0,0,GK,Goalkeeper,0.008114783952474518,-0.09076829121883655,0.13840226932686586,0.5469079685666421,0.5469537513700208,-0.3887432632188414,-0.3887145651254728
195062,25000.0,10.12667110305036,31,961,0,186.0,360.0,9.47,0.0,0.0,0,0,GK,Goalkeeper,0.9362431985167843,0.8762792837202377,0.16077517017500473,-1.2550656681003234,-1.2551364511392702,-0.3887432632188414,-0.3887145651254728
424371,150000.0,11.918397239722838,28,784,0,186.0,6570.0,172.89,0.0,0.0,0,0,GK,Goalkeeper,0.37936614977819844,0.2756918424422863,0.16077517017500473,1.705319592138263,1.7052332804054453,-0.3887432632188414,-0.3887145651254728
747197,100000.0,11.51293546492023,20,400,0,191.0,2160.0,56.84,0.0,0.0,0,0,GK,Goalkeeper,-1.1056393135246971,-1.0272775216861505,0.27263967441569903,-0.3969829839731969,-0.3970241381832476,-0.3887432632188414,-0.3887145651254728
50483,25000.0,10.12667110305036,37,1369,0,194.0,2758.0,72.58,0.0,0.0,0,0,GK,Goalkeeper,2.049997295993956,2.260684233106702,0.3397583769601156,-0.11190884780207383,-0.11189245555863737,-0.3887432632188414,-0.3887145651254728
398132,50000.0,10.819798284210286,26,676,1,181.0,1530.0,40.26,0.0,0.0,0,0,GK,Goalkeeper,0.008114783952474518,-0.09076829121883655,0.048910665934310406,-0.6973119234176912,-0.6973725052681295,-0.3887432632188414,-0.3887145651254728
635318,250000.0,12.429220196836383,24,576,1,187.0,6150.0,161.84,63.0,0.0388,1,0,GK,Goalkeeper,-0.3631365818732494,-0.4300832297939503,0.18314807102314357,1.5051002991752667,1.5050614193506842,0.6883068861731663,0.6872026439966921
531274,250000.0,12.429220196836383,27,729,1,188.0,6390.0,168.16,0.0,0.0,0,0,GK,Goalkeeper,0.19374046686533647,0.08906862622597374,0.20552097187128243,1.6195113237255503,1.6195488548136787,-0.3887432632188414,-0.3887145651254728
646741,200000.0,12.206077645517674,20,400,0,181.0,810.0,21.32,0.0,0.0,0,0,GK,Goalkeeper,-1.1056393135246971,-1.0272775216861505,0.048910665934310406,-1.0405449970685419,-1.040472509646155,-0.3887432632188414,-0.3887145651254728
262703,200000.0,12.206077645517674,31,961,0,179.0,5220.0,137.37,0.0,0.0,0,0,GK,Goalkeeper,0.9362431985167843,0.8762792837202377,0.0041648642380326785,1.061757579042918,1.0617849089425384,-0.3887432632188414,-0.3887145651254728
634426,50000.0,10.819798284210286,22,484,1,187.0,1328.0,34.95,0.0,0.0,0,0,GK,Goalkeeper,-0.7343879476989733,-0.742252973283055,0.18314807102314357,-0.7936078690808465,-0.7935636891777026,-0.3887432632188414,-0.3887145651254728
926850,100000.0,11.51293546492023,20,400,0,185.0,720.0,18.95,0.0,0.0,0,0,GK,Goalkeeper,-1.1056393135246971,-1.0272775216861505,0.13840226932686586,-1.0834491312748982,-1.083405297944778,-0.3887432632188414,-0.3887145651254728
350419,50000.0,10.819798284210286,28,784,0,186.0,5310.0,139.74,0.0,0.0,0,0,GK,Goalkeeper,0.37936614977819844,0.2756918424422863,0.16077517017500473,1.1046617132492744,1.1047176972411614,-0.3887432632188414,-0.3887145651254728
634117,200000.0,12.206077645517674,23,529,1,188.0,2993.0,78.76,0.0,0.0,0,0,GK,Goalkeeper,-0.5487622647861113,-0.5895612509242537,0.20552097187128243,0.00011861373674546135,5.8865827645596486e-05,-0.3887432632188414,-0.3887145651254728
288559,200000.0,12.206077645517674,31,961,0,192.0,900.0,23.68,0.0,0.0,0,0,GK,Goalkeeper,0.9362431985167843,0.8762792837202377,0.2950125752638379,-0.9976408628621855,-0.9977208723530113,-0.3887432632188414,-0.3887145651254728
388644,125000.0,11.736077016252437,27,729,1,190.0,90.0,2.37,0.0,0.0,0,1,GK,Goalkeeper,0.19374046686533647,0.08906862622597374,0.25026677356756016,-1.3837780707193923,-1.3837536650296596,-0.3887432632188414,-0.3887145651254728
131904,50000.0,10.819798284210286,37,1369,0,184.0,270.0,7.11,158.0,0.0974,1,0,GK,Goalkeeper,2.049997295993956,2.260684233106702,0.116029368478727,-1.2979698023066797,-1.2978880884324138,2.3124301273198444,2.3121703876708897
349422,250000.0,12.429220196836383,27,729,1,192.0,1980.0,52.11,31.0,0.0191,0,0,GK,Goalkeeper,0.19374046686533647,0.08906862622597374,0.2950125752638379,-0.4827912523859096,-0.48270856377501437,0.1412337944184957,0.14092509194239697
158104,175000.0,12.07254696717504,34,1156,0,188.0,2683.0,70.61,0.0,0.0,0,0,GK,Goalkeeper,1.4931202472553702,1.5379434139417094,0.20552097187128243,-0.14766229297403743,-0.1475792036380835,-0.3887432632188414,-0.3887145651254728
103555,200000.0,12.206077645517674,35,1225,0,194.0,390.0,10.26,186.0,0.1147,1,0,GK,Goalkeeper,1.6787459301682321,1.7720707215585378,0.3397583769601156,-1.2407642900315379,-1.2408255217063957,2.791119082605181,2.7918963597794835
927248,75000.0,11.225256725762893,18,324,0,188.0,2745.0,72.24,0.0,0.0,0,0,GK,Goalkeeper,-1.476890679350421,-1.285156875003237,0.20552097187128243,-0.11810611163188085,-0.11805158974493779,-0.3887432632188414,-0.3887145651254728
815219,400000.0,12.899222326086994,21,441,1,196.0,4500.0,118.42,0.0,0.0,0,1,GK,Goalkeeper,-0.9200136306118352,-0.8881583968703538,0.38450417865639336,0.7185245053920675,0.7185037535590335,-0.3887432632188414,-0.3887145651254728
927933,200000.0,12.206077645517674,19,361,0,194.0,4860.0,127.89,0.0,0.0,0,0,GK,Goalkeeper,-1.291264996437559,-1.159610347730445,0.3397583769601156,0.8901410422174927,0.8900537557480462,-0.3887432632188414,-0.3887145651254728
746711,350000.0,12.765691290604371,19,361,0,0.0,4977.0,130.97,0.0,0.0,0,0,GK,Goalkeeper,-1.291264996437559,-1.159610347730445,-4.000584387578824,0.945916416685756,0.9458482654357081,-0.3887432632188414,-0.3887145651254728
554574,25000.0,10.12667110305036,24,576,1,0.0,495.0,13.03,0.0,0.0,0,0,GK,Goalkeeper,-0.3631365818732494,-0.4300832297939503,-4.000584387578824,-1.190709466790789,-1.1906466931885957,-0.3887432632188414,-0.3887145651254728
930779,125000.0,11.736077016252437,18,324,0,184.0,2790.0,73.42,0.0,0.0,0,0,GK,Goalkeeper,-1.476890679350421,-1.285156875003237,0.116029368478727,-0.09665404452870269,-0.09667577109836585,-0.3887432632188414,-0.3887145651254728
932752,10000.0,9.210440366976517,19,361,0,194.0,1470.0,38.68,0.0,0.0,0,0,GK,Goalkeeper,-1.291264996437559,-1.159610347730445,0.3397583769601156,-0.7259146795552621,-0.7259943641338782,-0.3887432632188414,-0.3887145651254728
999404,75000.0,11.225256725762893,18,324,0,0.0,3000.0,78.95,0.0,0.0,0,0,GK,Goalkeeper,-1.476890679350421,-1.285156875003237,-4.000584387578824,0.0034556019527953977,0.0035007349317545747,-0.3887432632188414,-0.3887145651254728
1186932,100000.0,11.51293546492023,18,324,0,0.0,2820.0,74.21,0.0,0.0,0,0,GK,Goalkeeper,-1.476890679350421,-1.285156875003237,-4.000584387578824,-0.08235266645991725,-0.08236484166549166,-0.3887432632188414,-0.3887145651254728
892482,150000.0,11.918397239722838,19,361,0,0.0,4125.0,108.55,0.0,0.0,0,0,GK,Goalkeeper,-1.291264996437559,-1.159610347730445,-4.000584387578824,0.5397572795322494,0.5397077111508438,-0.3887432632188414,-0.3887145651254728
825481,25000.0,10.12667110305036,19,361,0,185.0,540.0,14.21,0.0,0.0,0,1,GK,Goalkeeper,-1.291264996437559,-1.159610347730445,0.13840226932686586,-1.1692573996876108,-1.1692708745420242,-0.3887432632188414,-0.3887145651254728
964243,25000.0,10.12667110305036,18,324,0,0.0,3051.0,80.29,0.0,0.0,0,0,GK,Goalkeeper,-1.476890679350421,-1.285156875003237,-4.000584387578824,0.027767944669730645,0.027774969665997195,-0.3887432632188414,-0.3887145651254728
902989,150000.0,11.918397239722838,20,400,0,0.0,2745.0,72.24,0.0,0.0,0,0,GK,Goalkeeper,-1.1056393135246971,-1.0272775216861505,-4.000584387578824,-0.11810611163188085,-0.11805158974493779,-0.3887432632188414,-0.3887145651254728
936502,100000.0,11.51293546492023,18,324,0,0.0,2820.0,74.21,0.0,0.0,0,0,GK,Goalkeeper,-1.476890679350421,-1.285156875003237,-4.000584387578824,-0.08235266645991725,-0.08236484166549166,-0.3887432632188414,-0.3887145651254728
1003925,75000.0,11.225256725762893,18,324,0,196.0,1170.0,30.79,0.0,0.0,0,0,GK,Goalkeeper,-1.476890679350421,-1.285156875003237,0.38450417865639336,-0.8689284602431165,-0.8689225074571422,-0.3887432632188414,-0.3887145651254728
577416,10000.0,9.210440366976517,37,1369,0,0.0,720.0,18.95,0.0,0.0,0,0,GK,Goalkeeper,2.049997295993956,2.260684233106702,-4.000584387578824,-1.0834491312748982,-1.083405297944778,-0.3887432632188414,-0.3887145651254728
937631,125000.0,11.736077016252437,18,324,0,0.0,3690.0,97.11,0.0,0.0,0,0,GK,Goalkeeper,-1.476890679350421,-1.285156875003237,-4.000584387578824,0.3323872975348605,0.332470960882385,-0.3887432632188414,-0.3887145651254728
1057842,25000.0,10.12667110305036,17,289,0,0.0,4935.0,129.87,0.0,0.0,0,0,GK,Goalkeeper,-1.662516362263283,-1.4039171035045268,-4.000584387578824,0.9258944873894563,0.9259216548329718,-0.3887432632188414,-0.3887145651254728
1057587,50000.0,10.819798284210286,18,324,0,188.0,3465.0,91.18,0.0,0.0,0,0,GK,Goalkeeper,-1.476890679350421,-1.285156875003237,0.20552097187128243,0.22512696201896973,0.22504841463308786,-0.3887432632188414,-0.3887145651254728
964471,50000.0,10.819798284210286,18,324,0,188.0,1952.0,51.37,294.0,0.1813,1,0,GK,Goalkeeper,-1.476890679350421,-1.285156875003237,0.20552097187128243,-0.49613920525010935,-0.4961137381804916,4.637490767277194,4.638702703272683
1221690,10000.0,9.210440366976517,18,324,0,0.0,13.0,0.34,0.0,0.0,0,0,GK,Goalkeeper,-1.476890679350421,-1.285156875003237,-4.000584387578824,-1.4204849410959417,-1.4205273191419823,-0.3887432632188414,-0.3887145651254728
1048004,10000.0,9.210440366976517,18,324,0,191.0,1350.0,35.53,0.0,0.0,0,0,GK,Goalkeeper,-1.476890679350421,-1.285156875003237,0.27263967441569903,-0.7831201918304038,-0.7830569308598961,-0.3887432632188414,-0.3887145651254728
987321,50000.0,10.819798284210286,18,324,0,189.0,3780.0,99.47,0.0,0.0,0,0,GK,Goalkeeper,-1.476890679350421,-1.285156875003237,0.2278938727194213,0.3752914317412169,0.3752225981755286,-0.3887432632188414,-0.3887145651254728
1059771,50000.0,10.819798284210286,18,324,0,0.0,2430.0,63.95,0.0,0.0,0,0,GK,Goalkeeper,-1.476890679350421,-1.285156875003237,-4.000584387578824,-0.26827058135412796,-0.26822577328737857,-0.3887432632188414,-0.3887145651254728
358195,250000.0,12.429220196836383,28,784,0,186.0,2430.0,63.95,0.0,0.0,0,0,GK,Goalkeeper,0.37936614977819844,0.2756918424422863,0.16077517017500473,-0.26827058135412796,-0.26822577328737857,-0.3887432632188414,-0.3887145651254728
837919,175000.0,12.07254696717504,23,529,1,190.0,3515.0,92.5,0.0,0.0,0,0,GK,Goalkeeper,-0.5487622647861113,-0.5895612509242537,0.25026677356756016,0.24896259213361213,0.24896034735637143,-0.3887432632188414,-0.3887145651254728
425778,75000.0,11.225256725762893,24,576,1,187.0,2065.0,54.34,0.0,0.0,0,0,GK,Goalkeeper,-0.3631365818732494,-0.4300832297939503,0.18314807102314357,-0.4422706811910175,-0.44231188955310313,-0.3887432632188414,-0.3887145651254728
1073023,175000.0,12.07254696717504,18,324,0,193.0,2624.0,69.05,0.0,0.0,0,1,GK,Goalkeeper,-1.476890679350421,-1.285156875003237,0.31738547611197676,-0.17578833650931547,-0.1758387604928734,-0.3887432632188414,-0.3887145651254728
1124243,50000.0,10.819798284210286,18,324,0,190.0,1620.0,42.63,0.0,0.0,0,0,GK,Goalkeeper,-1.476890679350421,-1.285156875003237,0.25026677356756016,-0.6544077892113349,-0.6544397169695064,-0.3887432632188414,-0.3887145651254728
948047,200000.0,12.206077645517674,18,324,0,193.0,3365.0,88.55,0.0,0.0,0,0,GK,Goalkeeper,-1.476890679350421,-1.285156875003237,0.31738547611197676,0.17745570178968492,0.17740570019199967,-0.3887432632188414,-0.3887145651254728
942103,25000.0,10.12667110305036,18,324,0,195.0,2979.0,78.39,0.0,0.0,0,0,GK,Goalkeeper,-1.476890679350421,-1.285156875003237,0.3621312778082545,-0.006555362695354411,-0.006643721375093102,-0.3887432632188414,-0.3887145651254728
556864,50000.0,10.819798284210286,25,625,1,188.0,6330.0,166.58,0.0,0.0,0,0,GK,Goalkeeper,-0.17751089896038744,-0.26381890989214457,0.20552097187128243,1.5909085675879793,1.5909269959479304,-0.3887432632188414,-0.3887145651254728
258910,75000.0,11.225256725762893,27,729,1,194.0,1008.0,26.53,0.0,0.0,0,0,GK,Goalkeeper,0.19374046686533647,0.08906862622597374,0.3397583769601156,-0.9461559018145579,-0.946092835791376,-0.3887432632188414,-0.3887145651254728
965728,100000.0,11.51293546492023,20,400,0,190.0,1845.0,48.55,17.0,0.0105,0,0,GK,Goalkeeper,-1.1056393135246971,-1.0272775216861505,0.25026677356756016,-0.547147453695444,-0.5471983217256886,-0.09811068322417266,-0.09755140286303127
166239,175000.0,12.07254696717504,32,1024,0,188.0,3956.0,104.11,0.0,0.0,0,0,GK,Goalkeeper,1.1218688814296462,1.0900476950225593,0.20552097187128243,0.4591928497447581,0.45927666471798045,-0.3887432632188414,-0.3887145651254728
315984,100000.0,11.51293546492023,28,784,0,196.0,3150.0,82.89,0.0,0.0,0,0,GK,Goalkeeper,0.37936614977819844,0.2756918424422863,0.38450417865639336,0.0749624922967226,0.07487423109064684,-0.3887432632188414,-0.3887145651254728
784206,25000.0,10.12667110305036,26,676,1,195.0,180.0,4.74,0.0,0.0,0,0,GK,Goalkeeper,0.008114783952474518,-0.09076829121883655,0.3621312778082545,-1.340873936513036,-1.3408208767310368,-0.3887432632188414,-0.3887145651254728
128273,125000.0,11.736077016252437,31,961,0,188.0,7059.0,185.76,0.0,0.0,0,0,GK,Goalkeeper,0.9362431985167843,0.8762792837202377,0.20552097187128243,1.9384320546594656,1.9383746244574616,-0.3887432632188414,-0.3887145651254728
570417,100000.0,11.51293546492023,22,484,1,0.0,90.0,2.37,0.0,0.0,0,0,GK,Goalkeeper,-0.7343879476989733,-0.742252973283055,-4.000584387578824,-1.3837780707193923,-1.3837536650296596,-0.3887432632188414,-0.3887145651254728
252617,125000.0,11.736077016252437,31,961,0,188.0,4140.0,108.95,0.0,0.0,0,0,GK,Goalkeeper,0.9362431985167843,0.8762792837202377,0.20552097187128243,0.5469079685666421,0.5469537513700208,-0.3887432632188414,-0.3887145651254728
372525,75000.0,11.225256725762893,29,841,0,188.0,1890.0,49.74,0.0,0.0,0,1,GK,Goalkeeper,0.5649918326910603,0.4691013574301011,0.20552097187128243,-0.5256953865922659,-0.5256413520736374,-0.3887432632188414,-0.3887145651254728
720695,450000.0,13.017005083966255,20,400,0,190.0,6525.0,171.71,0.0,0.0,0,0,GK,Goalkeeper,-1.1056393135246971,-1.0272775216861505,0.25026677356756016,1.6838675250350847,1.683857461758874,-0.3887432632188414,-0.3887145651254728
382550,150000.0,11.918397239722838,25,625,1,195.0,450.0,11.84,0.0,0.0,0,0,GK,Goalkeeper,-0.17751089896038744,-0.26381890989214457,0.3621312778082545,-1.212161533893967,-1.212203662840647,-0.3887432632188414,-0.3887145651254728
696749,50000.0,10.819798284210286,23,529,1,185.0,1734.0,45.63,91.0,0.0561,1,0,GK,Goalkeeper,-0.5487622647861113,-0.5895612509242537,0.13840226932686586,-0.6000625525499502,-0.6000944153256798,1.1669958414585029,1.166928616105286
536794,125000.0,11.736077016252437,24,576,1,185.0,4170.0,109.74,0.0,0.0,0,0,GK,Goalkeeper,-0.3631365818732494,-0.4300832297939503,0.13840226932686586,0.5612093466354275,0.561264680802895,-0.3887432632188414,-0.3887145651254728
256221,175000.0,12.07254696717504,30,900,0,181.0,8730.0,229.74,0.0,0.0,0,0,GK,Goalkeeper,0.7506175156039223,0.6692971711894182,0.048910665934310406,2.7350188130908144,2.73507674655596,-0.3887432632188414,-0.3887145651254728
425895,175000.0,12.07254696717504,25,625,1,190.0,3690.0,97.11,0.0,0.0,0,0,GK,Goalkeeper,-0.17751089896038744,-0.26381890989214457,0.25026677356756016,0.3323872975348605,0.332470960882385,-0.3887432632188414,-0.3887145651254728
334687,300000.0,12.611541086966115,26,676,1,191.0,8110.0,213.42,0.0,0.0,0,0,GK,Goalkeeper,0.008114783952474518,-0.09076829121883655,0.27263967441569903,2.439456999669249,2.4394383056135434,-0.3887432632188414,-0.3887145651254728
457128,125000.0,11.736077016252437,25,625,1,194.0,4995.0,131.45,0.0,0.0,0,0,GK,Goalkeeper,-0.17751089896038744,-0.26381890989214457,0.3397583769601156,0.9544972435270273,0.9545435136987203,-0.3887432632188414,-0.3887145651254728
506230,125000.0,11.736077016252437,23,529,1,184.0,5187.0,136.5,0.0,0.0,0,0,GK,Goalkeeper,-0.5487622647861113,-0.5895612509242537,0.116029368478727,1.046026063167254,1.0460247714658286,-0.3887432632188414,-0.3887145651254728
73472,75000.0,11.225256725762893,34,1156,0,193.0,2835.0,74.61,0.0,0.0,0,0,GK,Goalkeeper,1.4931202472553702,1.5379434139417094,0.31738547611197676,-0.07520197742552452,-0.07511880144631466,-0.3887432632188414,-0.3887145651254728
874949,50000.0,10.819798284210286,23,529,1,197.0,1440.0,37.89,0.0,0.0,0,0,GK,Goalkeeper,-0.5487622647861113,-0.5895612509242537,0.4068770795045322,-0.7402160576240475,-0.7403052935667526,-0.3887432632188414,-0.3887145651254728
220491,225000.0,12.323860125621126,30,900,0,201.0,4620.0,121.58,0.0,0.0,0,0,GK,Goalkeeper,0.7506175156039223,0.6692971711894182,0.49636868289708763,0.7757300176672092,0.7757474712905308,-0.3887432632188414,-0.3887145651254728
660768,275000.0,12.524530013005734,20,400,0,188.0,3870.0,101.84,0.0,0.0,0,0,GK,Goalkeeper,-1.1056393135246971,-1.0272775216861505,0.20552097187128243,0.4181955659475732,0.41815538647415174,-0.3887432632188414,-0.3887145651254728
163531,150000.0,11.918397239722838,31,961,0,191.0,8400.0,221.05,0.0,0.0,0,0,GK,Goalkeeper,0.9362431985167843,0.8762792837202377,0.27263967441569903,2.577703654334175,2.577656522794342,-0.3887432632188414,-0.3887145651254728
97930,50000.0,10.819798284210286,35,1225,0,196.0,7152.0,188.21,0.0,0.0,0,0,GK,Goalkeeper,1.6787459301682321,1.7720707215585378,0.38450417865639336,1.9827663266727005,1.9827566207999203,-0.3887432632188414,-0.3887145651254728
814848,600000.0,13.304686600863562,21,441,1,193.0,8460.0,222.63,13.0,0.008,0,1,GK,Goalkeeper,-0.9200136306118352,-0.8881583968703538,0.31738547611197676,2.6063064104717455,2.6062783816600907,-0.16649481969350646,-0.16687596530646973
183301,200000.0,12.206077645517674,29,841,0,193.0,8418.0,221.53,0.0,0.0,0,0,GK,Goalkeeper,0.5649918326910603,0.4691013574301011,0.31738547611197676,2.586284481175446,2.586351771057355,-0.3887432632188414,-0.3887145651254728
359256,150000.0,11.918397239722838,30,900,0,188.0,5432.0,142.95,0.0,0.0,0,0,GK,Goalkeeper,0.7506175156039223,0.6692971711894182,0.20552097187128243,1.1628206507290018,1.1628671700000557,-0.3887432632188414,-0.3887145651254728
57057,50000.0,10.819798284210286,35,1225,0,191.0,2340.0,61.58,0.0,0.0,0,0,GK,Goalkeeper,1.6787459301682321,1.7720707215585378,0.27263967441569903,-0.3111747155604843,-0.31115856158600164,-0.3887432632188414,-0.3887145651254728
495441,50000.0,10.819798284210286,25,625,1,190.0,931.0,24.5,0.0,0.0,0,0,GK,Goalkeeper,-0.17751089896038744,-0.26381890989214457,0.25026677356756016,-0.9828627721911072,-0.9828664899036987,-0.3887432632188414,-0.3887145651254728
732743,75000.0,11.225256725762893,22,484,1,0.0,2700.0,71.05,0.0,0.0,0,0,GK,Goalkeeper,-0.7343879476989733,-0.742252973283055,-4.000584387578824,-0.13955817873505902,-0.13960855939698896,-0.3887432632188414,-0.3887145651254728
645636,75000.0,11.225256725762893,24,576,1,185.0,1198.0,31.53,0.0,0.0,0,0,GK,Goalkeeper,-0.3631365818732494,-0.4300832297939503,0.13840226932686586,-0.8555805073789168,-0.855517333051665,-0.3887432632188414,-0.3887145651254728
48261,25000.0,10.12667110305036,41,1681,0,183.0,4617.0,121.5,0.0,0.0,0,0,GK,Goalkeeper,2.7925000276454037,3.3193468414610567,0.09365646763058813,0.7742998798603307,0.7742982632466955,-0.3887432632188414,-0.3887145651254728
610863,800000.0,13.592368256649284,21,441,1,195.0,5580.0,146.84,0.0,0.0,0,0,GK,Goalkeeper,-0.9200136306118352,-0.8881583968703538,0.3621312778082545,1.2333741158683433,1.233334911131551,-0.3887432632188414,-0.3887145651254728
3655,25000.0,10.12667110305036,43,1849,0,188.0,1030.0,27.11,0.0,0.0,0,0,GK,Goalkeeper,3.1637513934711277,3.889395938267248,0.20552097187128243,-0.9356682245641152,-0.9355860774735696,-0.3887432632188414,-0.3887145651254728
185869,100000.0,11.51293546492023,31,961,0,185.0,8238.0,216.79,0.0,0.0,0,1,GK,Goalkeeper,0.9362431985167843,0.8762792837202377,0.13840226932686586,2.500476212762733,2.5004861944601084,-0.3887432632188414,-0.3887145651254728
183166,75000.0,11.225256725762893,30,900,0,193.0,1677.0,44.13,0.0,0.0,0,0,GK,Goalkeeper,0.7506175156039223,0.6692971711894182,0.31738547611197676,-0.6272351708806425,-0.6272670661475931,-0.3887432632188414,-0.3887145651254728
526873,75000.0,11.225256725762893,28,784,0,193.0,2608.0,68.63,0.0,0.0,0,0,GK,Goalkeeper,0.37936614977819844,0.2756918424422863,0.31738547611197676,-0.18341573814600104,-0.18344710272300915,-0.3887432632188414,-0.3887145651254728
129558,75000.0,11.225256725762893,33,1089,0,196.0,6750.0,177.63,0.0,0.0,0,0,GK,Goalkeeper,1.3074945643425082,1.3106024050963831,0.38450417865639336,1.7911278605509755,1.7910988570026916,-0.3887432632188414,-0.3887145651254728
107534,75000.0,11.225256725762893,34,1156,0,191.0,7961.0,209.5,0.0,0.0,0,0,GK,Goalkeeper,1.4931202472553702,1.5379434139417094,0.27263967441569903,2.3684268219276143,2.3684271114656097,-0.3887432632188414,-0.3887145651254728
285583,100000.0,11.51293546492023,28,784,0,193.0,3418.0,89.95,0.0,0.0,0,0,GK,Goalkeeper,0.37936614977819844,0.2756918424422863,0.31738547611197676,0.20272146971120586,0.20276684095911887,-0.3887432632188414,-0.3887145651254728
552984,50000.0,10.819798284210286,23,529,1,188.0,542.0,14.26,0.0,0.0,0,0,GK,Goalkeeper,-0.5487622647861113,-0.5895612509242537,0.20552097187128243,-1.168303974483025,-1.1683651195146267,-0.3887432632188414,-0.3887145651254728
344586,125000.0,11.736077016252437,28,784,0,186.0,1710.0,45.0,0.0,0.0,0,0,GK,Goalkeeper,0.37936614977819844,0.2756918424422863,0.16077517017500473,-0.6115036550049786,-0.6115069286708834,-0.3887432632188414,-0.3887145651254728
874436,50000.0,10.819798284210286,19,361,0,183.0,270.0,7.11,0.0,0.0,0,1,GK,Goalkeeper,-1.291264996437559,-1.159610347730445,0.09365646763058813,-1.2979698023066797,-1.2978880884324138,-0.3887432632188414,-0.3887145651254728
243623,75000.0,11.225256725762893,30,900,0,187.0,2641.0,69.5,0.0,0.0,0,0,GK,Goalkeeper,0.7506175156039223,0.6692971711894182,0.18314807102314357,-0.16768422227033705,-0.16768696524629934,-0.3887432632188414,-0.3887145651254728
104564,75000.0,11.225256725762893,34,1156,0,186.0,7920.0,208.42,0.0,0.0,0,0,GK,Goalkeeper,1.4931202472553702,1.5379434139417094,0.16077517017500473,2.3488816052336077,2.3488628028738323,-0.3887432632188414,-0.3887145651254728
300908,100000.0,11.51293546492023,28,784,0,184.0,4889.0,128.66,0.0,0.0,0,0,GK,Goalkeeper,0.37936614977819844,0.2756918424422863,0.116029368478727,0.9039657076839853,0.9040023831699616,-0.3887432632188414,-0.3887145651254728
1018834,275000.0,12.524530013005734,18,324,0,191.0,4860.0,127.89,0.0,0.0,0,0,GK,Goalkeeper,-1.476890679350421,-1.285156875003237,0.27263967441569903,0.8901410422174927,0.8900537557480462,-0.3887432632188414,-0.3887145651254728
144305,100000.0,11.51293546492023,31,961,0,187.0,1080.0,28.42,0.0,0.0,0,0,GK,Goalkeeper,0.9362431985167843,0.8762792837202377,0.18314807102314357,-0.9118325944494728,-0.9118552957557652,-0.3887432632188414,-0.3887145651254728
540641,50000.0,10.819798284210286,25,625,1,194.0,1170.0,30.79,0.0,0.0,0,0,GK,Goalkeeper,-0.17751089896038744,-0.26381890989214457,0.3397583769601156,-0.8689284602431165,-0.8689225074571422,-0.3887432632188414,-0.3887145651254728
826506,100000.0,11.51293546492023,19,361,0,189.0,3540.0,93.16,0.0,0.0,0,0,GK,Goalkeeper,-1.291264996437559,-1.159610347730445,0.2278938727194213,0.2608804071909333,0.2609163137180132,-0.3887432632188414,-0.3887145651254728
649305,150000.0,11.918397239722838,20,400,0,191.0,540.0,14.21,0.0,0.0,0,0,GK,Goalkeeper,-1.1056393135246971,-1.0272775216861505,0.27263967441569903,-1.1692573996876108,-1.1692708745420242,-0.3887432632188414,-0.3887145651254728
1009438,500000.0,13.122365377402328,17,289,0,188.0,4826.0,127.0,47.0,0.029,1,0,GK,Goalkeeper,-1.662516362263283,-1.4039171035045268,0.20552097187128243,0.8739328137395359,0.8739313162603776,0.414770340295831,0.41545035921841333
1075580,500000.0,13.122365377402328,17,289,0,192.0,2431.0,63.97,0.0,0.0,0,0,GK,Goalkeeper,-1.662516362263283,-1.4039171035045268,0.2950125752638379,-0.26779386875183514,-0.2678634712764198,-0.3887432632188414,-0.3887145651254728
989106,100000.0,11.51293546492023,18,324,0,188.0,3060.0,80.53,0.0,0.0,0,0,GK,Goalkeeper,-1.476890679350421,-1.285156875003237,0.20552097187128243,0.03205835809036628,0.032122593797503235,-0.3887432632188414,-0.3887145651254728
488270,75000.0,11.225256725762893,21,441,1,187.0,270.0,7.11,0.0,0.0,0,0,GK,Goalkeeper,-0.9200136306118352,-0.8881583968703538,0.18314807102314357,-1.2979698023066797,-1.2978880884324138,-0.3887432632188414,-0.3887145651254728
133835,75000.0,11.225256725762893,32,1024,0,186.0,180.0,4.74,0.0,0.0,0,0,GK,Goalkeeper,1.1218688814296462,1.0900476950225593,0.16077517017500473,-1.340873936513036,-1.3408208767310368,-0.3887432632188414,-0.3887145651254728
662240,75000.0,11.225256725762893,23,529,1,189.0,832.0,21.89,0.0,0.0,0,0,GK,Goalkeeper,-0.5487622647861113,-0.5895612509242537,0.2278938727194213,-1.0300573198180991,-1.0301469023338279,-0.3887432632188414,-0.3887145651254728
410788,400000.0,12.899222326086994,26,676,1,188.0,3328.0,87.58,0.0,0.0,0,0,GK,Goalkeeper,0.008114783952474518,-0.09076829121883655,0.20552097187128243,0.15981733550484956,0.15983405266049575,-0.3887432632188414,-0.3887145651254728
104220,750000.0,13.527829818844937,30,900,0,194.0,4636.0,122.0,0.0,0.0,0,0,GK,Goalkeeper,0.7506175156039223,0.6692971711894182,0.3397583769601156,0.7833574193038948,0.7833558135206665,-0.3887432632188414,-0.3887145651254728
613265,50000.0,10.819798284210286,23,529,1,184.0,1980.0,52.11,0.0,0.0,0,0,GK,Goalkeeper,-0.5487622647861113,-0.5895612509242537,0.116029368478727,-0.4827912523859096,-0.48270856377501437,-0.3887432632188414,-0.3887145651254728
1023784,75000.0,11.225256725762893,19,361,0,194.0,3420.0,90.0,0.0,0.0,0,0,GK,Goalkeeper,-1.291264996437559,-1.159610347730445,0.3397583769601156,0.20367489491579158,0.2036725959865159,-0.3887432632188414,-0.3887145651254728
1028958,75000.0,11.225256725762893,18,324,0,0.0,390.0,10.26,0.0,0.0,0,0,GK,Goalkeeper,-1.476890679350421,-1.285156875003237,-4.000584387578824,-1.2407642900315379,-1.2408255217063957,-0.3887432632188414,-0.3887145651254728
160249,75000.0,11.225256725762893,30,900,0,188.0,7381.0,194.24,0.0,0.0,0,0,GK,Goalkeeper,0.7506175156039223,0.6692971711894182,0.20552097187128243,2.0919335125977625,2.091990677104012,-0.3887432632188414,-0.3887145651254728
1045957,50000.0,10.819798284210286,18,324,0,190.0,1980.0,52.11,0.0,0.0,0,0,GK,Goalkeeper,-1.476890679350421,-1.285156875003237,0.25026677356756016,-0.4827912523859096,-0.48270856377501437,-0.3887432632188414,-0.3887145651254728
1009439,150000.0,11.918397239722838,17,289,0,185.0,4833.0,127.18,53.0,0.0327,1,0,GK,Goalkeeper,-1.662516362263283,-1.4039171035045268,0.13840226932686586,0.8772698019555858,0.8771920343590073,0.5173465449998317,0.5180507116347022
930004,50000.0,10.819798284210286,19,361,0,204.0,3825.0,100.66,0.0,0.0,0,0,GK,Goalkeeper,-1.291264996437559,-1.159610347730445,0.5634873854415042,0.396743498844395,0.3967795678275798,-0.3887432632188414,-0.3887145651254728
884818,150000.0,11.918397239722838,18,324,0,195.0,5615.0,147.76,4.0,0.0025,0,0,GK,Goalkeeper,-1.476890679350421,-1.285156875003237,0.3621312778082545,1.250059056948593,1.2500008036356576,-0.32035912674950756,-0.3193900026820343
605757,300000.0,12.611541086966115,22,484,1,188.0,4320.0,113.68,0.0,0.0,0,0,GK,Goalkeeper,-0.7343879476989733,-0.742252973283055,0.20552097187128243,0.6327162369793548,0.6326381769617875,-0.3887432632188414,-0.3887145651254728
371863,1000000.0,13.815511557963774,25,625,1,199.0,7193.0,189.29,172.0,0.106,1,0,GK,Goalkeeper,-0.17751089896038744,-0.26381890989214457,0.4516228812008099,2.0023115433667074,2.0023209293916975,2.5517746049625125,2.5506468824763178
271516,150000.0,11.918397239722838,30,900,0,189.0,2070.0,54.47,0.0,0.0,0,0,GK,Goalkeeper,0.7506175156039223,0.6692971711894182,0.2278938727194213,-0.4398871181795533,-0.43995692648187074,-0.3887432632188414,-0.3887145651254728
729638,800000.0,13.592368256649284,22,484,1,187.0,3060.0,80.53,29.0,0.0179,0,0,GK,Goalkeeper,-0.7343879476989733,-0.742252973283055,0.18314807102314357,0.03205835809036628,0.032122593797503235,0.1070417261838288,0.10764930196954653
808943,10000.0,9.210440366976517,22,484,1,192.0,976.0,25.68,0.0,0.0,0,0,GK,Goalkeeper,-0.7343879476989733,-0.742252973283055,0.2950125752638379,-0.961410705087929,-0.961490671257127,-0.3887432632188414,-0.3887145651254728
1083190,800000.0,13.592368256649284,20,400,0,184.0,2340.0,61.58,0.0,0.0,0,0,GK,Goalkeeper,-1.1056393135246971,-1.0272775216861505,0.116029368478727,-0.3111747155604843,-0.31115856158600164,-0.3887432632188414,-0.3887145651254728
1241968,100000.0,11.51293546492023,17,289,0,193.0,2372.0,62.42,0.0,0.0,0,0,GK,Goalkeeper,-1.662516362263283,-1.4039171035045268,0.31738547611197676,-0.2959199122871132,-0.29594187712573017,-0.3887432632188414,-0.3887145651254728
358341,50000.0,10.819798284210286,32,1024,0,190.0,1290.0,33.95,0.0,0.0,0,0,GK,Goalkeeper,1.1218688814296462,1.0900476950225593,0.25026677356756016,-0.8117229479679747,-0.8116787897256448,-0.3887432632188414,-0.3887145651254728
1166036,50000.0,10.819798284210286,19,361,0,195.0,2475.0,65.13,0.0,0.0,0,0,GK,Goalkeeper,-1.291264996437559,-1.159610347730445,0.3621312778082545,-0.2468185142509498,-0.24684995464080686,-0.3887432632188414,-0.3887145651254728
1159511,600000.0,13.304686600863562,17,289,0,190.0,2385.0,62.76,0.0,0.0,0,1,GK,Goalkeeper,-1.662516362263283,-1.4039171035045268,0.25026677356756016,-0.28972264845730616,-0.28978274293942985,-0.3887432632188414,-0.3887145651254728
1161403,400000.0,12.899222326086994,17,289,0,190.0,4081.0,107.39,0.0,0.0,0,0,GK,Goalkeeper,-1.662516362263283,-1.4039171035045268,0.25026677356756016,0.5187819250313641,0.5186941945152309,-0.3887432632188414,-0.3887145651254728
678503,600000.0,13.304686600863562,23,529,1,191.0,4410.0,116.05,0.0,0.0,0,0,GK,Goalkeeper,-0.5487622647861113,-0.5895612509242537,0.27263967441569903,0.675620371185711,0.6755709652604104,-0.3887432632188414,-0.3887145651254728
725356,200000.0,12.206077645517674,23,529,1,187.0,480.0,12.63,0.0,0.0,0,0,GK,Goalkeeper,-0.5487622647861113,-0.5895612509242537,0.18314807102314357,-1.1978601558251816,-1.1978927334077727,-0.3887432632188414,-0.3887145651254728
723561,2000000.0,14.508658238524095,27,729,1,191.0,360.0,9.47,178.0,0.1097,1,0,GK,Goalkeeper,0.19374046686533647,0.08906862622597374,0.27263967441569903,-1.2550656681003234,-1.2551364511392702,2.6543508096665134,2.653247234892607
